Customer ID,frequency_cal,monetary_value_cal,expected_avg_spend,CLV_3M,p_alive,clv_segment
12346.0,6.0,47.14333333333334,49.19270225564431,86.89674906362464,0.9971164901495622,D - Low Value
12349.0,1.0,200.0,247.07836378155423,179.92092565774755,0.9392206399717857,D - Low Value
12358.0,1.0,268.1,329.70082509035535,146.09222143815737,0.975061884354247,D - Low Value
12359.0,4.0,312.83500000000004,328.167843647023,397.66640123659965,0.9969334414072494,B - High Value
12360.0,2.0,331.02,364.91520984358186,330.3518334499779,0.990235755529985,C - Medium
12361.0,2.0,106.075,118.29623351157838,97.9719520296217,0.9974968909327379,D - Low Value
12370.0,1.0,211.66,261.224882120183,135.38559282972196,0.9310646956924351,D - Low Value
12373.0,1.0,325.15000000000003,398.91685178150226,203.76197963343594,0.9339992714978036,C - Medium
12380.0,3.0,1311.3966666666665,1394.305055873939,1688.6232384384261,0.998532198555268,A - VIP / Whale
12389.0,1.0,398.18,487.5206454581799,274.2417065958176,0.9636601082022662,C - Medium
12391.0,3.0,533.38,567.8677215856117,687.7508912896244,0.9985529351757365,A - VIP / Whale
12395.0,1.0,251.38,309.41525162364235,220.7855915187987,0.9798404345915602,C - Medium
12399.0,1.0,333.47,409.0111084347949,243.17937987448016,0.9765874806502942,C - Medium
12402.0,2.0,266.775,294.4800539857074,253.65403488212473,0.9951128156912545,C - Medium
12406.0,1.0,748.0,911.9404606570757,441.3162891704438,0.9593773162832936,B - High Value
12409.0,2.0,156.54,173.62365417260466,237.17084148060434,0.9906266460057648,C - Medium
12412.0,1.0,505.90999999999997,618.2242835902965,624.2390484569142,0.9785057483314874,B - High Value
12415.0,2.0,195.62,216.46910348267912,377.67646002522474,0.9936814090974708,B - High Value
12417.0,6.0,281.27500000000003,290.39020664942836,501.71693293465177,0.9984083364968392,B - High Value
12418.0,1.0,535.37,653.9666875573638,401.4473135185038,0.9531866743980568,B - High Value
12422.0,6.0,487.17833333333334,502.5074774715218,898.5202498352915,0.9973398002783794,A - VIP / Whale
12431.0,8.0,315.78125,323.34163462633023,819.5752060835705,0.9995081689548215,A - VIP / Whale
12435.0,2.0,1283.6000000000001,1409.278518538329,982.9567321919451,0.9971967807939253,A - VIP / Whale
12437.0,11.0,463.9418181818182,471.8126978521635,1403.047587917603,0.9996956137068994,A - VIP / Whale
12439.0,1.0,76.52000000000001,97.2660066242743,40.735386834969816,0.9054706599548119,D - Low Value
12440.0,1.0,290.69,357.1081878064466,166.69083002407694,0.9852473385072527,D - Low Value
12451.0,1.0,1483.09,1803.7898745115049,1961.9351622862737,0.9842676245042548,A - VIP / Whale
12455.0,2.0,646.76,711.0774965673,516.9634551044877,0.9917658144387274,B - High Value
12468.0,2.0,1249.985,1372.4246347471785,1133.7619960189718,0.9949794177466968,A - VIP / Whale
12469.0,1.0,1113.7,1355.6267176413428,1369.8665570687904,0.9598104462700551,A - VIP / Whale
12471.0,20.0,564.5645000000001,569.754237784171,3034.0786600072697,0.9998351275120713,A - VIP / Whale
12472.0,9.0,704.8577777777778,719.3113611864034,1838.2092289180184,0.9994328982677446,A - VIP / Whale
12474.0,5.0,382.56399999999996,397.2590938914348,726.2436452266329,0.9989009439249361,A - VIP / Whale
12477.0,1.0,2464.63,2994.645244159679,1933.9142024108614,0.9737662651064691,A - VIP / Whale
12481.0,1.0,306.0,375.6830759509069,239.95940010797193,0.8975702438231186,C - Medium
12482.0,5.0,3450.728,3577.2104199151668,6716.335821534169,0.9779236813413569,A - VIP / Whale
12483.0,5.0,210.28000000000003,218.69799538018432,382.61270017082114,0.9937563077374855,B - High Value
12484.0,5.0,252.62600000000003,262.58685492348155,455.428799941599,0.9988080200495503,B - High Value
12490.0,8.0,360.78125,369.3525456803277,815.8878955783571,0.9995690950915351,A - VIP / Whale
12500.0,5.0,214.22199999999998,222.78362057074955,396.46938718521636,0.9968718482876127,B - High Value
12510.0,5.0,751.914,780.0662131545726,1142.9622453120198,0.9992857539417231,A - VIP / Whale
12523.0,7.0,273.3314285714286,280.9063240038907,558.7706924828025,0.9985845145649279,B - High Value
12524.0,4.0,825.12,863.9984355974631,1291.8761612815224,0.9990609851143996,A - VIP / Whale
12525.0,2.0,203.64999999999998,225.2728127447031,211.48590182630164,0.9961344594965994,C - Medium
12527.0,1.0,85.0,107.55438359782251,115.89175207456336,0.9750769878092994,D - Low Value
12530.0,2.0,404.87,445.8808298934539,427.1510963875164,0.9968823845870475,B - High Value
12533.0,1.0,437.97,535.7959426017511,227.76575765132264,0.9545198751907271,C - Medium
12540.0,9.0,563.4100000000001,575.0461000705994,1439.7955569676278,0.9995437032939868,A - VIP / Whale
12542.0,1.0,117.09,146.48764032909165,89.00527138360992,0.9824210080174824,D - Low Value
12549.0,4.0,254.315,266.9581532580017,360.04270113337054,0.9909281381051875,B - High Value
12557.0,1.0,1708.56,2077.341803311731,945.5337250369029,0.9753278862959872,A - VIP / Whale
12567.0,3.0,484.8733333333333,516.3421926185212,615.9965763991729,0.9979782015424907,B - High Value
12575.0,1.0,281.02,345.37604095099715,384.2699207108793,0.9854236368610572,B - High Value
12576.0,1.0,180.87,223.86885299099086,249.0317313672486,0.9852349403083643,C - Medium
12583.0,7.0,465.22999999999996,477.7475483827199,948.1214093869637,0.9991685858369103,A - VIP / Whale
12589.0,1.0,2273.5,2762.756389094317,1409.3139629636642,0.9851070877506406,A - VIP / Whale
12594.0,2.0,311.7,343.7336827025727,324.4262646527443,0.9976071690683268,C - Medium
12598.0,2.0,440.81,485.2837328669461,454.430008916818,0.9974469323094768,B - High Value
12599.0,2.0,123.74000000000001,137.66329753569468,177.24676214987335,0.9970100176254134,D - Low Value
12600.0,6.0,209.00333333333333,215.9374600963659,374.3885345496736,0.99899981560765,B - High Value
12609.0,3.0,378.9866666666667,403.86556032271346,404.62072741024747,0.9978458443102826,B - High Value
12613.0,3.0,563.2466666666667,599.5931709771132,590.2979764684696,0.9983148568181434,B - High Value
12615.0,1.0,1212.0,1474.8893893983934,926.0622902031889,0.9789847769584594,A - VIP / Whale
12621.0,9.0,637.5744444444445,650.6878182465865,2001.2883949955522,0.9994143185347423,A - VIP / Whale
12623.0,4.0,375.2175,393.4175618748616,536.6412210549383,0.9989736376866112,B - High Value
12625.0,1.0,1511.37,1838.1006411166868,1344.1999762132373,0.9760587058746845,A - VIP / Whale
12631.0,3.0,700.9633333333333,745.8807760675021,811.6684688885732,0.9987079951048016,A - VIP / Whale
12632.0,1.0,410.56,502.540705237959,430.9092140254362,0.9684516851830984,B - High Value
12633.0,1.0,689.09,840.4677852429572,933.2022120332476,0.9762845569756801,A - VIP / Whale
12634.0,1.0,130.0,162.15072366971754,150.521731457786,0.9531695855926725,D - Low Value
12637.0,1.0,215.95,266.429733207037,260.94029291382446,0.974241078551632,C - Medium
12643.0,2.0,53.1,60.21696848595929,65.13369113239776,0.9882167817876948,D - Low Value
12644.0,1.0,196.20000000000002,242.4680061754831,109.96667517224998,0.8903836211693142,D - Low Value
12645.0,2.0,460.03499999999997,506.36110653598854,440.30107783859717,0.9974369203313894,B - High Value
12647.0,17.0,582.4905882352941,588.7930106082306,3005.7448393771747,0.999816545912086,A - VIP / Whale
12648.0,1.0,106.05,133.0933382314534,61.937567807555254,0.9345177980035602,D - Low Value
12649.0,2.0,237.74999999999997,262.6584274190516,206.02697319108643,0.989720373955678,C - Medium
12656.0,1.0,535.25,653.8210973171721,571.7384381616607,0.9764291720261561,B - High Value
12662.0,5.0,282.57800000000003,293.6301440426625,651.3816440765897,0.9984991490315286,B - High Value
12663.0,1.0,85.65,108.34299739886099,56.15116298548239,0.9310646956924351,D - Low Value
12664.0,1.0,639.08,779.7930526430579,352.47556253945123,0.9801659569735486,C - Medium
12668.0,3.0,915.5366666666665,973.8083015395708,1110.7975163831943,0.9919556400540951,A - VIP / Whale
12675.0,1.0,12.75,19.896926482391056,15.512588970738264,0.9505774055868006,D - Low Value
12677.0,1.0,204.4,252.41667258858396,137.16729366449775,0.9692648723850111,D - Low Value
12678.0,6.0,1581.7016666666666,1630.0623283777743,3107.1684731979894,0.9993571822459961,A - VIP / Whale
12681.0,16.0,608.070625,615.0554563897352,2691.30935209252,0.9998060888205147,A - VIP / Whale
12682.0,15.0,528.392,534.9032692240438,2125.5040931709177,0.9997933766753717,A - VIP / Whale
12683.0,5.0,579.766,601.646069748831,905.0410133967594,0.9993204256765821,A - VIP / Whale
12695.0,2.0,165.68,183.64431452813386,160.9486265853884,0.9945545052644492,D - Low Value
12701.0,3.0,367.1266666666667,391.2674410219364,528.1004160156217,0.9950686998061934,B - High Value
12703.0,2.0,82.725,92.69640645450984,74.21938153204533,0.9709097998823463,D - Low Value
12708.0,6.0,300.355,310.04602018953074,555.5576806012318,0.9994493847869601,B - High Value
12709.0,10.0,1544.23,1572.2298823322517,4360.650610620847,0.9985567508826814,A - VIP / Whale
12711.0,1.0,789.75,962.5937317237784,492.7228503449472,0.9458261183895232,B - High Value
12712.0,5.0,261.102,271.37167458741635,403.21538122152845,0.9987552692113214,B - High Value
12714.0,5.0,1429.9940000000001,1482.8517862693643,2172.7680229287507,0.9993207272236843,A - VIP / Whale
12720.0,2.0,197.55,218.58506349210705,450.49710657509667,0.9964976109605743,B - High Value
12724.0,1.0,402.15999999999997,492.3493884245386,506.6413437401287,0.9708039627623304,B - High Value
12725.0,1.0,220.0,271.34340381350756,201.56285937805745,0.9342795046015605,C - Medium
12726.0,1.0,155.51999999999998,193.11291475048998,123.2709826621891,0.9666200568541333,D - Low Value
12727.0,1.0,534.4300000000001,652.8262306758621,371.17726882914997,0.9703718669543953,B - High Value
12731.0,3.0,1052.6333333333332,1119.4373202921454,1432.655025344528,0.9974289798019745,A - VIP / Whale
12733.0,1.0,508.1,620.8813054737955,315.5734131284314,0.9815447497676739,C - Medium
12741.0,1.0,170.0,210.68080373362423,215.4115128141577,0.9514844424946669,C - Medium
12744.0,1.0,2784.82,3383.116402551236,2558.948769545134,0.9852884291584794,A - VIP / Whale
12745.0,2.0,361.925,398.7979788028411,330.05520038321185,0.9968144800722745,C - Medium
12747.0,11.0,263.5290909090909,268.1455749886005,808.8677397412466,0.9995516349927477,A - VIP / Whale
12748.0,56.0,203.46553571428572,204.1715478359602,2946.674100283648,0.9999401531486797,A - VIP / Whale
12755.0,5.0,279.552,290.493892945085,483.6990339567777,0.9981670789128808,B - High Value
12758.0,4.0,1164.2425,1218.7076500361316,1463.0607529043705,0.9990736221401328,A - VIP / Whale
12759.0,2.0,845.9350000000001,929.4434731879264,651.1313164010303,0.9958488980733042,B - High Value
12761.0,1.0,25.0,34.75926350196248,70.1844230952351,0.9851133695517064,D - Low Value
12765.0,5.0,251.516,261.4364125182234,525.2171785186513,0.9990023598918781,B - High Value
12779.0,4.0,392.765,411.77157831541786,497.1730532037627,0.9990733287501478,B - High Value
12785.0,1.0,421.55,515.8743447355174,229.15032502455534,0.9774660191417245,C - Medium
12788.0,3.0,94.60000000000001,101.77979689800982,241.19079516266004,0.9984074081628569,C - Medium
12789.0,1.0,92.25,116.35046060940559,58.24865957042415,0.9796417514639663,D - Low Value
12791.0,2.0,204.215,225.8922518148206,226.1981890358478,0.968176659998448,C - Medium
12800.0,1.0,180.92,223.92951559107073,119.29778673778975,0.9844024238432874,D - Low Value
12802.0,2.0,415.09000000000003,457.08555077239356,635.5786223925011,0.9970004202275407,B - High Value
12804.0,1.0,147.09,182.88520037702168,250.14697435614266,0.9832757770356747,C - Medium
12805.0,2.0,362.42499999999995,399.34615497108666,339.7990814694786,0.9969530501801219,C - Medium
12806.0,2.0,754.73,829.4506583382504,1007.5463765410459,0.9953509127136321,A - VIP / Whale
12809.0,1.0,632.95,772.3558178732642,447.6195170034398,0.9630943449123716,B - High Value
12810.0,1.0,375.33,459.79783722167315,242.67063692202476,0.9752185068350909,C - Medium
12813.0,2.0,721.8,793.3477758975965,632.6066317065132,0.9963224713551625,B - High Value
12820.0,4.0,285.5825,299.66276696679734,363.580467513829,0.9981850178253477,B - High Value
12823.0,8.0,301.625,308.8673688572602,820.5447583386422,0.999502544270999,A - VIP / Whale
12825.0,1.0,303.8,373.01392154739204,224.26843828866774,0.9759898142101412,C - Medium
12826.0,2.0,304.265,335.58230308076094,245.3090644584264,0.9971965602584512,C - Medium
12835.0,33.0,164.52757575757576,165.51978484652278,1416.4192649988463,0.999614365163623,A - VIP / Whale
12836.0,7.0,339.41285714285715,348.689784880481,682.246375829535,0.9993642107726927,A - VIP / Whale
12838.0,3.0,316.93333333333334,337.9502739530491,549.6781862099015,0.9984876361796985,B - High Value
12839.0,8.0,330.0825,337.96415777546315,759.4736497102076,0.999439213210006,A - VIP / Whale
12840.0,1.0,491.69,600.9718401275777,318.23187940352744,0.9716635485719857,C - Medium
12841.0,3.0,131.78,141.2737324463143,357.75111868570355,0.9983316893566334,B - High Value
12843.0,14.0,296.8171428571428,300.85504523848573,1159.2675518745323,0.9996689279006804,A - VIP / Whale
12853.0,2.0,470.0,517.286257569123,442.93035318065154,0.9962297083586016,B - High Value
12854.0,3.0,381.39333333333326,406.42200836519817,395.1964680957884,0.9948032910742248,B - High Value
12857.0,2.0,634.7,697.8554873892167,575.4444674385354,0.9965360060120211,B - High Value
12863.0,3.0,351.5333333333333,374.7036405472216,616.1498453067206,0.9946088733452513,B - High Value
12866.0,1.0,325.4,399.22016478190164,534.9483733480438,0.9804862835944153,B - High Value
12867.0,3.0,649.7966666666666,691.5296992639811,684.5031817621405,0.9977754958284318,A - VIP / Whale
12870.0,1.0,282.70000000000005,347.4143043136813,225.5597283048636,0.9831507843436723,C - Medium
12872.0,6.0,267.2816666666667,275.974569814811,472.7080267712357,0.9984243362942875,B - High Value
12875.0,2.0,354.24,390.3725110969066,307.54767688751866,0.9972876831279065,C - Medium
12877.0,4.0,147.21,154.9304039566325,215.494547826861,0.9988047676758361,C - Medium
12889.0,1.0,71.6,91.29680677641376,122.6190222093588,0.9827530077957362,D - Low Value
12891.0,7.0,69.78571428571429,72.11796607712607,182.2627879627725,0.9995066730006268,D - Low Value
12898.0,1.0,152.64000000000001,189.61874898588874,107.4214886601074,0.9850283313680339,D - Low Value
12905.0,1.0,424.76,519.7688836606459,265.7695943501928,0.9644906736876454,C - Medium
12908.0,1.0,318.0,390.2420999700789,245.98225375816133,0.978756566904402,C - Medium
12909.0,1.0,302.5,371.4366939453151,210.7046364630591,0.9645141533341175,C - Medium
12910.0,1.0,321.42,394.39142181554297,258.6912566228463,0.9806337347479768,C - Medium
12913.0,4.0,341.445,358.0928136065222,427.77970415095126,0.9941667636361464,B - High Value
12915.0,1.0,405.15,495.9770119093156,378.1661628926321,0.9834262284147368,B - High Value
12916.0,1.0,776.29,946.2633597822737,473.84717334448527,0.9509825280810752,B - High Value
12917.0,2.0,766.6500000000001,842.519178189225,599.3185322231382,0.996606365382663,B - High Value
12920.0,1.0,184.96,228.83105367752532,102.71827904768826,0.9705019168550271,D - Low Value
12921.0,18.0,669.1088888888888,675.9118873197808,3196.902211469939,0.999808353058424,A - VIP / Whale
12924.0,3.0,312.81333333333333,333.57386151466784,322.45370965336,0.994772023244464,C - Medium
12926.0,1.0,221.74,273.4544622962875,118.86728171545033,0.9398119001443795,D - Low Value
12928.0,2.0,313.05,345.2137583568358,520.4988481678579,0.9946070778348678,B - High Value
12931.0,19.0,1214.3515789473684,1225.8843176476148,6105.747842552912,0.999587668010697,A - VIP / Whale
12932.0,6.0,212.3066666666667,219.34048441821105,466.50071949629137,0.993934365960455,B - High Value
12935.0,4.0,252.16750000000002,264.7119500777142,506.83261311189017,0.9970705520665933,B - High Value
12937.0,4.0,355.82,373.12851591927307,450.49146890168765,0.9990202252950072,B - High Value
12939.0,5.0,1469.424,1523.7184025210104,2515.1149446841227,0.999237254183435,A - VIP / Whale
12943.0,1.0,180.64999999999998,223.60193755063935,153.66979715577213,0.9569353975495589,D - Low Value
12948.0,1.0,124.0,154.87121166013154,56.5126931762998,0.817013229503217,D - Low Value
12949.0,8.0,776.125,794.0268643044113,1763.976889395185,0.9995222925249982,A - VIP / Whale
12951.0,5.0,188.52,196.14517849872803,321.40292565399375,0.9983857762007252,C - Medium
12956.0,2.0,180.41,199.7935844446486,137.4792405344969,0.9471441051623906,D - Low Value
12957.0,3.0,1193.8266666666666,1269.4179659757638,1236.0641275765981,0.9961798170933973,A - VIP / Whale
12960.0,2.0,366.1,403.3752498076917,359.5280195829385,0.9968425673675495,B - High Value
12963.0,2.0,117.6,130.93169418963896,243.30451858319313,0.9974485541669467,C - Medium
12971.0,13.0,206.93846153846155,210.0593516748098,758.9984220080011,0.9995499669085328,A - VIP / Whale
12972.0,2.0,274.765,303.2399091542718,267.580026586743,0.9868937863800922,C - Medium
12975.0,2.0,403.28,444.1376296784329,313.097825487946,0.996323676253341,C - Medium
12976.0,4.0,408.625,428.36053404969465,649.5100382866424,0.9986991548550771,B - High Value
12977.0,1.0,253.44,311.9145507469335,382.47329055428224,0.968039688415418,B - High Value
12978.0,3.0,333.62666666666667,355.6825340593705,337.35619948707773,0.9732015904530882,C - Medium
12980.0,8.0,646.035,661.0144327707551,1464.3891575964337,0.9996004743721785,A - VIP / Whale
12982.0,4.0,268.5725,281.8709550475005,541.7943601685014,0.996395259128933,B - High Value
12986.0,5.0,405.462,420.9913733469305,715.8504476217004,0.9992779934507221,A - VIP / Whale
12987.0,1.0,178.35,220.81145794696474,109.03716750076487,0.950444024583776,D - Low Value
12989.0,11.0,368.5945454545454,374.91713152006605,1139.9345596436278,0.9987093689761977,A - VIP / Whale
12990.0,1.0,156.0,193.69527571125687,127.84319997531651,0.978292665807851,D - Low Value
12993.0,1.0,266.9,328.2449226884381,172.87054752085527,0.9157181508863681,D - Low Value
12997.0,2.0,287.765,317.49248952865685,344.93846156211896,0.997048507351761,C - Medium
12998.0,2.0,309.94,341.8041025903483,313.72191513991277,0.9964529079709739,C - Medium
13001.0,15.0,703.6906666666667,712.280428748834,2846.543388437664,0.999773599407133,A - VIP / Whale
13004.0,13.0,330.0261538461539,334.83408403876206,1209.998572900367,0.9996796579473538,A - VIP / Whale
13012.0,1.0,405.62,496.54724035006655,369.6936410955981,0.9746155145746292,B - High Value
13013.0,9.0,442.02777777777777,451.24607819102937,1152.32288574793,0.9987030253266427,A - VIP / Whale
13015.0,2.0,580.825,638.7895052607556,722.1010937666745,0.9957331903326854,A - VIP / Whale
13018.0,1.0,645.65,787.7641182935545,453.8481269255186,0.9610909666505971,B - High Value
13019.0,3.0,175.28333333333333,187.48454048297575,179.62733167251272,0.9945980342226886,D - Low Value
13020.0,1.0,170.95000000000002,211.83339313514202,117.7063052689582,0.9661490632638078,D - Low Value
13021.0,3.0,332.32,354.29454564849226,339.27380178674883,0.996972829819645,C - Medium
13024.0,1.0,308.04,378.15811003416616,298.8008135920472,0.9836522700220526,C - Medium
13026.0,3.0,140.58,150.62140949916744,147.819131949318,0.9981216381563673,D - Low Value
13027.0,9.0,771.4666666666667,787.2470254941591,2259.84322702146,0.9993952886025119,A - VIP / Whale
13031.0,2.0,620.96,682.7916062858283,999.2807785224559,0.9954016254755323,A - VIP / Whale
13032.0,1.0,208.47,257.35460823508646,548.0484062565597,0.9843007715613176,B - High Value
13037.0,6.0,427.73166666666674,441.26677539706594,756.5559573262686,0.999380963866868,A - VIP / Whale
13039.0,3.0,282.6433333333334,301.52620052778394,297.6293788440255,0.9920208286710158,C - Medium
13041.0,2.0,175.46,194.36664037901738,234.96749519127187,0.9955276716480688,C - Medium
13042.0,2.0,444.22,489.02229433438094,343.44840775704836,0.989715608400464,C - Medium
13044.0,9.0,457.34222222222223,466.865569436005,1287.8926101711954,0.9988266847961523,A - VIP / Whale
13047.0,9.0,472.4933333333334,482.3184739282409,1239.9688409543655,0.9994649215791871,A - VIP / Whale
13048.0,3.0,492.6466666666667,524.5993073485415,593.4561202599087,0.9973798477249468,B - High Value
13050.0,11.0,341.3454545454546,347.22555712943387,1072.4929381395493,0.9996834004512226,A - VIP / Whale
13051.0,1.0,80.8,102.4587251911123,65.5027334949327,0.9475904368409703,D - Low Value
13052.0,3.0,501.2866666666667,533.7770266367974,662.392280430762,0.9932888896202673,B - High Value
13057.0,2.0,184.29999999999998,204.05839503359917,203.6445008181604,0.9935194570068863,C - Medium
13059.0,5.0,258.456,268.6292686375849,593.6807867748932,0.999090106387784,B - High Value
13064.0,1.0,321.6,394.60980717583055,290.1643688127117,0.9578443439061363,C - Medium
13065.0,1.0,210.47000000000003,259.7811122382818,250.28980047131114,0.983113925495512,C - Medium
13069.0,6.0,360.27666666666664,371.7760572446757,1431.0902458035982,0.9994363153087172,A - VIP / Whale
13070.0,2.0,184.35,204.11321265042375,144.4913306441445,0.9975811705569838,D - Low Value
13074.0,3.0,355.1466666666667,378.54185339771135,374.5772915976162,0.9974605779508497,B - High Value
13077.0,4.0,324.02750000000003,339.8747722129683,419.99596123533183,0.999017636112175,B - High Value
13078.0,22.0,488.71863636363634,492.82192938370645,2827.6959232409617,0.9997904462593081,A - VIP / Whale
13080.0,1.0,90.45,114.16660700652979,76.98485603341452,0.9562357196766521,D - Low Value
13081.0,10.0,1837.641,1870.8904062933952,5178.527207025487,0.9994552757909109,A - VIP / Whale
13082.0,7.0,442.13428571428574,454.056967238421,945.2522190120112,0.9995141714159566,A - VIP / Whale
13085.0,2.0,683.05,750.8641228585641,503.67996318176984,0.9617871902440402,B - High Value
13089.0,49.0,754.4851020408164,757.2760256937494,9525.710603276008,0.9998404952422985,A - VIP / Whale
13090.0,2.0,352.325,388.272996372526,890.6344642590741,0.9963198574942034,A - VIP / Whale
13092.0,5.0,216.79000000000002,225.44518462183322,410.8269040926082,0.9992889693206409,B - High Value
13093.0,24.0,1027.9354166666667,1035.6724457844302,6520.670883497198,0.999838903643682,A - VIP / Whale
13097.0,11.0,482.0054545454545,490.16965999074563,1452.7670562803428,0.9992107989180199,A - VIP / Whale
13101.0,2.0,212.82999999999998,235.33732719369192,195.34863353425553,0.9963705388100244,C - Medium
13102.0,6.0,324.06666666666666,334.4732790325632,1028.4098870487157,0.9991689061431108,A - VIP / Whale
13104.0,1.0,181.56,224.70599687209327,128.7215231544394,0.9739929763116268,D - Low Value
13107.0,2.0,849.145,932.962764188063,793.9578863859886,0.9936062821465936,A - VIP / Whale
13110.0,3.0,194.97333333333336,208.39996788873464,196.97509234908915,0.9954108261987843,C - Medium
13113.0,6.0,542.62,559.6223130245883,1431.2091555179077,0.9981375958667694,A - VIP / Whale
13115.0,3.0,344.6666666666667,367.40961981658626,576.8263496485432,0.9968539288156698,B - High Value
13117.0,6.0,105.92999999999999,109.75348625166896,278.5368878584962,0.998983625705765,C - Medium
13123.0,1.0,151.31,188.00512382376382,204.06465890588746,0.9822286691239365,C - Medium
13126.0,2.0,311.995,344.0571066418376,322.98433921657227,0.9960846699037951,C - Medium
13131.0,1.0,742.17,904.8672014877613,488.45986482204046,0.9697638445024958,B - High Value
13136.0,2.0,867.215,952.7738509084583,675.856816566313,0.9967319327480053,A - VIP / Whale
13137.0,1.0,125.66,156.88520998278366,211.21571822474885,0.9851136840709861,C - Medium
13141.0,6.0,499.63166666666666,515.3366387897996,896.6661731652907,0.996732211995101,A - VIP / Whale
13145.0,1.0,102.0,128.17966762498284,92.24084853820322,0.9743205638022842,D - Low Value
13148.0,7.0,430.0914285714286,441.7039271539007,878.6246095504064,0.9985845145649279,A - VIP / Whale
13150.0,1.0,273.45,336.19172329890284,212.67013813159699,0.9822556338380355,C - Medium
13151.0,1.0,301.5,370.22344194371743,213.68584256500765,0.8851190334380332,C - Medium
13152.0,4.0,301.195,315.9928471308198,432.86975489662746,0.9967236744631771,B - High Value
13154.0,1.0,675.88,824.440726301852,363.3608533189658,0.9811545051596551,B - High Value
13156.0,1.0,445.68,545.1501155340691,255.27571089913,0.8652567865136149,C - Medium
13157.0,2.0,1426.29,1565.717033432252,1506.195216184221,0.9970946348327246,A - VIP / Whale
13162.0,10.0,658.382,670.5328504216179,1834.6759559360848,0.999493176144103,A - VIP / Whale
13164.0,1.0,96.4,121.38545641603591,65.42322985123492,0.9647928111203969,D - Low Value
13173.0,6.0,237.02499999999998,244.80479002733557,425.74306899791554,0.993332810510184,B - High Value
13174.0,4.0,824.4975,863.3473243147022,1040.5193709779535,0.9944000672588714,A - VIP / Whale
13175.0,1.0,512.3,625.9769638805055,272.4008214039519,0.9687434168590486,C - Medium
13178.0,7.0,928.4614285714285,952.9102392352384,1948.0645679416489,0.9994274715803033,A - VIP / Whale
13183.0,3.0,421.92666666666673,449.47797539652186,603.6239738265523,0.9981565011896958,B - High Value
13190.0,2.0,211.78,234.18615724037622,165.2930938831791,0.994651768940358,D - Low Value
13192.0,2.0,460.86,507.2655972135938,413.2105494340566,0.9944532391083306,B - High Value
13196.0,1.0,423.90999999999997,518.7376194592878,346.51253291302305,0.9815366314783173,C - Medium
13199.0,15.0,276.794,280.32210536968006,1126.6506883691968,0.9996863671122856,A - VIP / Whale
13201.0,3.0,307.9533333333333,328.41139441502395,428.4937326198327,0.9972445665905526,B - High Value
13202.0,4.0,225.35750000000002,236.6697115382463,289.96580104714246,0.9963179792829127,C - Medium
13203.0,3.0,220.79,235.82336136386624,234.30430693160616,0.9985354653491542,C - Medium
13206.0,10.0,699.73,712.6206226753691,1966.8965985784453,0.9995231222759106,A - VIP / Whale
13208.0,1.0,300.12,368.5491541815126,161.4325546173581,0.9779209142874051,D - Low Value
13209.0,4.0,590.15,618.2287679503625,876.1596985763306,0.9974722782898822,A - VIP / Whale
13211.0,3.0,217.75333333333333,232.5977046232794,223.50352759448128,0.9975153744674334,C - Medium
13213.0,1.0,319.4,391.9406527723156,330.83407219652884,0.975009183445693,C - Medium
13214.0,4.0,186.3225,195.84058877106506,318.7337839033926,0.9984522718379226,C - Medium
13223.0,2.0,193.86,214.53952337045467,188.02565014594356,0.9945545052644492,D - Low Value
13225.0,5.0,1354.902,1405.0238393363534,2138.3017620732926,0.9990636286459527,A - VIP / Whale
13230.0,10.0,179.01600000000002,182.59033726036142,712.9051874964546,0.9988024585678255,A - VIP / Whale
13234.0,1.0,118.10000000000001,147.7130248507053,61.74708037544972,0.9225430321849167,D - Low Value
13239.0,2.0,324.6,357.87662784330865,761.01902499703,0.9933274846901046,A - VIP / Whale
13240.0,1.0,114.17,142.94494448442646,79.68875021380511,0.9442918666975063,D - Low Value
13242.0,2.0,136.5,151.65275334932187,131.8575099924161,0.9973569123295448,D - Low Value
13249.0,4.0,141.86,149.33450779153915,211.8478367143487,0.9984599076003581,C - Medium
13250.0,1.0,120.0,150.01820365374087,201.87238153850092,0.9846345404703889,C - Medium
13259.0,4.0,168.74,177.44996366400824,238.72780714090567,0.9916570018213169,C - Medium
13266.0,4.0,374.4275,392.5912519738478,493.3849411246689,0.9980692524056877,B - High Value
13267.0,7.0,353.3328571428571,362.96831662230375,721.6579204136871,0.9981030654826852,A - VIP / Whale
13269.0,5.0,369.748,383.9761480664007,558.8707179700111,0.9983713347323179,B - High Value
13276.0,1.0,222.7,274.6191842178212,165.08919233692077,0.9797210248387351,D - Low Value
13277.0,1.0,146.6,182.29070689623882,184.900331760975,0.9829505515595193,D - Low Value
13278.0,1.0,336.92,413.1968278403068,285.03693386964267,0.9826588393242577,C - Medium
13283.0,1.0,151.9,188.72094250470644,112.14664617586001,0.960835606702867,D - Low Value
13285.0,1.0,315.17,386.80859680555756,237.00742340611544,0.9278378700616688,C - Medium
13287.0,2.0,258.605,285.5228553965747,217.62273199098172,0.9866819124269445,C - Medium
13288.0,3.0,162.28333333333333,173.6754721094427,207.01770337682518,0.9971244594515819,C - Medium
13291.0,6.0,386.88166666666666,399.1839670578006,856.2768645302419,0.9988632396866595,A - VIP / Whale
13292.0,1.0,133.9,166.88240647594844,183.65787377506524,0.9747153148008998,D - Low Value
13293.0,3.0,206.99666666666667,221.17158574087145,261.22389053150175,0.9951228236684745,C - Medium
13296.0,3.0,152.24666666666667,163.01416316772273,285.8989772406316,0.9974958488154307,C - Medium
13304.0,1.0,308.3,378.4735555545816,204.05006844796804,0.9720102285303533,C - Medium
13305.0,2.0,427.53499999999997,470.7296556000259,456.68798941238737,0.9976320866820495,B - High Value
13307.0,1.0,30.599999999999998,41.55347471090941,31.13663292570802,0.9808807551718737,D - Low Value
13313.0,5.0,301.22200000000004,312.95343071260146,455.78183569365825,0.9989926470625103,B - High Value
13316.0,1.0,1191.93,1450.5394217263283,884.9604815667292,0.98254201361728,A - VIP / Whale
13317.0,5.0,397.586,412.82841444259464,620.8501829558775,0.9990674731139002,B - High Value
13319.0,15.0,418.28866666666664,423.49445538512225,1706.2014513383795,0.9992115782210979,A - VIP / Whale
13324.0,3.0,499.6366666666666,532.0243371893873,1008.0531283462882,0.9978313010798064,A - VIP / Whale
13327.0,9.0,380.3666666666667,388.35674592374943,1004.5764585828575,0.9996371962594519,A - VIP / Whale
13329.0,1.0,654.4,798.3800733075341,352.2549450240745,0.9822139827137002,C - Medium
13330.0,1.0,590.5799999999999,720.9503305655709,407.33953660348845,0.9642855103040071,B - High Value
13333.0,1.0,701.7,855.7668929831038,486.8826000273921,0.9856045970146465,B - High Value
13334.0,1.0,1535.31,1867.145894034935,1072.7391562795492,0.9731816534417014,A - VIP / Whale
13338.0,2.0,600.75,660.6343255653419,509.05644544672157,0.9943570387481588,B - High Value
13340.0,2.0,2213.01,2428.239343596576,2211.4800984200933,0.9961973717569151,A - VIP / Whale
13346.0,4.0,63.375,67.24218806866944,135.8114825536253,0.9989675936593753,D - Low Value
13357.0,2.0,827.6700000000001,909.4185977619155,925.2222413943264,0.996170508019192,A - VIP / Whale
13360.0,2.0,189.88,210.17604107121986,163.96619065221705,0.9971340825163433,D - Low Value
13361.0,1.0,633.25,772.7197934737435,517.3329948432101,0.983747067995337,B - High Value
13371.0,1.0,1108.65,1349.4997950332747,843.7314809132647,0.9788348595018767,A - VIP / Whale
13373.0,1.0,1406.43,1710.781976069028,738.9532009027265,0.9560298978211672,A - VIP / Whale
13381.0,3.0,1028.8366666666666,1094.159643595055,1037.231376450211,0.998351898528607,A - VIP / Whale
13382.0,2.0,200.305,221.6055141791402,155.5366454158385,0.9862015218993858,D - Low Value
13384.0,1.0,946.18,1152.3827423337016,1579.510916812915,0.9853364183449949,A - VIP / Whale
13393.0,3.0,374.1766666666667,398.7562050245062,382.4135016705396,0.9926723667575063,B - High Value
13394.0,7.0,397.23285714285714,407.99903095175927,796.7565024797766,0.9974434083686453,A - VIP / Whale
13397.0,3.0,338.78000000000003,361.1565903941095,396.45382570685877,0.9909433638952417,B - High Value
13399.0,2.0,87.75,98.20557694537791,182.4362628234356,0.9971491739276508,D - Low Value
13402.0,1.0,315.02,386.62660900531785,333.6315314766157,0.9746277488402777,C - Medium
13405.0,2.0,247.45000000000002,273.29304508301584,197.96839113396913,0.9970748200690921,C - Medium
13407.0,2.0,430.34000000000003,473.8049239038837,418.4827863937918,0.9878274923593945,B - High Value
13408.0,27.0,648.8104444444444,653.1979096403094,4610.944654547666,0.999884030504997,A - VIP / Whale
13410.0,1.0,601.8,734.5630180234967,296.0680621448497,0.8869264821971313,C - Medium
13413.0,3.0,137.31666666666666,147.1549792587344,156.23825394641216,0.955244032115137,D - Low Value
13414.0,2.0,441.89,486.4677933903565,550.8336642580335,0.9973994730114167,B - High Value
13415.0,2.0,158.625,175.90954879418874,125.95543268434281,0.9973017023926034,D - Low Value
13417.0,2.0,212.28,234.7343334086218,202.48204556566756,0.9930105953561899,C - Medium
13418.0,6.0,455.6466666666667,470.0242195779861,824.7016246474882,0.9992366659887483,A - VIP / Whale
13421.0,2.0,359.04499999999996,395.6404840737465,350.03458126974783,0.9967417519371435,C - Medium
13425.0,1.0,942.86,1148.3547456883973,913.5342020952091,0.9750270729619908,A - VIP / Whale
13426.0,7.0,403.44,414.36604864656834,829.8282868348159,0.9995042452774962,A - VIP / Whale
13427.0,2.0,163.965,181.7640702710515,132.46784458842114,0.9971732588121338,D - Low Value
13431.0,2.0,251.3,277.5140015785068,248.44795796557628,0.9939418254601051,C - Medium
13432.0,1.0,308.8,379.0801815553804,250.61487481503613,0.9502277977766392,C - Medium
13433.0,3.0,187.70666666666662,200.68105274660584,216.02655808037065,0.9976547602075172,C - Medium
13434.0,1.0,376.92,461.7269079042135,265.56843696354815,0.985314021900192,C - Medium
13442.0,2.0,110.935,123.6245058669254,83.6392035204299,0.9700430030462395,D - Low Value
13443.0,4.0,213.5375,224.30644188004,324.3606193510069,0.9937119519410453,C - Medium
13446.0,9.0,339.22444444444443,346.3950161247974,1084.248262549889,0.9989431797672497,A - VIP / Whale
13448.0,3.0,602.25,641.0239168844747,613.9949511185762,0.9943315209276321,B - High Value
13450.0,5.0,307.22799999999995,319.17825691618714,754.7595273919258,0.9992949457742591,A - VIP / Whale
13451.0,3.0,824.2866666666667,876.8792639176565,1210.6620641262573,0.9971028961308632,A - VIP / Whale
13455.0,2.0,309.725,341.5683868380027,241.42962883898343,0.9902814479981933,C - Medium
13457.0,1.0,35.72,47.76532495908947,19.374564126932036,0.9081821978968889,D - Low Value
13459.0,1.0,529.62,646.9904885481773,321.94119651357664,0.9386024278481202,C - Medium
13461.0,1.0,1930.8,2346.974928146796,1706.323709356127,0.9750263419044443,A - VIP / Whale
13462.0,2.0,177.32,196.4058557248909,139.45546141473616,0.9802388946329124,D - Low Value
13464.0,1.0,414.82,507.70915876476505,338.3895974256369,0.9836234182644115,C - Medium
13466.0,1.0,266.44,327.6868267677032,208.4546980906846,0.9796143235042272,C - Medium
13468.0,23.0,213.91086956521738,215.71809578910648,1299.6148770254379,0.9998551249980612,A - VIP / Whale
13472.0,1.0,330.06,404.8739191093468,371.93502274563764,0.9845210528319746,B - High Value
13473.0,4.0,461.59499999999997,483.765135893619,601.2708279392222,0.9929868225718893,B - High Value
13476.0,1.0,303.6,372.7712711470725,222.90918615502113,0.9822115591456353,C - Medium
13477.0,2.0,283.49,312.80558329015713,257.2439565968727,0.9938612504395284,C - Medium
13478.0,3.0,609.8633333333333,649.1110738498977,745.2801952976724,0.9984616436894499,A - VIP / Whale
13481.0,3.0,421.3766666666667,448.8937455807185,428.91468471398963,0.9976495731044469,B - High Value
13485.0,4.0,347.9825,364.93078952788636,440.0250171510834,0.9977299571296345,B - High Value
13487.0,1.0,167.52,207.671938769662,91.81205149390671,0.9813583932970951,D - Low Value
13488.0,4.0,887.03,928.7539368275435,1322.0404867959737,0.9984845264344084,A - VIP / Whale
13491.0,13.0,207.0876923076923,210.21062780114,741.900790788687,0.9995752868003136,A - VIP / Whale
13495.0,2.0,379.175,417.7100566073136,291.8191917842862,0.9845017444742563,C - Medium
13497.0,3.0,200.60999999999999,214.38743830402802,252.78772300709562,0.9970061059779444,C - Medium
13501.0,1.0,949.62,1156.5563292191976,970.7950756167351,0.980338936441471,A - VIP / Whale
13503.0,3.0,252.50666666666666,269.51394740852436,327.4896186428842,0.9981957987525171,C - Medium
13510.0,3.0,504.83666666666664,537.5479645388006,539.3886679714974,0.9963751359017106,B - High Value
13512.0,1.0,120.66,150.81894997479532,118.35423843770954,0.9819582441156783,D - Low Value
13514.0,1.0,242.4,298.5202486492953,152.47004717829404,0.9634157802682103,D - Low Value
13520.0,3.0,643.1,684.4162586582305,679.8953267628945,0.9983706065713719,A - VIP / Whale
13527.0,3.0,542.0266666666666,577.0525224473923,639.7478518962909,0.9974598208081544,B - High Value
13531.0,2.0,318.78499999999997,351.5013390066125,245.73292416823202,0.996629480558916,C - Medium
13534.0,3.0,183.04666666666665,195.73103285270867,491.6995357096507,0.9979244322748655,B - High Value
13538.0,1.0,179.76,222.52214326921745,107.75565311560155,0.8916788243334735,D - Low Value
13539.0,2.0,253.06500000000003,279.4490634524137,334.4880941639106,0.9906040121064755,C - Medium
13540.0,1.0,263.14,323.6830951624309,186.03667691730294,0.9846047923378831,D - Low Value
13542.0,13.0,228.54615384615383,231.96319903881178,825.7498437754557,0.9994242206671712,A - VIP / Whale
13543.0,1.0,851.16,1037.0995371418912,504.10766123729314,0.9324529582597002,B - High Value
13544.0,1.0,162.62,201.72700396183345,118.65916518376454,0.9661771434538625,D - Low Value
13552.0,3.0,529.7299999999999,563.990560080735,692.447618259073,0.9975080288626814,A - VIP / Whale
13555.0,3.0,495.87000000000006,528.0232481478253,580.3013127400518,0.9953992190806263,B - High Value
13557.0,6.0,234.76833333333332,242.48001962785108,420.96289128093736,0.9974117795758953,B - High Value
13559.0,1.0,660.0,805.1742845164811,784.005560588359,0.9685838618907606,A - VIP / Whale
13561.0,5.0,194.84,202.69544516650393,394.61466354696597,0.9987149672874086,B - High Value
13562.0,2.0,669.075,735.5425989561003,583.8402890454518,0.9950325999817631,B - High Value
13564.0,17.0,650.0088235294118,657.0166337247258,2950.1701833003285,0.9997386037165881,A - VIP / Whale
13566.0,1.0,279.62,343.67748814876046,208.7810518498253,0.9783557108838534,C - Medium
13567.0,1.0,275.1,338.19358910153903,338.41718073404707,0.9825561281597089,C - Medium
13571.0,9.0,192.79888888888888,197.052825401688,494.85890688781245,0.999627280987439,B - High Value
13576.0,7.0,470.5142857142858,483.16793928101663,964.6236475272863,0.9993285368416337,A - VIP / Whale
13577.0,4.0,209.9025,220.50437037347658,274.4095609190881,0.9971957781253434,C - Medium
13584.0,1.0,248.75,306.2243988594405,163.16835118472832,0.981155308883794,D - Low Value
13585.0,2.0,335.895,370.25992748397624,257.06206693326703,0.9954442702365407,C - Medium
13589.0,2.0,191.72,212.19332937036359,149.46832160755116,0.9955324041136043,D - Low Value
13590.0,4.0,376.9575,395.237535580892,474.1335035012338,0.9983369187877811,B - High Value
13591.0,2.0,300.305,331.24074782825596,237.83905151514568,0.991266075719427,C - Medium
13593.0,5.0,477.02200000000005,495.15863327510203,971.5747535484118,0.9988580610822806,A - VIP / Whale
13595.0,2.0,135.265,150.29875821375526,141.49579934638882,0.9950703842804977,D - Low Value
13598.0,2.0,170.525,188.9561415984335,174.72475842795856,0.9963071410891897,D - Low Value
13599.0,4.0,566.9175,593.928458108207,710.2570989075297,0.9952131773397374,A - VIP / Whale
13610.0,4.0,114.93,121.16675382406916,161.3972264382026,0.9976886463015117,D - Low Value
13611.0,4.0,286.0575,300.1595988693056,362.33915646916137,0.9988704905749441,B - High Value
13613.0,1.0,159.5,197.9416577168487,104.71769668061395,0.9232529101994005,D - Low Value
13615.0,3.0,893.4633333333335,950.3612115986646,1078.7754220665179,0.9973727243325318,A - VIP / Whale
13616.0,1.0,105.85,132.85068783113388,66.16248392765368,0.9681470331162507,D - Low Value
13617.0,1.0,135.17000000000002,168.4232365179775,241.43962291046674,0.9845538129369727,C - Medium
13619.0,1.0,128.95,160.87680906803996,85.29632024728092,0.9728887956934741,D - Low Value
13623.0,2.0,398.525,438.9244743184175,305.27867760835977,0.994374486071473,C - Medium
13627.0,1.0,303.03,372.07971750616184,225.94488523685465,0.9818596507470114,C - Medium
13629.0,5.0,627.0,650.6010216136613,1189.7544767102365,0.9992094498506676,A - VIP / Whale
13632.0,1.0,515.8000000000001,630.2233458860976,416.4913225517763,0.9456297371594095,B - High Value
13634.0,5.0,381.498,396.1542546085473,647.6383525058608,0.9960804842596187,B - High Value
13635.0,1.0,414.78,507.6606286847011,189.69812391528546,0.8390455069613741,D - Low Value
13641.0,3.0,264.12333333333333,281.853589275643,264.67771776562756,0.9776677180881954,C - Medium
13643.0,3.0,125.05666666666667,134.13196554646402,129.72792443160031,0.9981991824160884,D - Low Value
13647.0,2.0,539.03,592.9674593571076,670.4358839234832,0.9959307536401675,A - VIP / Whale
13648.0,4.0,285.28249999999997,299.34897839679206,359.31354665245453,0.9989194752691727,B - High Value
13649.0,2.0,209.05,231.19311536175536,404.4361704270151,0.9963186469361147,B - High Value
13650.0,2.0,317.965,350.6023300906898,289.63309715418245,0.9949794177466968,C - Medium
13654.0,2.0,291.525,321.61477431386356,224.35374638526307,0.9973340196536619,C - Medium
13655.0,1.0,57.5,74.18995355388665,51.90656337583239,0.9113724770195454,D - Low Value
13656.0,1.0,374.05,458.2448746596282,337.56632354580705,0.9784773485643248,C - Medium
13658.0,2.0,861.635,946.6562048708375,810.84803861359,0.9965570630217514,A - VIP / Whale
13659.0,7.0,372.35714285714283,382.4826030761065,962.208302146281,0.9985919697343233,A - VIP / Whale
13662.0,1.0,428.68,524.5248315069088,295.0126671724717,0.9743355714141212,C - Medium
13668.0,10.0,462.671,471.3203130424491,1315.9644289547398,0.9993519261328757,A - VIP / Whale
13676.0,1.0,115.60000000000001,144.67989484671114,94.57874800732691,0.9689370652178536,D - Low Value
13679.0,2.0,77.23,86.67195036549094,60.775357203463216,0.9967742181254067,D - Low Value
13680.0,7.0,1013.147142857143,1039.7771687975592,2051.98030213421,0.9993471823791825,A - VIP / Whale
13684.0,1.0,206.39000000000001,254.83104407176336,163.46235482668263,0.9589985634076947,D - Low Value
13693.0,6.0,200.10333333333335,206.76886782661168,358.56675894671696,0.9992076090147729,B - High Value
13694.0,41.0,2731.646829268293,2743.497347513046,29131.38182393479,0.9998997385724101,A - VIP / Whale
13696.0,1.0,1080.2,1314.982775587821,703.95382072411,0.95484757000347,A - VIP / Whale
13698.0,1.0,281.23,345.6308238713327,175.7737068689046,0.9560163486004615,D - Low Value
13700.0,1.0,27.25,37.489080505557226,17.650756059572984,0.8518641427645273,D - Low Value
13705.0,2.0,219.245,242.37042743228272,249.49163360143288,0.9952751891875046,C - Medium
13709.0,2.0,232.29500000000002,256.6778254234923,201.51027086093666,0.9937933087981751,C - Medium
13711.0,5.0,246.72400000000002,256.4698179182262,384.7926194460783,0.9908111397055118,B - High Value
13713.0,1.0,340.63,417.6979927662341,328.3023782350014,0.9835054225046493,C - Medium
13715.0,9.0,524.87,535.7384258833235,1845.6019731946494,0.9994903369169218,A - VIP / Whale
13717.0,1.0,138.32,172.2449803230101,272.5592591437015,0.9852641990292847,C - Medium
13719.0,4.0,219.07750000000001,230.1010708061367,527.8918318668777,0.9983368982982453,B - High Value
13722.0,1.0,1222.46,1487.5800053351052,880.8142170827407,0.9801710054326314,A - VIP / Whale
13723.0,1.0,100.35,126.17780182234668,84.42935074968841,0.9574589056614673,D - Low Value
13727.0,3.0,205.32333333333335,219.3941107861244,210.5237082456014,0.9874707569383531,C - Medium
13728.0,7.0,196.06857142857143,201.65343907729542,403.84931500603915,0.9995264469718157,B - High Value
13734.0,2.0,3211.020000000001,3522.409938938117,3996.918973958913,0.9948646301508083,A - VIP / Whale
13735.0,5.0,635.712,659.6304398430384,990.3596147656915,0.9974010507023884,A - VIP / Whale
13736.0,2.0,524.95,577.5308184593122,407.64820719959346,0.9975813983951675,B - High Value
13740.0,2.0,310.02,341.89181077726755,238.27805017949123,0.9964112852110774,C - Medium
13750.0,2.0,312.71000000000004,344.8409985624288,364.21790706668304,0.9909134951215868,B - High Value
13753.0,2.0,355.555,391.81421441939244,272.07765438580367,0.9899426875865132,C - Medium
13756.0,4.0,262.22249999999997,275.22909698238965,343.5452882643136,0.997235130359032,C - Medium
13758.0,4.0,671.5175,703.3360728500326,837.7902805333401,0.9913045399344319,A - VIP / Whale
13760.0,1.0,375.72,460.2710055022963,338.20209510696037,0.9665789635253149,C - Medium
13761.0,2.0,284.81,314.25276837432546,285.08006113460135,0.9960124062129156,C - Medium
13762.0,3.0,572.8000000000001,609.7410658382788,646.0620331518819,0.988368358846358,B - High Value
13764.0,1.0,478.26,584.677865746121,344.517856309772,0.9603062186611847,C - Medium
13767.0,16.0,499.61062499999997,505.3907281692749,2135.1353321339175,0.9995747893128821,A - VIP / Whale
13768.0,1.0,356.55,437.012964631669,161.60157300066365,0.8113510790879366,D - Low Value
13769.0,6.0,299.9533333333333,309.63223166200055,551.4850825059264,0.9994147970429585,B - High Value
13770.0,1.0,90.0,113.62064360581084,48.831487758459076,0.9429751904349232,D - Low Value
13771.0,3.0,741.6033333333334,789.050048275224,988.5285664850238,0.995239649809579,A - VIP / Whale
13772.0,2.0,266.87,294.5842074576741,269.09255732465584,0.9954439545663593,C - Medium
13777.0,15.0,335.47999999999996,339.7039374269984,1353.4423766751474,0.999586051410295,A - VIP / Whale
13778.0,2.0,296.54,327.1129812813668,449.0872923557778,0.9956130727517326,B - High Value
13781.0,1.0,336.55,412.74792459971565,186.34210285399138,0.9645081609501146,D - Low Value
13782.0,5.0,120.71399999999998,125.8686940564475,185.40452644066426,0.9988073818221654,D - Low Value
13783.0,3.0,351.06999999999994,374.2114711872418,435.4816696161645,0.998002323834209,B - High Value
13785.0,1.0,231.76000000000002,285.6112473522961,608.2222113442364,0.9843007715613176,B - High Value
13786.0,3.0,510.05,543.0857550352636,514.5337189266721,0.9920776810476772,B - High Value
13787.0,3.0,249.70666666666668,266.5396865280711,289.0917564962947,0.9986756569012807,C - Medium
13795.0,1.0,209.85000000000002,259.0288959972913,158.69960442933208,0.978839488546545,D - Low Value
13797.0,1.0,312.38,383.42362372110006,221.91352190687914,0.9617941681812614,C - Medium
13798.0,32.0,835.48625,840.2154196001532,7080.534322297223,0.9998545598578783,A - VIP / Whale
13799.0,5.0,288.37399999999997,299.63731898038856,594.9249392762686,0.9990308116328381,B - High Value
13802.0,11.0,1451.9136363636362,1475.8276644543182,5609.132328542085,0.9994652989249182,A - VIP / Whale
13807.0,1.0,201.65,249.0802295841904,108.59778144899849,0.9706002493388831,D - Low Value
13813.0,3.0,371.82,396.25286878345804,380.5336729682196,0.9969223078602965,B - High Value
13815.0,2.0,907.5600000000001,997.006185924194,876.3213276148877,0.9974343719798718,A - VIP / Whale
13819.0,2.0,439.95000000000005,484.34086985756375,327.2803783256828,0.9688454829402758,C - Medium
13820.0,1.0,159.3,197.6990073165292,96.43912805252805,0.9138785060381013,D - Low Value
13821.0,2.0,191.5,211.95213185633554,147.09910776730575,0.8984337053422917,D - Low Value
13823.0,3.0,512.7900000000001,545.9962817539929,539.0372554039889,0.9981402727272881,B - High Value
13824.0,4.0,255.765,268.47479801302694,453.0022604484084,0.9990339903583423,B - High Value
13825.0,1.0,112.22999999999999,140.59123560132699,61.22014127377558,0.9554184752130525,D - Low Value
13831.0,10.0,245.20099999999996,249.95947740292002,695.0521718217368,0.9981909965469216,A - VIP / Whale
13834.0,1.0,121.74,152.1292621365208,81.21160616526753,0.9624428964756585,D - Low Value
13835.0,2.0,68.125,76.68966234173894,72.46199759096928,0.9948392751308007,D - Low Value
13842.0,4.0,177.67000000000002,186.7904034311641,287.47748246345986,0.9990590887989966,C - Medium
13848.0,3.0,320.0,341.2077977744979,331.0539591808237,0.9984539420414811,C - Medium
13854.0,6.0,282.93333333333334,292.098586669729,556.2672374045571,0.9952324908055697,B - High Value
13855.0,3.0,332.2966666666667,354.2697601411552,342.51238802468885,0.997833842273284,C - Medium
13856.0,7.0,92.27857142857144,95.19016253391997,282.1986190211152,0.9994050567033809,C - Medium
13857.0,1.0,186.18,230.31122111947448,192.181789603943,0.9799213682056167,D - Low Value
13863.0,2.0,314.625,346.94051328680933,411.9672092442654,0.997311167095066,B - High Value
13869.0,3.0,763.88,812.7131262086397,889.4461337627024,0.9978261077972471,A - VIP / Whale
13870.0,2.0,613.3199999999999,674.4154744350357,584.2160532579143,0.9972176095828686,B - High Value
13871.0,2.0,305.0,336.3881220480819,246.6193500334124,0.9941158964072196,C - Medium
13872.0,2.0,333.725,367.8808429137905,265.26362347513543,0.9954543770299169,C - Medium
13873.0,1.0,113.15,141.70742744279684,82.07219032824815,0.9587409509934637,D - Low Value
13874.0,5.0,271.66999999999996,282.324715433153,503.00765537416913,0.9980185773262759,B - High Value
13875.0,6.0,426.9483333333333,440.45980192013997,786.8775648915573,0.9994494183917172,A - VIP / Whale
13877.0,1.0,177.61,219.9136514657825,112.10756576294693,0.98446666235365,D - Low Value
13878.0,2.0,282.175,311.36387996767127,348.0451707410201,0.9892019200472107,C - Medium
13880.0,1.0,118.14,147.7615549307692,129.68535200608252,0.9800128218787477,D - Low Value
13881.0,8.0,1607.0125,1643.5799944905964,4940.729353597001,0.998843579051845,A - VIP / Whale
13883.0,4.0,409.1975,428.9593472374546,523.2298776770733,0.9948054105379436,B - High Value
13888.0,1.0,754.45,919.7659360673808,750.1204680584708,0.978664940861009,A - VIP / Whale
13889.0,2.0,405.1,446.13299093084686,364.4528669497209,0.9972990524665297,B - High Value
13890.0,2.0,258.32,285.2103949806747,200.14948107067949,0.9918068153367215,C - Medium
13892.0,1.0,109.44,137.2062625168695,112.3185936988586,0.982331473297279,D - Low Value
13895.0,1.0,584.45,713.5130957957774,313.28019925705433,0.9802549217064028,C - Medium
13900.0,1.0,322.42,395.6046738171406,255.6871330827703,0.978709317604834,C - Medium
13901.0,5.0,447.434,464.4926063500777,749.372684414732,0.998834272238276,A - VIP / Whale
13902.0,4.0,8416.4,8804.188087961944,10687.260548124006,0.9698063050846989,A - VIP / Whale
13911.0,8.0,155.90625,159.8750922983781,475.2142724166481,0.9991848456316749,B - High Value
13916.0,3.0,303.77,323.96770702815627,374.6014940520882,0.998580596395606,B - High Value
13920.0,1.0,544.01,664.4491848511676,582.5655264076,0.9790058653731735,B - High Value
13921.0,1.0,246.35000000000002,303.3125940556061,138.61018790270907,0.976302770310192,D - Low Value
13929.0,4.0,437.71250000000003,458.7849508164523,629.5562391381994,0.9984358174266816,B - High Value
13931.0,3.0,619.1733333333333,659.0004912774048,628.5194866290198,0.9986958816909167,B - High Value
13935.0,2.0,1898.4450000000002,2083.365270868235,1889.507624600241,0.9809137961957869,A - VIP / Whale
13939.0,2.0,143.135,158.9270511019407,171.973683445671,0.9930526852884228,D - Low Value
13941.0,5.0,584.4879999999999,606.5401139268749,917.5557702539037,0.9960451066372598,A - VIP / Whale
13946.0,1.0,480.75,587.6988632300993,250.9508777318649,0.9505885331277738,C - Medium
13948.0,1.0,106.66,133.83342195242798,56.68173656947205,0.9428384118664114,D - Low Value
13952.0,5.0,1223.068,1268.3865203680673,1923.0623059239028,0.9982694976444947,A - VIP / Whale
13953.0,3.0,708.3333333333334,753.7094555992668,735.3053366356861,0.9980794887732757,A - VIP / Whale
13957.0,1.0,156.06,193.76807083135273,107.61771946060375,0.9621338987657122,D - Low Value
13958.0,3.0,1043.9866666666667,1110.2525194303648,1063.7661749625195,0.9975206001884649,A - VIP / Whale
13963.0,7.0,114.54714285714286,118.03229644109705,386.72062916890405,0.9993378256008846,B - High Value
13965.0,2.0,204.14999999999998,225.82098891294865,174.49961280923634,0.9971665683000334,D - Low Value
13969.0,9.0,212.15111111111113,216.79052249330377,791.2591040689817,0.9996434397042009,A - VIP / Whale
13971.0,4.0,313.89,329.27133345154135,470.4127879136959,0.9987296367217972,B - High Value
13975.0,2.0,439.62,483.9790735865216,408.71201444574785,0.9929065283894355,B - High Value
13976.0,2.0,279.485,308.41469218251007,267.7711691884829,0.9959207650021694,C - Medium
13979.0,3.0,366.10999999999996,390.1875010593908,370.258539086739,0.9936466667413715,B - High Value
13980.0,2.0,40.21,46.08498686858827,41.834559297224146,0.9966731236129732,D - Low Value
13982.0,4.0,327.4325,343.43627248252767,480.55053564508063,0.998133265006423,B - High Value
13983.0,7.0,507.91999999999996,521.537097237491,1044.4539009288694,0.9995042452774962,A - VIP / Whale
13984.0,3.0,127.14333333333333,136.34849805975418,131.46447805541746,0.9980176744528313,D - Low Value
13985.0,1.0,368.88,451.9723618113682,243.3685214088256,0.9673295955648509,C - Medium
13989.0,2.0,199.15,220.3392272304929,306.47135421031123,0.9972903533386509,C - Medium
13993.0,5.0,306.81000000000006,318.7450272536666,465.5970772237271,0.9990926345157207,B - High Value
13995.0,6.0,249.24833333333333,257.3970101970692,461.153205827498,0.9993084136991678,B - High Value
13997.0,1.0,238.76,294.1040113634798,273.3056379852276,0.9661176889668882,C - Medium
13998.0,1.0,14.850000000000001,22.44475568574616,18.11645211417741,0.9737641813253679,D - Low Value
13999.0,12.0,332.47083333333336,337.7217207760529,1098.8825773033107,0.9995046707859295,A - VIP / Whale
14000.0,2.0,498.01000000000005,547.9950865142404,381.9691642648304,0.9965404656170317,B - High Value
14001.0,1.0,385.3,471.8939596776019,687.4045458658477,0.981770276421882,A - VIP / Whale
14006.0,3.0,301.27333333333337,321.31565774308547,402.7293966900291,0.9956906723002159,B - High Value
14011.0,1.0,165.48000000000002,205.19690468640277,143.4597625053236,0.9824526133071121,D - Low Value
14016.0,5.0,965.952,1001.902601926316,1632.2613622889426,0.9990403323253252,A - VIP / Whale
14020.0,1.0,301.53,370.2598395037653,401.46164627332183,0.9811873640997023,B - High Value
14021.0,1.0,178.73,221.27249370757184,162.853033530176,0.9634303756886134,D - Low Value
14025.0,7.0,546.35,560.956923016101,1969.8803113926806,0.9993468904031897,A - VIP / Whale
14026.0,1.0,326.58,400.6518021437869,259.2709990268523,0.9840760675523476,C - Medium
14030.0,4.0,616.4825,645.7715596825719,787.8432447837588,0.9891979057547885,A - VIP / Whale
14031.0,16.0,839.161875,848.7135711359688,3606.3253584123418,0.9996137415063383,A - VIP / Whale
14032.0,3.0,305.15,325.43359274780823,320.4706574987515,0.9985706756271294,C - Medium
14035.0,1.0,232.24,286.193608313063,189.50761265001057,0.951740821207289,D - Low Value
14037.0,3.0,157.14000000000001,168.21203813499105,162.23973633592735,0.9983442668294888,D - Low Value
14040.0,15.0,399.4206666666667,404.4027400312478,1606.7748525069767,0.9996880448364763,A - VIP / Whale
14043.0,1.0,139.94,174.21044856559834,78.25798498502976,0.9827447697403378,D - Low Value
14044.0,3.0,333.2733333333333,355.30721066255137,398.1435940223838,0.9980649791140006,B - High Value
14045.0,8.0,881.76,902.0349218419452,2235.0379170944525,0.9994816249817522,A - VIP / Whale
14047.0,3.0,392.42333333333335,418.1384717621267,481.64252118640627,0.9982294827645449,B - High Value
14049.0,3.0,1265.03,1345.052712008338,1947.1478744739252,0.9975713220609725,A - VIP / Whale
14051.0,7.0,397.9142857142857,408.69801079995807,804.1000715774845,0.9991731084595076,A - VIP / Whale
14055.0,1.0,521.0,636.5322562944053,286.95780250878056,0.9688958037242462,C - Medium
14057.0,3.0,584.2466666666667,621.9001275805127,592.9293549275827,0.9983493887995412,B - High Value
14058.0,1.0,147.95999999999998,183.9407296184116,198.70240818818112,0.9844814303978716,C - Medium
14060.0,4.0,184.7375,194.18273915953742,326.3496347394971,0.9990710603547162,C - Medium
14061.0,2.0,271.5,299.6603187756282,208.23569504947716,0.9963492708870132,C - Medium
14062.0,6.0,1460.075,1504.7651018838444,2632.6331427435725,0.9992835526922694,A - VIP / Whale
14063.0,6.0,1169.8233333333335,1205.753957245273,1020.913385166305,0.48644846784939205,A - VIP / Whale
14064.0,7.0,190.16857142857143,195.6014751924711,448.0644213599837,0.9995356061859294,B - High Value
14068.0,2.0,387.375,426.7001457665411,354.3367482133756,0.9831646130994732,C - Medium
14069.0,1.0,110.44,138.41951451846717,121.03165729465408,0.9707378209034859,D - Low Value
14075.0,1.0,359.39,440.45860031620634,440.94587750135025,0.9829932339037494,B - High Value
14078.0,2.0,71.275,80.1431722016861,83.70785194341337,0.9970379695897731,D - Low Value
14080.0,2.0,229.89,254.04109805423107,174.95587795894878,0.9846181909537626,D - Low Value
14081.0,4.0,576.8525,604.3200895848804,736.6805590878696,0.9884039315695095,A - VIP / Whale
14083.0,1.0,15.12,22.77233372617753,10.450665740551624,0.9804291840674421,D - Low Value
14085.0,9.0,368.5622222222222,376.3171699978537,944.8974651939068,0.9994706025085296,A - VIP / Whale
14091.0,1.0,4010.08,4869.665550028793,2249.092132472029,0.9185795531124615,A - VIP / Whale
14092.0,7.0,306.5,314.92920474913296,643.8369018228863,0.9994541081519497,B - High Value
14097.0,1.0,290.86,357.31444064671825,212.9825384402447,0.982891105211051,C - Medium
14099.0,4.0,322.26,338.02603455468744,416.1180911553024,0.998133734647015,B - High Value
14101.0,4.0,522.575,547.5478925566832,987.0868035184676,0.9987957945339467,A - VIP / Whale
14104.0,1.0,235.68,290.367195198559,248.85771209384694,0.9459917521949655,C - Medium
14105.0,1.0,1444.05,1756.424516369132,787.7750906212768,0.9581920574956959,A - VIP / Whale
14107.0,2.0,768.1949999999999,844.2130425491038,600.2342511667985,0.9961264257664174,B - High Value
14108.0,1.0,194.75,240.70879077316647,87.50285840960859,0.8162557479638838,D - Low Value
14110.0,17.0,345.21,349.0334648483705,1562.620170291799,0.9996424336633339,A - VIP / Whale
14112.0,3.0,563.43,599.7879142490476,748.0142642774417,0.9982340108395032,A - VIP / Whale
14113.0,5.0,382.05,396.72636650737843,586.9909544015946,0.9974582926417281,B - High Value
14114.0,1.0,255.60000000000002,314.5351750703845,217.0495501228727,0.9652842569020073,C - Medium
14115.0,1.0,504.87,616.962501508635,339.16689132133797,0.98053843800832,C - Medium
14122.0,1.0,41.89,55.25108980894707,20.332719655537453,0.8239643171539348,D - Low Value
14129.0,1.0,290.7,357.1203203264626,285.41869181916877,0.9795706883509292,C - Medium
14134.0,7.0,785.342857142857,806.1054213482275,1615.3940734917232,0.9972305652822386,A - VIP / Whale
14135.0,5.0,465.63199999999995,483.35364318871467,704.1740014696961,0.9993094297095294,A - VIP / Whale
14136.0,3.0,302.73,322.86298155827365,311.38948995222864,0.9954093731671119,C - Medium
14139.0,2.0,163.32999999999998,181.0678865373796,285.5914309860557,0.9952287214000963,C - Medium
14145.0,2.0,1237.125,1358.3255436999023,1489.7694972087284,0.9975374336575026,A - VIP / Whale
14146.0,2.0,342.35,377.33688181602673,292.45451701198147,0.9747579902482832,C - Medium
14147.0,2.0,562.2,618.3699429936078,591.4562850227173,0.987468118346206,B - High Value
14151.0,1.0,327.4,401.64666878509695,173.59191396458993,0.9094882982352404,D - Low Value
14152.0,1.0,331.1,406.13570119100837,229.22910755279193,0.9813805087491136,C - Medium
14154.0,2.0,740.26,813.5864400292232,643.9773609863532,0.9954847812088568,B - High Value
14156.0,53.0,2902.0820754716983,2911.807640897751,39460.594619575335,0.9999003204429624,A - VIP / Whale
14159.0,5.0,403.386,418.83973511871807,611.1456591643096,0.9980120502879214,B - High Value
14160.0,6.0,794.515,819.1192287313013,1489.6950903337931,0.94433941682398,A - VIP / Whale
14161.0,2.0,640.015,703.6826000576672,506.62508424645745,0.9968900245476352,B - High Value
14166.0,1.0,144.9,180.2281784935228,115.49304912706404,0.9785946160619986,D - Low Value
14167.0,3.0,189.9,203.0108904362943,229.93015435223458,0.9985648705287885,C - Medium
14172.0,2.0,136.20999999999998,151.3348111717394,141.49347336481668,0.9729236619312887,D - Low Value
14173.0,1.0,111.56,139.77835676025657,60.22767243532827,0.9453958783381274,D - Low Value
14175.0,3.0,681.12,724.802472470671,1006.3175376297302,0.9985255139860758,A - VIP / Whale
14177.0,2.0,127.405,141.6814288489348,129.7161492856763,0.9864632863152863,D - Low Value
14180.0,3.0,70.45,76.12679680410038,157.85993454328062,0.9984520465219221,D - Low Value
14182.0,2.0,132.91,147.7168484613186,172.64299112879706,0.9959784592367309,D - Low Value
14186.0,3.0,327.05,348.69656177706776,450.8817288433696,0.996084323054853,B - High Value
14194.0,7.0,747.76,767.5545579385526,1674.170838602181,0.9994874614308066,A - VIP / Whale
14195.0,1.0,408.2,499.6774305141885,301.11984636830687,0.9511991319395601,C - Medium
14198.0,3.0,164.16,175.66893505669887,185.02426456187396,0.9983242022250134,D - Low Value
14199.0,1.0,102.0,128.17966762498284,134.9066310185155,0.9591719257133875,D - Low Value
14201.0,1.0,102.0,128.17966762498284,93.73805320745164,0.9385390817112859,D - Low Value
14202.0,1.0,92.01,116.05928012902216,73.7870174100364,0.9627340817404063,D - Low Value
14204.0,1.0,351.6,431.0073672237606,188.17346542721157,0.977524092092331,D - Low Value
14205.0,3.0,265.81666666666666,283.6523089509647,369.9533198633434,0.9968642635142353,B - High Value
14209.0,4.0,347.85,364.792199576134,514.0002932158258,0.9984097243619564,B - High Value
14210.0,7.0,378.3457142857143,388.6254196875311,847.5335420482596,0.9993382791052152,A - VIP / Whale
14211.0,5.0,288.642,299.91508345300946,445.5474356932174,0.9985783549075592,B - High Value
14215.0,2.0,517.51,569.3739570758179,404.13996400178684,0.9973502543409783,B - High Value
14217.0,1.0,272.48,335.0148688573531,366.55643428717775,0.9760899009534707,B - High Value
14220.0,1.0,574.7,701.6838887802002,559.6784925438608,0.9264476199947378,B - High Value
14221.0,5.0,463.24000000000007,480.8744916271135,1091.1201825877863,0.9990037513177116,A - VIP / Whale
14224.0,2.0,154.01,170.84988276128203,266.1918017797235,0.9958679259658821,C - Medium
14225.0,2.0,491.85,541.2415561214548,427.5243280751514,0.9966655962180533,B - High Value
14227.0,1.0,1576.4,1916.9984187805835,1030.6353307458933,0.9692881471001863,A - VIP / Whale
14228.0,1.0,342.44,419.8939788891259,399.12852071962965,0.9638348336886081,B - High Value
14233.0,2.0,508.125,559.0846903978484,531.6845387986164,0.9973856218549312,B - High Value
14235.0,2.0,599.475,659.2364763363157,693.701656586243,0.9958649823024056,A - VIP / Whale
14236.0,1.0,222.95000000000002,274.9224972182207,359.4880283808108,0.9819566337415063,B - High Value
14238.0,1.0,128.28,160.06393022696955,67.24645536908999,0.9325705310867873,D - Low Value
14239.0,8.0,165.745,169.9348667679896,379.5736229131279,0.9991836966770276,B - High Value
14247.0,1.0,146.78,182.5090922565264,168.1743228331451,0.9638932178031314,D - Low Value
14248.0,1.0,418.39,512.0404684104687,618.7416950011387,0.9849747338032028,B - High Value
14249.0,6.0,795.2101666666667,819.835374767952,1680.5604890284135,0.9991689712234473,A - VIP / Whale
14253.0,1.0,158.05,196.18244231453212,127.59353921638821,0.9806893322437051,D - Low Value
14256.0,1.0,551.4300000000001,673.4515147030224,336.9723510569697,0.9823323428533387,C - Medium
14257.0,1.0,656.38,800.7823122706975,470.4568567688459,0.9800663405258849,B - High Value
14258.0,11.0,1362.3654545454547,1384.8253573815073,4141.118367532512,0.9995207754989321,A - VIP / Whale
14260.0,1.0,285.48,350.78714487812283,335.7962903494921,0.9829288593932884,C - Medium
14264.0,1.0,184.26,227.98177727640694,151.20559846758914,0.9490244186158338,D - Low Value
14265.0,1.0,590.65,721.0352582056828,493.9978165465786,0.9847375395434836,B - High Value
14272.0,1.0,308.26,378.4250254745176,286.896455662318,0.9437969635847319,C - Medium
14275.0,2.0,99.24,110.80266529166131,122.57464789464282,0.9925604555872829,D - Low Value
14276.0,1.0,340.35,417.3582822057868,235.0154062960906,0.9827093860930005,C - Medium
14277.0,3.0,4128.9366666666665,4387.19755627119,4305.6738871373345,0.998144624960741,A - VIP / Whale
14279.0,1.0,81.36,103.138146312007,53.65977706101803,0.9780327923085199,D - Low Value
14282.0,5.0,345.48,358.82395320982073,665.8223289787358,0.9993031126756822,A - VIP / Whale
14283.0,3.0,131.79666666666668,141.29143638012653,259.0089737831818,0.9984871355029368,C - Medium
14285.0,3.0,407.7366666666667,434.4048461487961,419.8215070756433,0.9974383235105346,B - High Value
14286.0,1.0,1002.5,1220.7130950636822,519.84183109649,0.9480174319002049,B - High Value
14290.0,1.0,514.48,628.6218532439885,270.16135095881594,0.9457119259973525,C - Medium
14291.0,3.0,726.5166666666668,773.0244473884009,749.6123260187426,0.9979107193430086,A - VIP / Whale
14292.0,2.0,580.875,638.8443228775801,641.4163302141638,0.9954343755854691,B - High Value
14293.0,2.0,260.825,287.95675758358504,195.34702370847856,0.947662725465625,C - Medium
14295.0,2.0,659.875,725.4561574603816,513.9305236779737,0.9954208753305831,B - High Value
14298.0,13.0,2098.5607692307694,2127.608236952262,7598.152565324731,0.9996809211456211,A - VIP / Whale
14299.0,12.0,446.6641666666667,453.61255472996004,1463.4960123940123,0.9996504230795277,A - VIP / Whale
14301.0,1.0,621.37,758.3063596947632,409.63023975397493,0.9635122760973233,B - High Value
14302.0,1.0,356.65000000000003,437.1342898318288,182.3454580004015,0.933971998094395,D - Low Value
14306.0,1.0,151.20000000000002,187.8716661035881,99.40340043252152,0.9810617744192082,D - Low Value
14307.0,3.0,350.0333333333333,373.11028650412163,359.59676557276146,0.9976052445171377,B - High Value
14315.0,1.0,351.26,430.59486154321735,262.16157207731857,0.9609969039211889,C - Medium
14316.0,2.0,339.36,374.0587883299182,373.9864408444894,0.9912510387017578,B - High Value
14320.0,2.0,326.37,359.817171478898,291.8793617046905,0.9936295295084258,C - Medium
14322.0,1.0,35.400000000000006,47.37708431857822,24.696495716538397,0.9063706551286872,D - Low Value
14326.0,1.0,449.68,550.0031235404597,585.7871662762061,0.984301913519797,B - High Value
14327.0,2.0,308.35,340.0609023753274,260.0944746509975,0.9775903019455664,C - Medium
14329.0,5.0,581.652,603.6007854031706,915.5779470798979,0.9987380393730909,A - VIP / Whale
14334.0,2.0,365.77,403.0134535366496,544.8126337405458,0.9969714895905376,B - High Value
14341.0,4.0,326.9625,342.94467038951944,410.96760041710036,0.997282495467901,B - High Value
14343.0,2.0,309.19,340.9818383379799,274.49731371425037,0.9959663465239448,C - Medium
14344.0,6.0,159.50833333333335,164.94875510855846,413.40053420575333,0.9991360268720872,B - High Value
14369.0,1.0,299.44,367.7241428204262,188.92922972401993,0.8999283328277936,D - Low Value
14370.0,3.0,265.4433333333333,283.25574083357094,326.19405473078336,0.9979827159824659,C - Medium
14388.0,5.0,389.172,404.1078537238183,684.7670734744428,0.999154669687421,A - VIP / Whale
14389.0,1.0,306.95,376.8356653524247,281.7446424878523,0.9691225199316894,C - Medium
14395.0,7.0,463.21285714285716,475.67845080272673,1536.699254025882,0.999494566263361,A - VIP / Whale
14396.0,3.0,336.20666666666665,358.4231030135024,340.6219849366063,0.9979825210891271,C - Medium
14399.0,4.0,245.10750000000002,257.327459063591,377.9487775353933,0.9988256406721233,B - High Value
14401.0,7.0,261.4842857142857,268.7540391378257,546.114085030503,0.9993398634431303,B - High Value
14403.0,1.0,228.29999999999998,281.41339542676815,165.5348640239024,0.9473304540494055,D - Low Value
14404.0,5.0,210.484,218.90942803844794,336.0197184896566,0.9985965172987497,C - Medium
14408.0,3.0,394.0800000000001,419.8982427830616,405.042286934569,0.9984733521947952,B - High Value
14409.0,1.0,187.9,232.39801456222247,198.3616538210352,0.9804506247366164,C - Medium
14413.0,1.0,342.8,420.33074960970106,185.64819865969582,0.8529387753345167,D - Low Value
14415.0,6.0,576.3216666666667,594.3410591456933,1058.5663416792113,0.9994026941122435,A - VIP / Whale
14420.0,1.0,443.3,542.2625757702666,273.24977919171346,0.9795881248880995,C - Medium
14421.0,3.0,227.08666666666667,242.51190755812365,265.24373311934454,0.9972052341045873,C - Medium
14422.0,9.0,387.0711111111111,395.19473548858895,1019.075373868717,0.999510994190016,A - VIP / Whale
14425.0,1.0,199.19,246.09562966026013,92.61603615403142,0.8426283543869968,D - Low Value
14426.0,5.0,987.784,1024.530042098924,2026.7213240286117,0.9992518057903392,A - VIP / Whale
14427.0,1.0,305.08,374.56688410943707,235.60636232401424,0.9807375999254576,C - Medium
14430.0,1.0,585.4000000000001,714.6656851972953,496.504370679703,0.9762756469259652,B - High Value
14437.0,2.0,138.43,153.7687133587498,191.76515464591313,0.996347128960129,D - Low Value
14439.0,2.0,1747.34,1917.7009510627383,1552.2270739958576,0.9914649315323399,A - VIP / Whale
14440.0,3.0,386.24666666666667,411.5773938913173,388.3084023060058,0.9907669936449164,B - High Value
14441.0,4.0,380.29499999999996,398.72843342220017,554.0390619232,0.9978014992778907,B - High Value
14442.0,2.0,766.8499999999999,842.7384486565231,679.5140865206125,0.9975702040049971,A - VIP / Whale
14451.0,6.0,253.615,261.8954580897202,515.2382874805953,0.9984809341595525,B - High Value
14454.0,2.0,227.70499999999998,251.6455681989979,176.94520681215332,0.9937736708590315,D - Low Value
14455.0,2.0,74.85,84.06263180464197,191.2687997624073,0.9975964861245288,D - Low Value
14460.0,2.0,116.85,130.1094299372706,93.66188295687573,0.9908652213807619,D - Low Value
14461.0,6.0,485.4483333333333,500.7252679629066,988.8065893120271,0.9989319268889073,A - VIP / Whale
14464.0,1.0,51.0,66.30381554350183,41.38553751153655,0.9571939022707333,D - Low Value
14465.0,6.0,368.115,379.85094290846865,723.2560599901522,0.9982493118475856,A - VIP / Whale
14466.0,4.0,248.26250000000002,260.6274688581461,322.97581673534023,0.9959438747908949,C - Medium
14467.0,4.0,179.16,188.34888666219007,226.44013209225471,0.997659941796421,C - Medium
14469.0,2.0,494.99,544.684102458037,455.304146446077,0.9965159069722455,B - High Value
14471.0,1.0,192.12,237.51793800896462,103.97544055120827,0.966102825279816,D - Low Value
14477.0,1.0,330.0,404.8011239892509,195.19211476082583,0.9775782193641585,C - Medium
14478.0,2.0,325.14,358.46865810501384,249.25829907662245,0.9969746247236292,C - Medium
14481.0,1.0,477.08,583.2462283842358,297.4145661739639,0.9455112394188273,C - Medium
14484.0,1.0,93.22999999999999,117.53944757097129,51.846389486400085,0.9451841961191298,D - Low Value
14486.0,1.0,78.0,99.06161958663883,90.82709017544374,0.9708622282928219,D - Low Value
14489.0,1.0,314.25,385.6924049640877,263.1229050237343,0.9805495286830255,C - Medium
14492.0,5.0,265.53000000000003,275.9610069932569,607.3809629459694,0.9993150129925324,B - High Value
14493.0,3.0,443.68,472.5851498082337,618.8689452421443,0.9969677641379958,B - High Value
14496.0,1.0,277.48,341.0811288653415,206.6020404175358,0.9522049350706224,C - Medium
14498.0,2.0,265.485,293.06575947163384,439.62815426125667,0.995700670578952,B - High Value
14505.0,6.0,689.8983333333334,711.3453454405759,1240.698742562054,0.9991359279138379,A - VIP / Whale
14507.0,1.0,236.4,291.24073663970927,125.13957309809928,0.9400021069525759,D - Low Value
14512.0,3.0,156.8,167.85087788522173,161.73992063473403,0.9974101375526557,D - Low Value
14514.0,4.0,432.7375,453.58129036386543,563.1852282004122,0.9978865501967199,B - High Value
14519.0,1.0,83.14,105.29773487485085,43.7766615424586,0.9068487926951572,D - Low Value
14522.0,3.0,194.62666666666667,208.0317260654404,230.27439457270827,0.985914337667625,C - Medium
14525.0,5.0,452.242,469.4757839036642,705.9236435261677,0.9989002460597411,A - VIP / Whale
14527.0,50.0,310.4684,311.63691502026734,3999.0510254312167,0.9998976556970339,A - VIP / Whale
14530.0,6.0,291.60833333333335,301.0353886854726,599.3745164705659,0.9971704011182184,B - High Value
14532.0,4.0,469.6875,492.2295825695103,665.5905717828756,0.9967215293719839,B - High Value
14533.0,2.0,368.345,405.83656080311437,444.81381693956286,0.9968758887186276,B - High Value
14534.0,2.0,215.285,238.02887217977772,234.69653693158796,0.9937171999549314,C - Medium
14535.0,4.0,544.8875,570.8859174508226,903.739917676927,0.9975181772749228,A - VIP / Whale
14538.0,2.0,264.995,292.5285468267532,240.78120905355922,0.994739608223487,C - Medium
14540.0,5.0,355.11,368.8048184013843,544.94553338352,0.9990221438249369,B - High Value
14541.0,4.0,184.2625,193.6859072570291,259.91068711952835,0.9987174950442987,C - Medium
14543.0,17.0,474.2494117647059,479.4209987799115,2146.509755698747,0.999710238828738,A - VIP / Whale
14546.0,3.0,419.18333333333334,446.56390789103006,429.13137010274374,0.997578967660784,B - High Value
14548.0,3.0,431.46999999999997,459.61524789739997,441.9589168421653,0.9982242430914761,B - High Value
14549.0,1.0,194.09,239.90804445211202,103.51697813149588,0.9660966036480814,D - Low Value
14551.0,1.0,30.0,40.82552350995081,21.29915635469996,0.9807414106948932,D - Low Value
14555.0,2.0,493.495,543.0450557149827,396.2534404139915,0.9954132282377868,B - High Value
14556.0,2.0,243.315,268.75962817162485,215.74381097592251,0.9865680732067484,C - Medium
14558.0,2.0,174.52499999999998,193.3415509443981,134.11679371600644,0.9747011251605366,D - Low Value
14560.0,12.0,251.4025,255.4482947974202,824.0224175146643,0.9994882563278674,A - VIP / Whale
14562.0,5.0,230.586,239.7438363542124,432.2024115542471,0.9992113632760585,B - High Value
14563.0,1.0,149.65,185.9911255011117,138.64000128786063,0.9757717572078797,D - Low Value
14566.0,1.0,495.0,604.987704252866,637.9844739151976,0.9813440847470988,B - High Value
14569.0,1.0,54.599999999999994,70.67152274925341,50.205677538398376,0.980073236809813,D - Low Value
14572.0,1.0,622.8100000000001,760.053442577064,488.61665982375956,0.9611179299983031,B - High Value
14573.0,2.0,159.05,176.37549853719747,137.17664667076275,0.9940869876310573,D - Low Value
14577.0,1.0,106.4,133.5179764320126,55.66884679830338,0.9094603139119619,D - Low Value
14583.0,1.0,277.25,340.802080904974,221.3934340840188,0.9712142324059414,C - Medium
14584.0,2.0,173.31,192.00948285556137,171.36855852516737,0.9945306158966436,D - Low Value
14590.0,17.0,150.02705882352942,151.81137574035267,691.3269206015482,0.9993742923262809,A - VIP / Whale
14593.0,3.0,507.78,540.6744792500389,523.5444234457553,0.9964737555170454,B - High Value
14605.0,1.0,373.71,457.83236897908495,200.61672295243554,0.9642413660149185,C - Medium
14606.0,70.0,198.95742857142858,199.51053453586792,3579.2521938129803,0.9999503216647926,A - VIP / Whale
14607.0,6.0,874.6550000000001,901.6777663153581,1601.028454691545,0.9993099737435224,A - VIP / Whale
14608.0,3.0,215.20666666666668,229.89254353677194,220.8745365796131,0.9973817254711698,C - Medium
14609.0,4.0,141.84,149.31358855353878,224.0553221169784,0.999060754250535,C - Medium
14615.0,2.0,106.05,118.2688247031661,179.2495615261962,0.993579045229236,D - Low Value
14621.0,3.0,231.28666666666666,246.97329887880355,277.441366359167,0.997182954281422,C - Medium
14623.0,2.0,226.05,249.83110508210504,282.57393433580313,0.9916630557172997,C - Medium
14624.0,2.0,118.565,131.98967419435294,147.9245762276279,0.9917859369696813,D - Low Value
14625.0,3.0,446.7,475.7931026150083,471.12978774117835,0.9981380722195264,B - High Value
14626.0,4.0,362.305,379.9115788408863,467.6510097580665,0.9980714516399198,B - High Value
14628.0,1.0,314.6,386.1170431646469,188.22298136380903,0.9226368831471976,D - Low Value
14634.0,2.0,45.96,52.38901280341242,83.33397252814996,0.9971773073895885,D - Low Value
14639.0,1.0,607.62,741.6241446727953,413.83494248448187,0.9774042269468257,B - High Value
14640.0,2.0,458.225,504.37670880693963,411.3906018264969,0.9957440454878893,B - High Value
14643.0,2.0,317.70000000000005,350.3117967215197,248.0170610837837,0.9861111409914743,C - Medium
14644.0,1.0,405.0,495.79502410907594,218.19142158337502,0.9825248464167102,C - Medium
14646.0,29.0,5618.53827586207,5652.9264995206395,42532.7306838752,0.9998714087358062,A - VIP / Whale
14648.0,9.0,406.8911111111111,415.40952797410546,1047.658940547462,0.9980292215104934,A - VIP / Whale
14649.0,2.0,383.125,422.04064833645367,340.6887733436283,0.9921019050419491,C - Medium
14651.0,3.0,186.02333333333334,198.8929554315715,270.64028059521866,0.9950022283802342,C - Medium
14653.0,4.0,333.33,349.6048327878806,420.4159685904762,0.9979159599283439,B - High Value
14655.0,1.0,561.2,685.3049867586316,499.145124765337,0.9721298623354736,B - High Value
14656.0,1.0,177.62,219.92578398579846,155.5052675556199,0.9754816465745807,D - Low Value
14662.0,1.0,110.95,139.038273039282,59.27539874717698,0.9518053750019272,D - Low Value
14667.0,20.0,406.977,410.7695090309756,2156.1096131189697,0.9998354142393429,A - VIP / Whale
14669.0,2.0,574.88,632.2716906203157,434.88424462698566,0.9833615774808929,B - High Value
14671.0,1.0,183.5,227.05970575519274,186.63531152346388,0.9494509480597946,D - Low Value
14672.0,1.0,191.73000000000002,237.04476972834155,123.84798046456442,0.97880961868177,D - Low Value
14676.0,2.0,217.86,240.85197944624247,232.76209665003984,0.9937666514675837,C - Medium
14679.0,1.0,478.15999999999997,584.5565405459613,260.1725183696976,0.9793998151237328,C - Medium
14680.0,31.0,715.4445161290322,719.6425958528805,5811.676174503445,0.9998657814315224,A - VIP / Whale
14681.0,1.0,89.55000000000001,113.07468020509191,58.785149750246546,0.8839375403869492,D - Low Value
14682.0,2.0,109.57499999999999,122.13346668929742,104.36121927381313,0.9941672369957367,D - Low Value
14685.0,4.0,829.845,868.9406055750455,1073.3988027226073,0.9927869513477451,A - VIP / Whale
14692.0,4.0,112.73,118.86563764403077,217.92436774338773,0.9983283535766033,C - Medium
14693.0,3.0,169.72,181.57496737645607,439.61279929047305,0.9981979426133546,B - High Value
14695.0,1.0,636.04,776.1047665582009,344.52034873291234,0.97967838177352,C - Medium
14699.0,1.0,175.07999999999998,216.84412390174035,240.46069127846891,0.9750304191861029,C - Medium
14701.0,1.0,553.02,675.3805853855627,347.74206177826466,0.9778110039968744,C - Medium
14702.0,8.0,236.655,242.43783794218874,549.4409057451262,0.9991509212846464,B - High Value
14709.0,8.0,360.21875,368.77740929215275,824.0246931336083,0.9995573721733199,A - VIP / Whale
14710.0,6.0,157.33666666666667,162.71154991614463,278.5038200364404,0.9977093010723426,C - Medium
14713.0,6.0,210.39333333333332,217.3694087766983,372.4217527724741,0.9986834710886772,B - High Value
14714.0,1.0,314.12,385.53468220388,194.044167587307,0.9655198675914431,D - Low Value
14715.0,2.0,261.72,288.93799292474466,233.24493968720887,0.9954174562636425,C - Medium
14722.0,1.0,120.05000000000001,150.07886625382076,233.3033541434477,0.97789529876505,C - Medium
14723.0,2.0,144.255,160.1549657188108,112.08091014113225,0.9948075803267143,D - Low Value
14732.0,7.0,251.4857142857143,258.4979385979019,517.1371291096406,0.9984566371086333,B - High Value
14734.0,1.0,238.72,294.0554812834159,274.77543019216904,0.9774675738432693,C - Medium
14735.0,14.0,265.11571428571426,268.7505471559192,1008.5666407060506,0.9995334242903143,A - VIP / Whale
14738.0,1.0,196.25,242.52866877556298,106.93736098446504,0.9730953038493924,D - Low Value
14739.0,13.0,400.7053846153846,406.4820444284593,1414.2067766791045,0.9996836391612077,A - VIP / Whale
14740.0,5.0,370.092,384.33268156857076,740.16544833447,0.9993019921000141,A - VIP / Whale
14744.0,2.0,512.38,563.7496695896183,735.147297310292,0.9723909815934209,A - VIP / Whale
14745.0,5.0,187.25,194.82890655757683,397.2261216549587,0.9978323418383556,B - High Value
14748.0,2.0,182.405,201.98080735594846,190.83195967846083,0.9947648980944077,D - Low Value
14751.0,1.0,61.349999999999994,78.86097376003767,32.862429371503985,0.9036234529983199,D - Low Value
14754.0,2.0,73.135,82.18238754755964,66.09664723301954,0.9950353027467378,D - Low Value
14755.0,8.0,367.665,376.39093699072674,836.0816199553119,0.9994114218031044,A - VIP / Whale
14758.0,1.0,617.05,753.0651110478613,516.5939232616385,0.9771818050059278,B - High Value
14766.0,2.0,680.5350000000001,748.106796732289,1116.612192905758,0.996825446794973,A - VIP / Whale
14769.0,5.0,478.16400000000004,496.34224158753875,753.1772305854739,0.9991300212482408,A - VIP / Whale
14770.0,5.0,364.988,379.04271937358214,729.8495523530283,0.9991264313710796,A - VIP / Whale
14771.0,1.0,307.25,377.199640952904,161.62252732020758,0.9566182384020837,D - Low Value
14790.0,3.0,242.21,258.5764570993337,251.88852630789594,0.996599766920826,C - Medium
14796.0,4.0,170.225,179.00321708553415,223.16966460036178,0.999016631245052,C - Medium
14798.0,3.0,114.26666666666667,122.67043879643158,156.04374270419106,0.9952218373057681,D - Low Value
14805.0,1.0,170.86,211.72420045499823,138.21007515495305,0.9759369041852463,D - Low Value
14817.0,2.0,506.85,557.6868411688222,566.7305455013716,0.9950334273788427,B - High Value
14818.0,2.0,202.055,223.5241307679997,210.14906521353242,0.9975814663222157,C - Medium
14819.0,1.0,167.45,207.58701112955015,96.31623542044969,0.9823138296138265,D - Low Value
14820.0,1.0,149.92000000000002,186.31870354154307,96.16660091719577,0.9570270482847119,D - Low Value
14821.0,1.0,204.2,252.17402218826442,126.76407425823868,0.9288540351826864,D - Low Value
14824.0,2.0,409.57500000000005,451.03916763664483,437.0920219339338,0.98856998516541,B - High Value
14825.0,6.0,188.81000000000003,195.13471404012205,518.3926899965594,0.9967818238315381,B - High Value
14826.0,1.0,207.3,255.93510339321722,125.34124221150623,0.9646084536101983,D - Low Value
14828.0,6.0,854.7066666666666,881.127414091259,1527.2219872022192,0.9986983011048255,A - VIP / Whale
14831.0,1.0,842.82,1026.9810154485667,420.86409984788133,0.9175574095334951,B - High Value
14835.0,1.0,118.8,148.56230125182367,98.31114612638984,0.972365297568734,D - Low Value
14837.0,3.0,386.50666666666666,411.8535752587879,461.73046403781524,0.9985476517369191,B - High Value
14839.0,1.0,184.02,227.69059679602353,108.53328774988081,0.9663819750182921,D - Low Value
14841.0,5.0,408.538,424.1794461744746,617.5902148507703,0.9987016811060326,B - High Value
14844.0,2.0,764.9200000000001,840.6224886470953,937.4014563602261,0.9959647958448351,A - VIP / Whale
14849.0,7.0,740.7257142857143,760.3390930066216,1678.7638800873938,0.9988530117222191,A - VIP / Whale
14852.0,4.0,526.095,551.2296784447446,904.3264177297506,0.9986543775465935,A - VIP / Whale
14853.0,1.0,161.4,200.24683651988428,138.79302432239592,0.9650984974504688,D - Low Value
14854.0,2.0,476.76,524.6975993638032,428.1954302649135,0.9962798033826817,B - High Value
14855.0,2.0,2125.425,2332.215324204998,2556.5279401891244,0.9970016814609617,A - VIP / Whale
14857.0,1.0,743.35,906.2988388496467,553.850315921184,0.9645900615072244,B - High Value
14861.0,5.0,113.326,118.21151523658543,175.14383225136592,0.9988251408623885,D - Low Value
14867.0,10.0,168.006,171.383353306753,468.5380217573868,0.9957800499428695,B - High Value
14869.0,2.0,603.5799999999999,663.7370026776118,482.317563856382,0.9972483254906305,B - High Value
14870.0,2.0,393.55,433.470121444374,357.12253821180474,0.9956648280882597,B - High Value
14871.0,4.0,147.8975,155.6495027628945,186.74719472163724,0.9984837900395236,D - Low Value
14872.0,2.0,256.31,283.0067267843275,281.03171510141135,0.9967258538303078,C - Medium
14876.0,1.0,53.1,68.85164474685692,59.994435041401964,0.9673796356136647,D - Low Value
14878.0,7.0,184.16714285714286,189.44547028202393,483.9931758704296,0.9991990777010448,B - High Value
14882.0,5.0,193.56,201.36880887935942,441.83458238783805,0.9962227637831265,B - High Value
14890.0,1.0,389.81,477.3657262048074,255.7816016297915,0.9316588210999127,C - Medium
14895.0,10.0,1055.361,1074.6143475078582,2992.020668995893,0.9994885108632897,A - VIP / Whale
14896.0,5.0,212.786,221.29530048610934,325.7273733356066,0.9980704621539866,C - Medium
14897.0,1.0,320.5,393.2752299740731,176.03449390382193,0.9648829740876732,D - Low Value
14898.0,5.0,227.09,236.12046099494898,344.7163599156131,0.998543991208605,C - Medium
14901.0,1.0,123.6,154.38591085949247,215.05546530707085,0.9835116699042816,C - Medium
14905.0,3.0,239.86666666666667,256.08728400533533,243.98758693716138,0.9976540453912774,C - Medium
14909.0,1.0,752.78,917.7398052247125,502.4561320872501,0.9660025768345174,B - High Value
14911.0,79.0,1089.396582278481,1091.8721120737455,21953.257363521243,0.9999433534070642,A - VIP / Whale
14912.0,1.0,457.33,559.2845013526819,284.34965697512183,0.9590095671221203,C - Medium
14915.0,4.0,201.01,211.20315417757138,255.00671376666634,0.9990733287501478,C - Medium
14916.0,2.0,259.16999999999996,286.14229446669214,298.91142586025353,0.9800625709316357,C - Medium
14918.0,4.0,615.255,644.4876414503005,1219.7819872704456,0.9991039188245968,A - VIP / Whale
14924.0,1.0,310.82,381.53095059860766,219.58032854730274,0.9268734554738722,C - Medium
14930.0,2.0,973.4749999999999,1069.2722501840085,1193.7922463667414,0.997148466759971,A - VIP / Whale
14942.0,2.0,165.715,183.68268685991103,130.2226919736814,0.9903591539923761,D - Low Value
14944.0,2.0,659.36,724.8915360070887,648.5796174809791,0.9970110203120969,B - High Value
14947.0,2.0,132.96,147.77166607814317,151.82542324811627,0.9933908388014214,D - Low Value
14949.0,3.0,142.84666666666666,153.0291444976296,152.49450921358905,0.9984999805402165,D - Low Value
14952.0,10.0,614.0600000000001,625.4178692416152,1706.6116015616485,0.9996653307779478,A - VIP / Whale
14958.0,2.0,135.95,151.0497595642517,104.93128035860909,0.9903353886782665,D - Low Value
14961.0,6.0,920.27,948.6693771451153,1629.996442964257,0.9986501106020232,A - VIP / Whale
14962.0,2.0,59.25000000000001,66.95953535537993,82.47202133946676,0.9890633255985504,D - Low Value
14966.0,1.0,187.44,231.83991864148754,86.50839455100149,0.8043470944821969,D - Low Value
14967.0,1.0,533.36,651.5280510341526,273.08760136248486,0.9357867635590733,C - Medium
14970.0,4.0,614.7475,643.9568157860417,980.8613366644272,0.9960071134585052,A - VIP / Whale
14978.0,3.0,209.14666666666668,223.45539320264808,366.13211730620714,0.995992014010645,B - High Value
14984.0,1.0,392.5,480.6293740891051,235.87567955506637,0.9729238003268724,C - Medium
14987.0,2.0,179.92499999999998,199.26185356145038,125.16163246340243,0.8980289792540237,D - Low Value
14988.0,1.0,123.78,154.60429621978005,104.84998009544873,0.9312646989629385,D - Low Value
14990.0,1.0,105.18,132.03780899006344,57.712772981372765,0.9590277813570833,D - Low Value
14994.0,1.0,164.95,204.553881125556,127.6083016986147,0.9406631013089932,D - Low Value
15002.0,4.0,463.3375,485.58772450439943,661.6435588292617,0.9978841641438984,B - High Value
15003.0,5.0,137.75799999999998,143.53368536745577,248.15437642939628,0.999038396413457,C - Medium
15005.0,21.0,263.9319047619048,266.3349078983018,1461.1349726466153,0.9998522423291446,A - VIP / Whale
15008.0,1.0,240.0,295.6084438454609,181.86517682444259,0.9829163646333061,D - Low Value
15013.0,9.0,157.2711111111111,160.81737357276148,478.9805485466212,0.9989240748575464,B - High Value
15015.0,10.0,223.542,227.91296827928662,641.4818081375374,0.9985204587627725,B - High Value
15023.0,5.0,573.434,595.0833658658631,1056.8204513188516,0.9982914508627038,A - VIP / Whale
15027.0,2.0,315.40999999999997,347.8011498709549,355.1823179618627,0.9873864057759905,C - Medium
15030.0,2.0,276.93,305.61351196277514,287.7975917399452,0.991503038905082,C - Medium
15031.0,6.0,287.15333333333336,296.4459416560619,514.1285075898376,0.996397924285226,B - High Value
15032.0,2.0,639.275,702.8712993286637,501.6216387785125,0.9969530986341908,B - High Value
15034.0,1.0,436.03,533.4422337186516,425.9189459704792,0.9683625834575834,B - High Value
15039.0,28.0,434.6710714285714,437.54810807931614,3256.1475045229486,0.9998670508458178,A - VIP / Whale
15043.0,4.0,479.78499999999997,502.79118285493644,1456.500735390693,0.9988505872664177,A - VIP / Whale
15044.0,7.0,595.5085714285715,611.3816516458079,1247.5645980418117,0.9975865166611867,A - VIP / Whale
15046.0,8.0,216.02249999999998,221.34183522393087,558.8851747664273,0.9989407787577657,B - High Value
15051.0,3.0,319.8233333333333,341.02013607608836,323.1172857968015,0.997858275828072,C - Medium
15055.0,2.0,152.35,169.0299378827067,122.82893304048812,0.9972483254906305,D - Low Value
15057.0,1.0,560.94,684.9895412382162,294.5573334440904,0.9545345797332899,C - Medium
15058.0,2.0,234.625,259.2323263675167,238.14554996570322,0.9973383198587286,C - Medium
15059.0,6.0,217.58333333333334,224.7763951159717,388.66499102863725,0.9992085169419277,B - High Value
15061.0,31.0,1572.6906451612901,1581.776997078396,12664.061204366088,0.9998235612784873,A - VIP / Whale
15062.0,2.0,238.35000000000002,263.3162388209463,288.2431146959593,0.9956238485876581,C - Medium
15064.0,2.0,269.535,297.50598643442305,220.01920631021335,0.9967445079986532,C - Medium
15070.0,1.0,306.05,375.7437385509868,168.23933510851955,0.9651820842486611,D - Low Value
15073.0,1.0,246.88,303.95561761645286,154.57940074222245,0.9560163486004615,D - Low Value
15076.0,1.0,10.95,17.713072879515252,20.08328450973278,0.9751046537117509,D - Low Value
15077.0,1.0,1554.6,1890.5495251457542,846.5336655293894,0.9824574061010481,A - VIP / Whale
15078.0,12.0,449.6766666666667,456.66983598356046,1481.8503141726883,0.999649741253299,A - VIP / Whale
15079.0,4.0,497.81499999999994,521.649875912251,638.9189932493607,0.9989147578181632,B - High Value
15081.0,3.0,228.26666666666665,243.76534607202893,550.163777674549,0.9984246037197053,B - High Value
15086.0,1.0,108.5,136.0658056353677,85.79958215091504,0.958910346963075,D - Low Value
15093.0,8.0,815.5025,834.2889676383844,1880.2220807039455,0.9994077840512362,A - VIP / Whale
15094.0,1.0,33.0,44.46527951474381,26.664269508497696,0.9849817249160675,D - Low Value
15095.0,3.0,326.46666666666664,348.07692409363995,386.06578329852834,0.9979022406890222,B - High Value
15101.0,3.0,345.82,368.63473203639194,603.5276063535408,0.9951986064077752,B - High Value
15102.0,1.0,198.77999999999997,245.59819633960504,231.77745701397325,0.9569197609977151,C - Medium
15109.0,1.0,266.95,328.305585288518,142.97157357811787,0.9694605222586249,D - Low Value
15122.0,4.0,416.805,436.9165023918374,794.6654492300368,0.9990468674571144,A - VIP / Whale
15124.0,1.0,132.6,165.30517887387145,96.35253681968095,0.98357439749237,D - Low Value
15125.0,4.0,610.0,638.9911116657089,1166.633376546212,0.9985174111173469,A - VIP / Whale
15126.0,1.0,257.04,316.28225795268514,160.82051481716502,0.9754178329892272,D - Low Value
15129.0,7.0,321.75,330.57199275651783,1019.862500726753,0.9995313848300775,A - VIP / Whale
15137.0,1.0,430.58,526.8300103099442,275.02219761006825,0.9779956397601737,C - Medium
15141.0,5.0,220.766,229.56604858877574,500.9219815723237,0.9992978888453795,B - High Value
15142.0,1.0,847.04,1032.100938895309,1401.3731692144052,0.976090922152882,A - VIP / Whale
15144.0,5.0,617.524,640.7797673503948,963.5970025271648,0.9989971237683197,A - VIP / Whale
15149.0,2.0,354.99,391.19477534927495,361.0977740367274,0.9869998304503643,B - High Value
15150.0,1.0,1662.55,2021.5200787182223,2003.0113396995398,0.9856286762006163,A - VIP / Whale
15157.0,1.0,269.84,331.8118835731352,147.31171337243978,0.9712513237507675,D - Low Value
15164.0,3.0,179.13,191.57060840683653,210.18174150064166,0.9970182874627912,C - Medium
15173.0,4.0,172.4425,181.32263759882284,330.8027220059533,0.9934384893502071,C - Medium
15179.0,5.0,664.2760000000001,689.2351577383472,1005.186924766766,0.9975124804981013,A - VIP / Whale
15182.0,2.0,528.69,581.631176197789,527.7143105841296,0.9961579638147633,B - High Value
15183.0,2.0,173.95,192.7111483509157,236.76638898747063,0.9866045231435976,C - Medium
15186.0,2.0,414.19500000000005,456.104315431234,360.47081747899335,0.9972078719832805,B - High Value
15189.0,1.0,184.44,228.20016263669453,289.4736324937328,0.9851541953193168,C - Medium
15191.0,1.0,245.29999999999998,302.0386794539285,154.5864331418789,0.9851047258353619,D - Low Value
15192.0,1.0,310.83000000000004,381.5430831186237,197.08506296622198,0.9644073559104702,C - Medium
15194.0,6.0,385.885,398.1572220807757,682.5499140329055,0.999242886028097,A - VIP / Whale
15198.0,1.0,126.51,157.9164741841417,77.39845195480653,0.9465054445539531,D - Low Value
15199.0,3.0,313.6,334.40948719060475,593.3438286111547,0.9984634994917173,B - High Value
15203.0,5.0,336.354,349.36545105632024,517.6679612173782,0.9989085563457688,B - High Value
15215.0,1.0,69.75,89.05229057345808,58.13658319752507,0.9383316727186293,D - Low Value
15218.0,8.0,530.2325,542.610465496743,1425.643657047157,0.9986895984253892,A - VIP / Whale
15221.0,1.0,463.8,567.1342418030188,334.83252705032425,0.9432474132867797,C - Medium
15222.0,9.0,281.0388888888889,287.0504686369039,737.9389865929332,0.9994311383492125,A - VIP / Whale
15223.0,2.0,216.0,238.8127641003689,166.48983269991066,0.9881546137700334,D - Low Value
15224.0,2.0,232.94,257.3849726805291,205.13957937119815,0.9958549061781671,C - Medium
15227.0,2.0,275.53000000000003,304.07861869168755,302.17083444485695,0.9974331731764717,C - Medium
15240.0,2.0,466.48,513.427097344674,360.530729909181,0.9953096690503007,B - High Value
15241.0,1.0,552.62,674.8952845849236,380.51229661226296,0.9622473493182955,B - High Value
15245.0,3.0,348.76,371.7577059608679,595.7342974853628,0.998202815546752,B - High Value
15247.0,1.0,308.5,378.7162059549011,388.6128802272839,0.9812367909194795,B - High Value
15248.0,1.0,467.47,571.5868766488823,598.6582244201525,0.98138161750469,B - High Value
15249.0,3.0,453.9066666666667,483.44828359541305,681.1719224069814,0.9963722719078454,A - VIP / Whale
15251.0,7.0,1147.09,1177.1699372820935,2767.617596898319,0.9984343668316754,A - VIP / Whale
15252.0,1.0,394.83000000000004,483.4562512528277,319.49837275086554,0.9456297371594095,C - Medium
15253.0,1.0,501.33000000000004,612.6675894229793,468.19322957818525,0.9709412303776765,B - High Value
15254.0,1.0,337.65,414.08250180147303,355.7187739414734,0.948208193146944,C - Medium
15255.0,3.0,380.05,404.9950712999332,386.2458726317575,0.9986524318474834,B - High Value
15259.0,2.0,439.915,484.3024975257865,400.39485897144755,0.9957549879139672,B - High Value
15260.0,12.0,421.9583333333333,428.53946556661504,1398.6656682443117,0.9996746586960121,A - VIP / Whale
15265.0,1.0,1545.38,1879.3633416910238,806.0021471480574,0.9629891876533619,A - VIP / Whale
15266.0,1.0,80.2,101.73077399015371,43.89683236342772,0.8665040189796086,D - Low Value
15268.0,1.0,414.30000000000007,507.07826772393435,357.88178601456025,0.9827301088011193,B - High Value
15270.0,5.0,591.304,613.6044521559194,905.8908766270652,0.9691594427688305,A - VIP / Whale
15271.0,2.0,186.455,206.42103431873767,487.8757295344747,0.997527642750857,B - High Value
15272.0,2.0,308.3,340.00608475850277,300.4377170414816,0.995497530367641,C - Medium
15278.0,1.0,238.44,293.7157707229685,159.85810272897012,0.9672815862080502,D - Low Value
15279.0,2.0,315.015,347.3680906980409,294.2266011209861,0.9958858437972617,C - Medium
15280.0,1.0,151.5,188.23564170406738,157.07207974538144,0.9799213682056167,D - Low Value
15283.0,1.0,14.850000000000001,22.44475568574616,26.27606672131881,0.9767883445346416,D - Low Value
15288.0,1.0,434.06,531.0521272755042,284.5616270907827,0.9523239679706718,C - Medium
15289.0,1.0,213.69,263.6877836834263,173.81162634910083,0.985465335962898,D - Low Value
15290.0,4.0,311.35499999999996,326.6198200349971,517.8054019088045,0.9989660404570505,B - High Value
15291.0,16.0,353.21000000000004,357.36394638861344,1514.3581349745743,0.9968878850122087,A - VIP / Whale
15296.0,2.0,2146.34,2355.1455333227104,1916.7464066839375,0.9968960975716751,A - VIP / Whale
15298.0,8.0,381.95,390.99684508864567,881.2595021816967,0.9994950311663319,A - VIP / Whale
15303.0,1.0,347.96,426.591129937945,218.21171038648026,0.9681516008848668,C - Medium
15306.0,5.0,384.574,399.34232743609147,748.3053653485166,0.998097627820713,A - VIP / Whale
15309.0,3.0,174.73666666666668,186.90385145393486,176.90263532322277,0.9882497472526444,D - Low Value
15311.0,79.0,561.889746835443,563.1889973471036,11323.35196907497,0.999928733135507,A - VIP / Whale
15312.0,4.0,273.31,286.8261995488332,357.1106740130909,0.9917394947001247,B - High Value
15321.0,3.0,864.75,919.8608744269686,1060.7671109440917,0.9924247990942768,A - VIP / Whale
15323.0,2.0,163.2,180.92536073363576,160.27770660694983,0.9907789071451912,D - Low Value
15325.0,4.0,187.64000000000001,197.21864357433807,303.4440403118339,0.9987862319209827,C - Medium
15326.0,3.0,360.33666666666664,384.05485838683717,360.57637013910875,0.9887641094718249,B - High Value
15329.0,4.0,206.055,216.48003196315943,269.1958580153247,0.9964348851373089,C - Medium
15331.0,1.0,402.32,492.5435087447942,340.07363642882143,0.9791001570423498,C - Medium
15339.0,2.0,209.28500000000003,231.45075816083082,200.5746431825291,0.9976113915970567,C - Medium
15353.0,3.0,444.09999999999997,473.03128894030164,449.70396579358123,0.9983506478642128,B - High Value
15358.0,8.0,521.13125,533.304758736072,1198.4433917226247,0.999439213210006,A - VIP / Whale
15359.0,3.0,58.083333333333336,62.99047791543178,62.83484133261433,0.9154926983227604,D - Low Value
15361.0,2.0,99.375,110.95067285708762,172.493377217537,0.987351930882138,D - Low Value
15365.0,1.0,655.64,799.8845057895152,429.9504315962777,0.9828717984346871,B - High Value
15366.0,2.0,405.09999999999997,446.1329909308468,410.7262695019158,0.9919458103263129,B - High Value
15367.0,4.0,456.93,478.88572363003766,590.0817226331693,0.9990852785918588,B - High Value
15369.0,7.0,848.3285714285714,870.7134328934828,1737.5998347124182,0.9989023063096341,A - VIP / Whale
15372.0,2.0,1171.92,1286.8378895989965,1137.8958673826132,0.9962104737043141,A - VIP / Whale
15373.0,3.0,133.16,142.73961816596628,238.75707538499975,0.9966341854364189,C - Medium
15378.0,1.0,136.5,170.03686168010236,230.71269731126478,0.9841148909063556,C - Medium
15380.0,4.0,240.21,252.2048606582555,301.8755619043269,0.9961142977635071,C - Medium
15381.0,1.0,750.36,914.8037353808463,702.7368419134991,0.9612357432620849,A - VIP / Whale
15382.0,2.0,1121.765,1231.8503381622825,859.5470754107988,0.9918809874011012,A - VIP / Whale
15389.0,2.0,439.5,483.8475113061427,400.11106304506086,0.9925979292389403,B - High Value
15393.0,2.0,235.82,260.54246740962367,187.93030748783465,0.9928388833698691,D - Low Value
15394.0,3.0,528.68,562.875212250565,555.8519674873979,0.9984113398552937,B - High Value
15400.0,1.0,287.1,352.75261312071103,312.7553858309142,0.9786296125798125,C - Medium
15402.0,2.0,231.685,256.0090504982327,306.7941647370043,0.9966852071389486,C - Medium
15403.0,1.0,75.12,95.56745382203756,42.80532245735987,0.9827551153824411,D - Low Value
15410.0,1.0,353.4,433.1912208266363,302.9934332127657,0.9470028587954952,C - Medium
15413.0,4.0,1557.1200000000001,1629.6425464102379,1652.4973405531218,0.8438846441326615,A - VIP / Whale
15416.0,1.0,199.47,246.43534022070747,131.17722254429992,0.9835740712215235,D - Low Value
15420.0,4.0,134.7225,141.86895473016457,171.62977209805342,0.9952874903236946,D - Low Value
15421.0,4.0,455.73,477.6305693500167,583.2251684129724,0.9987805132457322,B - High Value
15422.0,1.0,459.71,562.1720411164843,299.79756870656803,0.9648741636844849,C - Medium
15423.0,1.0,69.84,89.16148325360187,56.417382248883506,0.9459935725902451,D - Low Value
15425.0,2.0,512.19,563.541362645685,497.4676364563677,0.9945152740337299,B - High Value
15426.0,1.0,158.45,196.66774311517116,151.26791817040308,0.9772516597193474,D - Low Value
15428.0,1.0,197.28000000000003,243.77831833720862,107.53007523894476,0.9451841961191298,D - Low Value
15430.0,1.0,118.0,147.59169965054554,161.5335611727941,0.9833897620651894,D - Low Value
15443.0,6.0,255.45833333333334,263.7944212077629,619.4579702774948,0.9990870373120353,B - High Value
15446.0,1.0,107.34,134.6584333135144,59.072748609925355,0.9512695280450963,D - Low Value
15447.0,2.0,118.205,131.5949873532161,134.66875726065624,0.9936426924815601,D - Low Value
15452.0,1.0,204.15,252.11335958818455,313.47211646719165,0.9815913945206002,C - Medium
15456.0,5.0,241.43,250.98293314936458,371.817001295438,0.9987101295346453,B - High Value
15461.0,1.0,219.7,270.97942821302826,171.23576383241885,0.9852656532733222,D - Low Value
15465.0,9.0,237.4911111111111,242.63526727549288,612.8346265767088,0.9995146336183136,B - High Value
15466.0,1.0,166.05,205.88845832731346,88.72210547131334,0.9620726565686437,D - Low Value
15480.0,2.0,1868.56,2050.6007812921966,1733.5265510082522,0.9974179659501402,A - VIP / Whale
15482.0,5.0,532.2700000000001,552.419572018976,793.5952903888813,0.9854055864054392,A - VIP / Whale
15483.0,1.0,134.49,167.59822515689106,86.01458383008251,0.9746505787473818,D - Low Value
15484.0,1.0,372.19,455.9882259366565,200.660891959744,0.9768207500775881,C - Medium
15485.0,1.0,321.08000000000004,393.9789161349998,160.92692934652575,0.9171739412542362,D - Low Value
15488.0,3.0,100.87333333333333,108.44355758493012,184.56265003121715,0.998698926730251,D - Low Value
15489.0,3.0,222.45000000000002,237.58667317156355,258.52941829932274,0.9986588572377094,C - Medium
15493.0,2.0,385.19,424.3046159113079,387.8216296991485,0.9960447685578311,B - High Value
15494.0,2.0,781.53,858.8329009562134,613.0547412342958,0.9971600182717513,B - High Value
15497.0,5.0,1023.5020000000001,1061.5494131178511,1620.5255013292976,0.9991286076471709,A - VIP / Whale
15498.0,8.0,587.1525,600.8091556565994,1386.5011089708255,0.9995053468658149,A - VIP / Whale
15504.0,2.0,111.655,124.41387954919904,109.09820803071072,0.9951019699038851,D - Low Value
15513.0,8.0,649.16125,664.2109130081453,1669.052585731622,0.9973820042077306,A - VIP / Whale
15514.0,4.0,309.6675,324.8547593287177,389.70540767602995,0.98979150262255,B - High Value
15518.0,5.0,328.33000000000004,341.0490998312833,523.0285164496177,0.9976959519922081,B - High Value
15521.0,3.0,654.7533333333332,696.7948491797358,733.4119550717274,0.9976562668904384,A - VIP / Whale
15523.0,10.0,834.757,850.0634403233145,2312.991939954829,0.9996756573671178,A - VIP / Whale
15527.0,8.0,261.625,267.9687812537069,615.9624150088958,0.9985408572594786,B - High Value
15532.0,2.0,367.57,404.9868877423337,610.3810360136885,0.9942141466365393,B - High Value
15538.0,5.0,562.5,583.7509899567711,1074.462961769255,0.9948694754094739,A - VIP / Whale
15542.0,1.0,377.72,462.6975095054916,202.6499402760265,0.9806253109793768,C - Medium
15544.0,9.0,367.93888888888887,375.6814205537246,1106.7638810892781,0.9983149411551782,A - VIP / Whale
15547.0,7.0,433.88,445.59007926589925,884.416919858934,0.999297531011955,A - VIP / Whale
15549.0,3.0,74.25,80.16329371328695,85.8282338244896,0.9955009481641716,D - Low Value
15550.0,4.0,176.60250000000002,185.67383910289547,224.00393939703952,0.9982770551319375,C - Medium
15555.0,12.0,388.7266666666667,394.81380530905545,1288.663666155147,0.999730278512614,A - VIP / Whale
15561.0,2.0,348.66499999999996,384.2603468209683,338.7299259069119,0.9931170082478656,C - Medium
15563.0,2.0,518.88,570.8759597768108,475.1432819341013,0.9956339741527274,B - High Value
15564.0,1.0,35.7,47.74105991905752,25.451287050298752,0.9850750533605871,D - Low Value
15569.0,2.0,570.71,627.6999013771475,583.5390806821752,0.994038485788316,B - High Value
15570.0,5.0,411.79200000000003,427.55200436069975,932.6505246939695,0.9989931978416505,A - VIP / Whale
15571.0,3.0,216.04333333333332,230.78128101414543,221.2347313183913,0.9951610466100678,C - Medium
15573.0,2.0,160.825,178.32152393446927,125.86533070437702,0.985999350958599,D - Low Value
15577.0,1.0,14.2,21.656141884707672,8.096297483131806,0.8106909648864903,D - Low Value
15580.0,4.0,144.1775,151.75852449482957,225.96272880895867,0.9984133754025668,C - Medium
15581.0,13.0,219.67307692307693,222.96850771293913,775.3946592452526,0.9992411599999417,A - VIP / Whale
15586.0,2.0,229.44,253.54773950281006,196.0886259708686,0.9884964672804849,C - Medium
15590.0,1.0,313.76,385.0979114833048,257.54712008148454,0.9355157171998004,C - Medium
15591.0,2.0,88.3,98.80857073044805,83.62267602522745,0.9881221091687331,D - Low Value
15600.0,1.0,375.06,459.47025918124183,336.4071132533177,0.9631244938925039,C - Medium
15601.0,9.0,680.95,694.9273669095305,1708.5159099096118,0.9986018860590772,A - VIP / Whale
15602.0,3.0,121.58666666666666,130.44600652675942,123.91192904802575,0.9975360161695086,D - Low Value
15605.0,3.0,138.67333333333332,148.59607947104922,159.63236863789166,0.9891547599491116,D - Low Value
15606.0,4.0,297.275,311.89267648275137,505.98223064792285,0.9991066750661328,B - High Value
15607.0,7.0,177.21,182.30913514422866,398.0366695459745,0.9940921290142817,B - High Value
15611.0,9.0,103.11444444444444,105.58196598578081,308.26017869534286,0.9995370402247123,C - Medium
15614.0,1.0,610.08,744.6087445967256,477.62069460056904,0.9795456309623483,B - High Value
15615.0,17.0,460.9123529411765,465.944602800435,2092.3544204923573,0.9998082658117821,A - VIP / Whale
15622.0,3.0,793.1366666666668,843.7906116226139,1083.2087140463766,0.9927764833219411,A - VIP / Whale
15623.0,5.0,307.504,319.4643128656027,476.2531237743814,0.9991492994293932,B - High Value
15625.0,3.0,216.89333333333332,231.68418163856876,498.9290938586769,0.9980179681477118,B - High Value
15627.0,1.0,286.74,352.31584240013586,403.6824115646246,0.9854124686826927,B - High Value
15628.0,5.0,311.832,323.95000181151,487.2025603260105,0.9991004696251864,B - High Value
15629.0,1.0,470.78,575.6027407741705,606.7330700052555,0.9741558574860684,B - High Value
15633.0,12.0,346.71416666666664,352.17678334494315,1153.9344980493895,0.9977716871348153,A - VIP / Whale
15637.0,2.0,87.45,97.87667124443057,70.86500798217945,0.9965821966749817,D - Low Value
15638.0,1.0,348.0,426.63966001800895,277.20963377898454,0.9255623938929038,C - Medium
15640.0,7.0,945.7371428571429,970.6309170219648,1972.5950105453558,0.9994674243017504,A - VIP / Whale
15641.0,5.0,470.22200000000004,488.11087799964696,719.0901356176337,0.9989505300627409,A - VIP / Whale
15650.0,1.0,194.8,240.7694533732464,152.46921017800702,0.9751764069859532,D - Low Value
15658.0,1.0,360.72,442.0722254783313,194.4494445828958,0.9820226636526881,C - Medium
15660.0,3.0,152.83333333333334,163.63734163791293,190.68040422674093,0.9958091965351243,D - Low Value
15661.0,2.0,115.49999999999999,128.62935428300753,164.72015926961026,0.9968671748139118,D - Low Value
15662.0,1.0,177.88000000000002,220.24122950621387,91.72667858473082,0.9351752592802293,D - Low Value
15664.0,1.0,117.30000000000001,146.7424232494272,83.7535053878996,0.9557931886380332,D - Low Value
15665.0,1.0,671.63,819.2844052950619,508.5092832513019,0.9836647512706416,B - High Value
15666.0,1.0,226.68,279.44792718417995,399.06872648951367,0.9807983477911704,B - High Value
15673.0,3.0,744.9366666666666,792.5908350376683,983.2264248640316,0.996676134721566,A - VIP / Whale
15674.0,6.0,620.02,639.3581604042488,1112.215241905608,0.9994274366179667,A - VIP / Whale
15680.0,5.0,340.07000000000005,353.2168420274366,514.4809674779998,0.9991090783387503,B - High Value
15681.0,2.0,142.8,158.55977306921616,218.0948195128839,0.991858960485183,C - Medium
15682.0,1.0,190.76,235.86791528679177,117.54002501994299,0.95596278120447,D - Low Value
15684.0,2.0,32.275,37.38543107853093,26.15586590204694,0.9945223675597988,D - Low Value
15691.0,1.0,197.7,244.2878841778796,106.70147495312352,0.9667578346673049,D - Low Value
15694.0,4.0,373.5875,391.7126439778331,478.115584472387,0.9983693226766408,B - High Value
15695.0,1.0,372.45,456.30367145707186,231.93760029943388,0.9555228353499197,C - Medium
15696.0,3.0,218.12333333333333,232.99073195391074,260.2341779416534,0.9948298186376351,C - Medium
15702.0,1.0,112.57,141.0037412818702,73.54427274178586,0.9838326637134809,D - Low Value
15704.0,1.0,683.1700000000001,833.2853333934991,650.6549969965897,0.9770620603495671,B - High Value
15711.0,1.0,313.6,384.9037911630492,196.74546541911653,0.9707308025899939,C - Medium
15712.0,4.0,395.825,414.97222172947124,498.17490777211395,0.9990736221401328,B - High Value
15713.0,1.0,239.08,294.49225200399104,130.82995632566337,0.9548008056966877,D - Low Value
15714.0,1.0,31.0,42.03877551154848,36.924700158328776,0.9413359693266381,D - Low Value
15715.0,2.0,149.03500000000003,165.39552988723855,172.81387802114574,0.9888349490143924,D - Low Value
15716.0,5.0,192.46800000000002,200.2370222968893,295.75614559794616,0.9986378058012297,C - Medium
15717.0,2.0,115.70000000000002,128.8486247503058,153.53563163034573,0.9959310024674428,D - Low Value
15719.0,13.0,280.38846153846157,284.51605746162835,987.0887667324724,0.9997306878278471,A - VIP / Whale
15722.0,3.0,595.9533333333334,634.3353706902174,835.2369448671654,0.9984666304547436,A - VIP / Whale
15727.0,4.0,680.5374999999999,712.7706491881897,1010.9962652719992,0.998312515015346,A - VIP / Whale
15732.0,6.0,169.74166666666667,175.4909192539313,366.81540463994105,0.9978309914231079,B - High Value
15738.0,17.0,383.5429411764706,387.7668843516814,1782.0133615433144,0.9997360333920349,A - VIP / Whale
15741.0,1.0,145.47,180.91973213443345,120.80878990398332,0.9854610240839021,D - Low Value
15747.0,3.0,207.04666666666665,221.2246975423081,242.91238693811772,0.9978219842270405,C - Medium
15750.0,4.0,383.0825,401.64405221849887,481.90081622639286,0.9985067187253683,B - High Value
15751.0,6.0,183.58333333333334,189.75031228769706,328.1650903078159,0.9994044663511021,C - Medium
15754.0,5.0,231.738,240.93780901264242,458.3733576779928,0.9983814981303147,B - High Value
15755.0,8.0,338.0375,346.09786438511986,771.1524537746161,0.9996004163417038,A - VIP / Whale
15757.0,1.0,737.4,899.0799894401405,861.2751438181035,0.9774889340487657,A - VIP / Whale
15759.0,3.0,150.72000000000003,161.39248283052322,153.30828757320424,0.9975360161695086,D - Low Value
15766.0,1.0,314.4,385.8743927643273,201.64619564772215,0.9857052946171874,C - Medium
15768.0,29.0,499.1493103448276,502.31971940674794,3788.406881843901,0.999365760430984,A - VIP / Whale
15769.0,14.0,1668.814285714286,1690.296519236987,6475.085398323801,0.9997111104573435,A - VIP / Whale
15771.0,2.0,345.145,380.40118659651944,299.9408708409136,0.9851981301510684,C - Medium
15774.0,3.0,156.15333333333334,167.1639652533075,206.85222311716427,0.9979076936913177,C - Medium
15779.0,1.0,56.7,73.21935195260853,77.98311475179028,0.984301913519797,D - Low Value
15784.0,1.0,382.14,468.06008335255325,252.93963717640196,0.9846800305152267,C - Medium
15785.0,5.0,397.07399999999996,412.29775992773676,623.6734524459267,0.99895676805567,B - High Value
15789.0,2.0,461.345,507.79732809679206,525.7255779930817,0.9967627577239719,B - High Value
15791.0,2.0,844.16,927.4974477906545,889.395939389974,0.9939185837236327,A - VIP / Whale
15793.0,3.0,275.5733333333333,294.0161918046394,278.8148383035028,0.9986960438474402,C - Medium
15794.0,1.0,102.0,128.17966762498284,45.430771532553756,0.793569105061847,D - Low Value
15795.0,4.0,218.3575,229.3479782381241,315.2145450859346,0.9869435346304886,C - Medium
15796.0,3.0,395.9533333333334,421.8881649435553,607.0877357165582,0.9959338523870025,B - High Value
15797.0,1.0,313.0,384.1758399620906,196.70271400559835,0.9625076206367928,C - Medium
15798.0,2.0,584.5450000000001,642.8679359525028,533.7544528547337,0.9966004125781764,B - High Value
15803.0,1.0,401.12,491.087606342877,261.80423428109384,0.9850750533605871,C - Medium
15805.0,4.0,488.77,512.1891505265933,630.8235898246099,0.9986190299323103,B - High Value
15808.0,14.0,761.0478571428572,770.9882457998821,2868.7891247112293,0.9996117463131522,A - VIP / Whale
15809.0,1.0,589.12,719.1789826432384,750.945743060407,0.9850899514615988,A - VIP / Whale
15810.0,2.0,422.67499999999995,465.40138324467887,397.5884238402145,0.9974410410223067,B - High Value
15812.0,5.0,550.2520000000001,571.0567389841574,863.9613324468401,0.9991149452057633,A - VIP / Whale
15817.0,1.0,1258.86,1531.74237819326,1504.7096058743746,0.9771808497035053,A - VIP / Whale
15819.0,2.0,466.445,513.3887250128969,511.99585681403346,0.9928377377339426,B - High Value
15822.0,3.0,160.09,171.3456344197543,164.7296603483016,0.9980203567429492,D - Low Value
15823.0,1.0,70.80000000000001,90.32620517513564,32.947802720402876,0.8026714448372438,D - Low Value
15827.0,9.0,148.1222222222222,151.48624893290594,417.7251860711458,0.9984349642369185,B - High Value
15838.0,5.0,1473.896,1528.3533380492213,2312.5740984263566,0.9992457229639655,A - VIP / Whale
15841.0,2.0,314.82000000000005,347.1543019924252,247.45880334292457,0.9957598973333494,C - Medium
15845.0,2.0,249.235,275.25003400365256,227.22993029858188,0.9943032538675459,C - Medium
15850.0,1.0,129.74,161.83527814930216,72.92536031518159,0.9771367534431735,D - Low Value
15854.0,5.0,244.93400000000003,254.61459998542261,379.51268247451094,0.9989825264937932,B - High Value
15856.0,14.0,677.3950000000001,686.2717799253903,2568.468454233356,0.9997004510392492,A - VIP / Whale
15858.0,6.0,243.91,251.8975718000612,440.50112236892693,0.9988267015669671,B - High Value
15860.0,4.0,108.08000000000001,114.00191480894962,138.31275286760754,0.995259901113891,D - Low Value
15861.0,3.0,274.2266666666667,292.58571395261185,332.56472917246225,0.998707282438228,C - Medium
15862.0,4.0,254.8425,267.5098981602609,336.211700548614,0.9981329022043076,C - Medium
15863.0,2.0,74.47999999999999,83.65698144014024,60.252927466271714,0.9854716963523276,D - Low Value
15867.0,11.0,296.13909090909095,301.2851114190526,926.5069604310352,0.9982545414044162,A - VIP / Whale
15873.0,1.0,138.24,172.14792016288231,231.39973693210584,0.9663172437386744,C - Medium
15874.0,7.0,521.78,535.754083583875,1171.778685561951,0.999037355952413,A - VIP / Whale
15878.0,1.0,118.63999999999999,148.36818093156802,65.23393495990535,0.9731549807514879,D - Low Value
15879.0,2.0,299.84,330.73094399178757,240.6774349164317,0.9957005265107839,C - Medium
15882.0,2.0,143.005,158.78452529819683,113.1440529629976,0.9954004470228318,D - Low Value
15885.0,8.0,126.86,130.17632729388532,336.60150304462746,0.9995743875796786,C - Medium
15887.0,1.0,195.0,241.0121037735659,221.51583737912728,0.9850168554079256,C - Medium
15889.0,4.0,125.36249999999998,132.0787513460012,161.52804820734656,0.9916017349071045,D - Low Value
15890.0,1.0,23.75,33.24269849996539,21.88595064507096,0.9125017410784513,D - Low Value
15898.0,15.0,179.7466666666667,182.1240947775356,744.6148088949992,0.9993077006228781,A - VIP / Whale
15901.0,1.0,34.849999999999994,46.70979571769949,46.22515776610632,0.984415438271008,D - Low Value
15903.0,1.0,314.4,385.8743927643273,193.37060419968185,0.983818544268323,D - Low Value
15908.0,1.0,575.2,702.2905147809989,860.1234199158148,0.9747351799503812,A - VIP / Whale
15910.0,5.0,184.552,192.0326060085801,326.5010736896621,0.9991871893142239,C - Medium
15911.0,6.0,239.17999999999998,247.02482557130415,409.7589111238291,0.9502251783466771,B - High Value
15912.0,2.0,109.6,122.16087549770971,86.82084292354895,0.9928099847529753,D - Low Value
15916.0,3.0,233.62666666666667,249.45893118603948,241.9222096125516,0.995069322311394,C - Medium
15917.0,2.0,165.43,183.37022644401105,126.82837750752665,0.9888511291175808,D - Low Value
15920.0,2.0,72.72500000000001,81.73288308959827,58.913591615237394,0.9951063942344426,D - Low Value
15938.0,3.0,72.66333333333334,78.47787921436344,155.02473414176953,0.9986948586759581,D - Low Value
15943.0,1.0,145.59,181.06532237462517,88.52281569262394,0.906517802192025,D - Low Value
15944.0,1.0,616.0,751.7911964461837,340.9030004222385,0.9832943681784828,C - Medium
15945.0,1.0,226.49,279.2174093038764,112.21715821926608,0.9024283635177534,D - Low Value
15946.0,1.0,1149.1599999999999,1398.6486336179958,871.4171299187751,0.9794245388865183,A - VIP / Whale
15950.0,3.0,850.3299999999999,904.5434308926342,1020.8585651447931,0.9984247223244458,A - VIP / Whale
15953.0,4.0,128.95999999999998,135.841599281314,163.98712507660838,0.9989025380880795,D - Low Value
15955.0,3.0,605.12,644.0725342869393,803.4778603495433,0.998525886153294,A - VIP / Whale
15956.0,1.0,291.2,357.72694632726143,160.78459814575555,0.9746366829398324,D - Low Value
15965.0,4.0,234.75500000000002,246.49913849366033,297.2450328878925,0.9978042529689569,C - Medium
15967.0,5.0,234.402,243.69887078526185,353.65350252658413,0.9982790158213083,C - Medium
15971.0,1.0,263.4,323.9985406828463,120.96318066832544,0.8215523927127909,D - Low Value
15972.0,3.0,357.74666666666667,381.3036670724179,596.9203824164894,0.9987009502424037,B - High Value
15976.0,2.0,360.825,397.5919912327008,593.6072070545013,0.9971072821192825,B - High Value
15980.0,1.0,2017.1799999999998,2451.7756360448025,2225.6135422911466,0.978674733383278,A - VIP / Whale
15981.0,10.0,496.579,505.83497352373456,2070.2992463188793,0.9996145013243433,A - VIP / Whale
15983.0,2.0,455.145,500.99994361054684,303.8122850664524,0.8570489439130267,C - Medium
15984.0,11.0,340.18636363636364,346.04764436009856,1025.6467637768312,0.9992392369379406,A - VIP / Whale
15985.0,2.0,334.32000000000005,368.53317255400276,517.8687445714709,0.996037983310282,B - High Value
15988.0,1.0,343.26,420.88884553043596,237.2786618394038,0.969387776220226,C - Medium
15990.0,4.0,254.835,267.50205344601073,430.21038032411843,0.998104187376501,B - High Value
15998.0,6.0,512.3116666666666,528.3993073269326,900.1468538585611,0.998690621493024,A - VIP / Whale
16003.0,1.0,609.4,743.7837332356391,318.14329247551683,0.9549576871199482,C - Medium
16004.0,3.0,563.8833333333333,600.2694612487401,675.1185101317036,0.9983605245149072,A - VIP / Whale
16008.0,4.0,176.28,185.33651639013982,320.85835905445504,0.9962155026548573,C - Medium
16011.0,8.0,158.20875,162.22931724730765,358.3087697968319,0.9994280267581998,B - High Value
16013.0,11.0,653.5109090909091,664.4601003136627,2009.7580468484994,0.9993300942267181,A - VIP / Whale
16017.0,2.0,170.75,189.202820874144,143.376798490567,0.9778873281713323,D - Low Value
16019.0,8.0,905.89125,926.7082728946514,2125.677755682509,0.9994032414384569,A - VIP / Whale
16027.0,8.0,124.8925,128.16462801613554,317.5966108377863,0.9995878030783022,C - Medium
16029.0,26.0,1144.446923076923,1152.3777641276836,7932.9572749809795,0.9998592080491608,A - VIP / Whale
16032.0,5.0,311.252,323.34886974389764,1217.7004280779124,0.9993026633028307,A - VIP / Whale
16033.0,1.0,268.69,330.41664377129797,520.1250834613633,0.9801312122952632,B - High Value
16037.0,1.0,300.6,369.13151514227957,214.77904410601553,0.9706461205562436,C - Medium
16040.0,1.0,166.35,206.25243392779274,141.2578260508769,0.9712078648585403,D - Low Value
16054.0,1.0,557.65,680.9979421529598,452.6343234846946,0.9766455914002006,B - High Value
16057.0,2.0,576.225,633.7462845128963,492.070414629831,0.9955973683937821,B - High Value
16059.0,3.0,234.38666666666666,250.2662305678768,457.75346512721364,0.996260452487144,B - High Value
16067.0,2.0,712.265,782.8940563691533,660.2242129431839,0.9915303160582195,B - High Value
16071.0,2.0,243.13,268.55680298937403,244.14933412111998,0.9944277467654864,C - Medium
16075.0,1.0,267.23,328.64529584896536,283.8913926266655,0.975636924395632,C - Medium
16081.0,1.0,167.15,207.22303552907087,108.8674034460607,0.9640203091390565,D - Low Value
16085.0,5.0,198.446,206.43282833169377,349.8419164074694,0.9992639605762736,C - Medium
16086.0,2.0,333.155,367.2559220819905,255.44765247395057,0.9944350125505568,C - Medium
16087.0,2.0,325.44,358.7975638059612,286.0871492849888,0.9832105693196475,C - Medium
16088.0,1.0,712.28,868.6030991600071,623.1142204794363,0.9344692613163406,B - High Value
16092.0,1.0,296.66,364.35130225598476,290.20433919617756,0.9762285581787968,C - Medium
16094.0,4.0,337.495,353.9612641014533,694.722223801663,0.9987601059093804,A - VIP / Whale
16096.0,1.0,306.57,376.3746295918176,216.90323313091062,0.9502932813842077,C - Medium
16098.0,5.0,340.666,353.8345570486382,535.3703998498617,0.9992048210028426,B - High Value
16099.0,2.0,273.2,301.5241177476631,284.1508266338683,0.9960760884011934,C - Medium
16101.0,1.0,387.6,474.6844392812766,419.50193596724995,0.9811361241884552,B - High Value
16103.0,11.0,338.8290909090909,344.6683316035357,1146.2589379723486,0.9994891061674965,A - VIP / Whale
16104.0,5.0,305.87,317.7707787302948,468.14329012485973,0.9989505300627409,B - High Value
16105.0,2.0,423.245,466.02630407647894,524.5744820913374,0.9961260533846662,B - High Value
16108.0,1.0,533.8,652.0618819148555,397.0442615732841,0.9493914158088305,B - High Value
16115.0,2.0,247.125,272.9367305736562,356.71587115296904,0.9959845906833242,C - Medium
16119.0,3.0,231.91333333333333,247.6389667901431,244.97329266446354,0.9971671329662496,C - Medium
16124.0,1.0,468.64,573.0063814907514,251.38840272447612,0.9682216225603484,C - Medium
16125.0,10.0,264.544,269.6485501199633,759.5436274923649,0.999300938193098,A - VIP / Whale
16126.0,7.0,514.07,527.8455002699775,1035.6761249304227,0.9993011648383492,A - VIP / Whale
16128.0,1.0,433.37,530.2149833944018,650.6253281637624,0.9687387130408102,B - High Value
16130.0,2.0,252.65,278.9940772327698,294.1310075675393,0.9890976489679731,C - Medium
16131.0,1.0,3181.97,3864.9594349857493,1666.227396167339,0.9652573366031107,A - VIP / Whale
16132.0,1.0,310.79999999999995,381.50668555857567,240.86508006045278,0.9681920966053492,C - Medium
16133.0,9.0,294.30333333333334,300.57912614851375,1125.5524274162876,0.99951660894196,A - VIP / Whale
16134.0,1.0,352.53,432.1356915852463,436.55045384841793,0.9854580095621612,B - High Value
16138.0,1.0,72.3,92.14608317753213,68.86439173355615,0.9687079299482921,D - Low Value
16139.0,1.0,120.15,150.20019145398052,56.53965889617531,0.840409071348275,D - Low Value
16143.0,3.0,372.91333333333336,397.4142468415398,386.3465864540369,0.9974940215764344,B - High Value
16145.0,3.0,302.17333333333335,322.27167016894543,545.5790259559831,0.9985071296235477,B - High Value
16147.0,1.0,511.73,625.285410239595,331.206730639657,0.965163085489399,C - Medium
16150.0,4.0,400.2375,419.5875286132983,527.855502100251,0.9990975318704832,B - High Value
16153.0,4.0,296.3625,310.9382362489855,750.4136308306283,0.9985686061759462,A - VIP / Whale
16155.0,1.0,169.4,209.95285253266562,210.7761000413406,0.9728773541707052,C - Medium
16156.0,5.0,334.43,347.3713508872062,505.7094410092642,0.9986011438421892,B - High Value
16158.0,7.0,68.81428571428572,71.12151681763926,140.51585091583937,0.9975955529066591,D - Low Value
16159.0,2.0,283.52,312.83847386025184,218.86312097071163,0.9973550568373398,C - Medium
16161.0,15.0,221.85733333333334,224.7340619898471,1112.1615423237142,0.9996885488995059,A - VIP / Whale
16163.0,2.0,182.275,201.83828155220462,140.41505087053383,0.9946113711770643,D - Low Value
16167.0,1.0,387.45,474.50245148103687,202.5588079120892,0.9585364570398799,C - Medium
16168.0,21.0,217.38285714285715,219.39295856349713,1210.4246712638032,0.9997696536652532,A - VIP / Whale
16170.0,12.0,363.0333333333333,368.7385368136174,1532.1093658339337,0.999682352328569,A - VIP / Whale
16172.0,2.0,366.695,404.0275794479039,785.9910656901197,0.9964019196597361,A - VIP / Whale
16174.0,3.0,344.4666666666667,367.1971726108396,566.1113655459299,0.9974570652213396,B - High Value
16175.0,2.0,254.6,281.1319642889276,390.89417733145103,0.9969480472567547,B - High Value
16176.0,2.0,206.10000000000002,227.95887596910646,238.2425756204653,0.9933616647628284,C - Medium
16177.0,4.0,325.72,341.64506272874786,554.1906095365882,0.9990006853277966,B - High Value
16180.0,3.0,1326.0566666666666,1409.8774360551695,3201.049703874638,0.9975673196597188,A - VIP / Whale
16182.0,3.0,733.0,779.911277641355,1026.7326583082263,0.9982859600202723,A - VIP / Whale
16186.0,8.0,386.06625,395.20556536922385,893.1237668170947,0.9992421474011445,A - VIP / Whale
16190.0,4.0,348.73,365.7126460481494,455.79067497738606,0.9986742483215871,B - High Value
16191.0,1.0,2031.48,2469.1251396676494,1104.3496529718059,0.9756066840583728,A - VIP / Whale
16197.0,8.0,237.42624999999998,243.22641383441973,561.2588863063644,0.9994335777974265,B - High Value
16199.0,4.0,73.425,77.75410516384483,134.40161426519788,0.9987867727945422,D - Low Value
16200.0,5.0,609.8199999999999,632.7950751971438,921.7171241440565,0.9991243900148644,A - VIP / Whale
16202.0,3.0,373.4666666666667,398.0020174441056,377.3047886187189,0.9955275856129064,B - High Value
16206.0,3.0,244.95666666666668,261.49406539158787,292.90188260865443,0.9976620026373045,C - Medium
16208.0,4.0,418.235,438.41222790886235,694.9013094406994,0.9987738301877863,A - VIP / Whale
16209.0,2.0,460.8,507.19981607340435,775.5743796173226,0.9899137037778266,A - VIP / Whale
16210.0,9.0,778.1944444444445,794.1088131665327,1958.3482930264468,0.9988037057433877,A - VIP / Whale
16212.0,1.0,342.37,419.8090512490141,217.60250357598318,0.9378295301669046,C - Medium
16221.0,2.0,213.845,236.45012481523045,587.3113352662014,0.9974479292303148,B - High Value
16225.0,7.0,203.0057142857143,208.76925908327775,507.0035992754012,0.9994342103992877,B - High Value
16227.0,1.0,392.8,480.9933496895844,497.46952703267084,0.9757346489768284,B - High Value
16229.0,2.0,334.0,368.1823398063255,506.21426645573695,0.9914458840602615,B - High Value
16232.0,1.0,308.52,378.740470994933,357.0055826837754,0.9799765501289792,C - Medium
16233.0,3.0,217.21,232.020556381001,220.51314094828302,0.9980545212961393,C - Medium
16234.0,2.0,120.91,134.5606204234247,189.20332903338442,0.9966520821362498,D - Low Value
16235.0,1.0,54.2,70.18622194861436,131.1218906155019,0.9833993750592503,D - Low Value
16242.0,3.0,515.9233333333333,549.3246213106905,740.8788569976053,0.9983829245888717,A - VIP / Whale
16246.0,1.0,660.35,805.5989227170403,440.32689358675555,0.9854304208087176,B - High Value
16253.0,2.0,965.1299999999999,1060.1231899359898,750.5538210361046,0.9948074035334264,A - VIP / Whale
16254.0,1.0,201.45,248.83757918387084,155.69452675793818,0.9795697720706396,D - Low Value
16255.0,5.0,273.446,284.16542328156606,488.0891317713682,0.999277420943523,B - High Value
16256.0,1.0,307.1,377.01765315266437,275.4619816669097,0.9798584803510344,C - Medium
16258.0,5.0,722.544,749.6261289722025,1518.2652751386695,0.9991947598556344,A - VIP / Whale
16266.0,4.0,146.1225,153.79292039036352,226.4905671347314,0.9980117466977073,C - Medium
16271.0,4.0,338.685,355.2059587624741,587.5810956570679,0.9990893253246113,B - High Value
16273.0,1.0,76.5,97.24174158424233,49.73256295235444,0.8794160416435906,D - Low Value
16275.0,1.0,895.4,1090.773805692572,661.0044396258605,0.9837207756228096,B - High Value
16276.0,1.0,761.4300000000001,928.2344350385325,649.0616604604568,0.9826086680067896,B - High Value
16278.0,1.0,291.15999999999997,357.6784162471975,490.9127016195157,0.9778603336569579,B - High Value
16279.0,3.0,755.04,803.3229597146371,1280.4214337074682,0.9976577476721653,A - VIP / Whale
16282.0,1.0,869.28,1059.083663410841,491.7516547087512,0.9830293749390439,B - High Value
16283.0,1.0,622.26,759.3861539761851,442.18782149989477,0.9751259812276512,B - High Value
16286.0,1.0,56.0,72.37007555149016,47.18571994558832,0.9831379568546808,D - Low Value
16287.0,1.0,137.70000000000002,171.4927640820196,82.29884701229133,0.9267577607971441,D - Low Value
16290.0,3.0,370.6233333333334,394.9817263357406,740.3929678036059,0.9984468568904051,A - VIP / Whale
16292.0,2.0,253.375,279.78893267672595,315.33159899205475,0.9973659341754204,C - Medium
16293.0,1.0,284.67,349.8044107568287,155.74458315468974,0.9711782302134774,D - Low Value
16296.0,3.0,312.5566666666667,333.30122093395966,326.33217741604636,0.9810496761232734,C - Medium
16300.0,1.0,443.21000000000004,542.1533830901228,275.0475763988511,0.9341729209890408,C - Medium
16303.0,1.0,609.98,744.4874193965658,457.5496915869037,0.9582439671180535,B - High Value
16307.0,1.0,359.07,440.0703596756951,347.91665799266,0.9588519211938948,C - Medium
16308.0,1.0,640.0,780.9092444845277,353.5470085174311,0.975933135210227,C - Medium
16314.0,1.0,420.95,515.1463935345588,940.8846069069339,0.9848596323859109,A - VIP / Whale
16317.0,1.0,476.36,582.3726869430855,442.43296402964575,0.9555030075560272,B - High Value
16320.0,2.0,1189.94,1306.594158702567,1083.8416536839447,0.9956952652305053,A - VIP / Whale
16321.0,1.0,34.8,46.64913311761961,19.839346177812516,0.9549480394701924,D - Low Value
16325.0,5.0,284.262,295.37549990793696,432.7716077538085,0.9992486499805078,B - High Value
16326.0,8.0,149.48250000000002,153.30703474541997,405.7283025436922,0.9991176754080233,B - High Value
16327.0,8.0,628.175,642.7532134057685,1474.5685117194328,0.9995558493817283,A - VIP / Whale
16329.0,1.0,402.79,493.1137371855451,207.66202737507444,0.9455967087509324,C - Medium
16331.0,2.0,579.9,637.7753793495012,611.3451271877957,0.9974701372463236,B - High Value
16332.0,2.0,75.52000000000001,84.79718787009107,102.65834958739742,0.9969654427168485,D - Low Value
16335.0,6.0,413.92,427.0382877305016,731.1899099059601,0.9951875957947878,A - VIP / Whale
16336.0,1.0,1166.99,1420.2809168064825,897.6900335786084,0.9854789265854276,A - VIP / Whale
16344.0,2.0,266.11,293.75097968194086,255.00119021485278,0.9957697184099861,C - Medium
16347.0,4.0,253.065,265.65070088297983,444.0092737453748,0.9896109560316518,B - High Value
16351.0,10.0,283.75300000000004,289.2012253937929,791.3878235361983,0.9996080811942173,A - VIP / Whale
16353.0,9.0,183.19444444444446,187.25707104330675,468.87056745588706,0.9995818605791319,B - High Value
16359.0,5.0,110.6,115.3861945188074,214.70843134945605,0.9984533996546501,C - Medium
16365.0,4.0,271.7875,285.23372255605665,352.40132897889674,0.9988117393833883,C - Medium
16366.0,2.0,488.59000000000003,537.6674475044937,388.37371636987257,0.9912937220152633,B - High Value
16369.0,2.0,281.275,310.3771628648292,338.75820916644295,0.9971614758332501,C - Medium
16383.0,2.0,630.375,693.1137635338924,590.8357419763925,0.9952757194908293,B - High Value
16390.0,2.0,136.85000000000002,152.03647666709378,126.79795912628337,0.9942412939269057,D - Low Value
16391.0,2.0,214.59,237.26690730591636,333.0487470949938,0.994954958020661,C - Medium
16393.0,5.0,201.908,210.02096491457988,304.8550325387407,0.9985233260128723,C - Medium
16395.0,2.0,153.805,170.62513053230134,120.34389468535932,0.9968252624046954,D - Low Value
16400.0,5.0,324.0,336.5613380161773,498.4607076142246,0.998438008502625,B - High Value
16401.0,3.0,228.80666666666664,244.3389535275449,485.1611696562369,0.9978838010987815,B - High Value
16409.0,4.0,472.8225,495.508673126065,615.8347192261699,0.998844667212074,B - High Value
16412.0,1.0,99.49,125.1344051009727,64.74423429781788,0.9460849520345077,D - Low Value
16414.0,1.0,103.48,129.9752805873474,63.55965200291729,0.9600442621960645,D - Low Value
16415.0,1.0,320.44,393.20243485397725,204.46307050620453,0.9608383051074411,C - Medium
16416.0,1.0,328.77,403.30882402728577,231.44963850715757,0.9794295526270687,C - Medium
16419.0,1.0,290.81,357.25377804663833,191.27922261529088,0.9618623332213251,D - Low Value
16422.0,28.0,623.7157142857143,627.7869680848579,5172.243749304562,0.9998348843998103,A - VIP / Whale
16430.0,1.0,117.44,146.91227852965085,75.88324870370698,0.9709831539088227,D - Low Value
16434.0,3.0,139.85333333333332,149.84951798495456,164.13168484250826,0.9986413916832769,D - Low Value
16435.0,1.0,599.4,731.6512132196624,868.392891645029,0.9598437523760718,A - VIP / Whale
16436.0,2.0,81.195,91.01898737967836,62.30983649906193,0.9675258609225693,D - Low Value
16442.0,1.0,127.62,159.2631839059151,70.60103141409374,0.9612705028624414,D - Low Value
16444.0,5.0,141.596,147.5115213596906,316.1641185752717,0.9984145234465873,C - Medium
16447.0,1.0,309.3,379.68680755617925,207.50527637319465,0.953765137664808,C - Medium
16450.0,1.0,785.52,957.4616757570202,532.3189920245359,0.9559976669725699,B - High Value
16451.0,1.0,438.53,536.4753637226457,234.54469801638766,0.9732726958822141,C - Medium
16452.0,1.0,138.49,172.45123316328173,82.74017877751085,0.9388573443298582,D - Low Value
16453.0,1.0,102.25,128.48298062538225,119.83946254075309,0.9577322494233451,D - Low Value
16454.0,1.0,22.5,31.726133497968313,20.038214608155943,0.9037566934585607,D - Low Value
16456.0,5.0,569.408,590.9106801689541,1294.5498696064706,0.9989913505934351,A - VIP / Whale
16458.0,6.0,177.52666666666664,183.51086204269947,629.1110216918275,0.9991946943062149,B - High Value
16461.0,1.0,687.15,838.1140763598577,480.61891356164324,0.9492827529419309,B - High Value
16466.0,5.0,294.87800000000004,306.3782896144416,613.0189179796289,0.9989013152124017,B - High Value
16467.0,6.0,456.34,470.7384769533077,803.9480637196018,0.998356438692375,A - VIP / Whale
16468.0,1.0,611.02,745.7492014782273,1225.1041950235551,0.9807014968210066,A - VIP / Whale
16470.0,3.0,226.10666666666665,241.470916249965,235.59105226653412,0.9981489133351484,C - Medium
16471.0,1.0,339.85,416.75165620498797,236.8663772116339,0.9627291393619809,C - Medium
16485.0,2.0,359.88,396.5559382747167,277.9029422824148,0.9904365463904833,C - Medium
16487.0,1.0,107.2,134.48857803329074,74.26448021917264,0.9601400291924765,D - Low Value
16493.0,1.0,140.7,175.13252008681255,113.19209554134547,0.974568134112226,D - Low Value
16497.0,9.0,266.89000000000004,272.61974952542465,673.765584684953,0.9981036154157543,A - VIP / Whale
16499.0,2.0,240.78,265.9803749986198,407.4670448106482,0.9917355132246287,B - High Value
16503.0,3.0,309.06,329.5869356201555,738.318542679259,0.997729991268148,A - VIP / Whale
16510.0,4.0,229.475,240.97645966156816,334.1151269443318,0.998936790951573,C - Medium
16519.0,1.0,59.849999999999994,77.04109575764117,45.369637764258684,0.9824105189124157,D - Low Value
16520.0,1.0,366.52,449.1090870875977,256.82842183753405,0.9503169629913624,C - Medium
16523.0,3.0,382.5833333333333,407.68606923939086,457.0126397296075,0.9984479868094599,B - High Value
16525.0,18.0,530.298888888889,535.7330493288166,2541.030770021499,0.999761500646934,A - VIP / Whale
16529.0,2.0,581.125,639.1184109617029,1094.3711946708308,0.9962722023106338,A - VIP / Whale
16538.0,1.0,169.51,210.08631025284134,152.48303230482958,0.9640799367104882,D - Low Value
16539.0,3.0,311.95,332.6567977431948,766.1954557672053,0.9981245427219199,A - VIP / Whale
16544.0,1.0,110.3,138.24965923824348,76.86691540388428,0.9774478236340028,D - Low Value
16549.0,14.0,230.89714285714285,234.0969018685633,1308.5583633160568,0.9997072766774129,A - VIP / Whale
16550.0,10.0,475.043,483.9136650382749,1316.45135020161,0.9994780574125824,A - VIP / Whale
16551.0,2.0,334.23,368.4345008437185,262.336002788598,0.985904795435953,C - Medium
16553.0,6.0,756.105,779.5500569244181,1672.3361535579636,0.9989516792599155,A - VIP / Whale
16554.0,2.0,319.07500000000005,351.81928118419506,254.26075104618036,0.9947642368190895,C - Medium
16556.0,7.0,531.0171428571429,545.2291437483481,1085.5652946060197,0.9995156831958771,A - VIP / Whale
16558.0,7.0,325.5128571428572,334.4317682704712,657.9566634656632,0.9991321287181314,B - High Value
16560.0,4.0,346.9375,363.8377593423681,442.5884925548711,0.9920968908756184,B - High Value
16563.0,3.0,495.0466666666666,527.1486738175014,499.90081384684163,0.9987100503170284,B - High Value
16565.0,1.0,77.35,98.27300578560035,89.83527772365872,0.9796939117287478,D - Low Value
16569.0,3.0,302.96,323.1072958448823,313.88307133060385,0.9792404127062047,C - Medium
16570.0,4.0,332.47,348.7053055538656,634.0478786282531,0.9987653761264738,B - High Value
16571.0,4.0,262.855,275.89066788415073,476.5908416889108,0.9981603329564174,B - High Value
16584.0,1.0,506.64,619.1099575514628,346.63935239883085,0.9807108746458281,C - Medium
16585.0,1.0,252.27,310.4950459050643,151.37036191913214,0.9602252012976285,D - Low Value
16588.0,1.0,606.25,739.9619894306064,604.7832203666383,0.9755354448128215,B - High Value
16592.0,6.0,370.3766666666667,382.18086420248676,684.5205161399848,0.9990226642483755,A - VIP / Whale
16593.0,1.0,199.13,246.02283454016427,93.61430216411372,0.8446417673340404,D - Low Value
16595.0,1.0,222.17,273.97616065697446,134.37503835929834,0.9534526946957237,D - Low Value
16596.0,1.0,113.28,141.86515020300453,58.318571080008226,0.8993265832873928,D - Low Value
16600.0,2.0,147.445,163.65232967221758,119.67732583068906,0.9975987818118135,D - Low Value
16604.0,1.0,125.75,156.99440266292746,126.88587164746001,0.9335721465639747,D - Low Value
16607.0,5.0,262.412,272.7294039125408,689.7416590212706,0.9991556452910993,A - VIP / Whale
16611.0,3.0,346.56666666666666,369.42786827117953,487.91835854941996,0.9975478709267809,B - High Value
16612.0,2.0,325.375,358.72630090408927,250.77614122543446,0.9965988022457825,C - Medium
16619.0,1.0,369.71,452.9793609726943,250.40786827063638,0.9470064709366731,C - Medium
16620.0,2.0,244.55,270.11362330719146,187.1847125106525,0.9935953625843468,D - Low Value
16623.0,1.0,347.28999999999996,425.77825109687456,314.1792496025078,0.9659306275364293,C - Medium
16625.0,1.0,310.5,381.1427099580964,375.7662126672988,0.9807043279466743,B - High Value
16631.0,5.0,305.438,317.3230389833835,613.1198080298526,0.9987826440699221,B - High Value
16632.0,1.0,202.0,249.50486778474956,197.61961227863992,0.980936403427382,C - Medium
16634.0,1.0,315.4,387.08764476592495,190.43440086005234,0.9437569615189116,D - Low Value
16636.0,2.0,597.6700000000001,657.2575603689492,612.4365117951886,0.9848977153671513,B - High Value
16638.0,1.0,186.82,231.08770240049697,394.19993857448264,0.9855102992018574,B - High Value
16650.0,2.0,197.39,218.40964711826845,404.9977455899458,0.9953272780740079,B - High Value
16652.0,3.0,2412.0333333333333,2563.440977752207,3485.657942897278,0.9983796803072704,A - VIP / Whale
16654.0,2.0,229.05,253.12016209157852,275.02282810169584,0.9971261951478531,C - Medium
16655.0,4.0,335.8775,352.2694207281751,511.7294252451751,0.9982506087916863,B - High Value
16656.0,9.0,745.9000000000001,761.171099095923,1889.3401460808536,0.9995448555033883,A - VIP / Whale
16658.0,2.0,165.03500000000003,182.93716727109708,192.788952161005,0.9973535831339717,D - Low Value
16660.0,1.0,203.34000000000003,251.13062546689048,126.06807368115386,0.985543840127443,D - Low Value
16661.0,3.0,234.77666666666667,250.6805026190828,248.4707088219326,0.996149887417875,C - Medium
16668.0,3.0,90.15333333333335,97.05638735690904,132.41587887916705,0.9976241756974011,D - Low Value
16670.0,4.0,535.7025,561.2787573991623,691.5398122859874,0.9989893742913435,A - VIP / Whale
16680.0,1.0,97.5,122.72003361779335,124.83668345018586,0.9531647464765928,D - Low Value
16684.0,10.0,3748.5800000000004,3816.018717767006,10531.033224096533,0.9993789299808101,A - VIP / Whale
16686.0,3.0,346.46999999999997,369.3251854550686,354.6742002710597,0.9969223078602965,C - Medium
16693.0,1.0,232.79000000000002,286.86089691394176,163.1142837522753,0.9777479458960466,D - Low Value
16699.0,4.0,107.64,113.54169157294193,137.36360182379875,0.9981891214073758,D - Low Value
16700.0,6.0,410.96333333333337,423.99239209631736,724.7096412713536,0.9991790111438286,A - VIP / Whale
16701.0,10.0,341.569,348.051632683695,944.1600170939615,0.9994954319302458,A - VIP / Whale
16702.0,2.0,286.70000000000005,316.3248742902938,222.94786697658736,0.9932247851870973,C - Medium
16704.0,1.0,121.85,152.26271985669655,78.44995245106753,0.938812678867709,D - Low Value
16705.0,8.0,1669.656375,1707.631144728435,3860.3287679794716,0.9995680719236333,A - VIP / Whale
16707.0,2.0,84.795,94.96585579104655,91.21893696695422,0.9916680563678345,D - Low Value
16709.0,3.0,756.8966666666666,805.2951779413187,779.4390463791829,0.9960365084387969,A - VIP / Whale
16710.0,7.0,277.5514285714286,285.23501681642597,561.2098015965464,0.9963361516808847,B - High Value
16711.0,2.0,277.725,306.48511207028565,211.2221656100909,0.9853111707426911,C - Medium
16713.0,12.0,465.54583333333335,472.7749001363441,1584.457824917866,0.9997297399079405,A - VIP / Whale
16717.0,2.0,370.495,408.1937183265703,287.6023624069676,0.9928958671199197,C - Medium
16718.0,3.0,584.07,621.7124658821032,594.0500803520331,0.9919142378796364,B - High Value
16719.0,4.0,239.6275,251.59558785149534,312.74973870290415,0.9990310374179336,C - Medium
16722.0,6.0,323.095,333.47228852820615,571.4352344774942,0.998845947119498,B - High Value
16725.0,1.0,280.16,344.3326442296232,156.29621229877034,0.9842835333892519,D - Low Value
16727.0,1.0,293.5,360.5174259309361,176.71289551647615,0.9434427907897931,D - Low Value
16732.0,1.0,680.04,829.4878546284983,361.71038414025134,0.9595686848019093,B - High Value
16735.0,5.0,487.746,506.27335791833434,750.4189458444109,0.9992476088691405,A - VIP / Whale
16736.0,4.0,432.645,453.4845388881138,547.0390129517218,0.998164144768574,B - High Value
16742.0,12.0,180.63666666666666,183.63051698981437,616.7344480692283,0.9988845200692341,B - High Value
16743.0,6.0,284.45166666666665,293.66274164308965,842.3899166425409,0.9994425904416084,A - VIP / Whale
16746.0,17.0,430.8335294117647,435.5515347452789,1967.0066730439335,0.9997379747084018,A - VIP / Whale
16748.0,4.0,197.0875,207.10036862475295,254.6222617923039,0.9968683021811302,C - Medium
16749.0,1.0,2043.3600000000001,2483.53857344663,1112.0048997338772,0.9651820842486611,A - VIP / Whale
16754.0,15.0,3235.5206666666663,3274.1299986237664,17996.199062323205,0.999692568390089,A - VIP / Whale
16755.0,3.0,397.0566666666667,423.06016536192436,410.5060079057825,0.9985402612150874,B - High Value
16756.0,3.0,160.44333333333336,171.72095781657345,226.01891673972153,0.9980775205377903,C - Medium
16767.0,2.0,473.19000000000005,520.7836215225299,626.6478106887673,0.9958370644600966,B - High Value
16768.0,4.0,195.1375,205.0607429197189,250.47525176608707,0.9990982847108099,C - Medium
16769.0,1.0,366.9,449.57012284820485,204.59612454972807,0.9839286008117406,C - Medium
16771.0,4.0,379.3725,397.7635335694341,488.6965186048378,0.9990981377255443,B - High Value
16772.0,1.0,1104.25,1344.1614862262447,546.3012719617902,0.8682815579798228,B - High Value
16774.0,2.0,221.265,244.58505915199484,217.72392296569046,0.9955872055863662,C - Medium
16777.0,1.0,61.739999999999995,79.33414204066077,49.31273960291786,0.9731437511051624,D - Low Value
16779.0,25.0,758.3272000000001,763.8435852755814,4988.768747541962,0.9997889819728362,A - VIP / Whale
16782.0,13.0,259.2846153846154,263.1229619674526,934.2095865279864,0.9997184276181038,A - VIP / Whale
16784.0,1.0,105.05000000000001,131.88008622985575,86.50346671659325,0.9806337347479768,D - Low Value
16787.0,1.0,463.62,566.9158564427312,269.94410536932577,0.9470303705990812,C - Medium
16788.0,1.0,392.27,480.35032612873766,257.8051315061705,0.9710582479894033,C - Medium
16791.0,4.0,274.7,288.28008658985743,348.0411800360506,0.9989922959520569,C - Medium
16792.0,1.0,155.9,193.5739505110971,91.99686052592872,0.9635118288369169,D - Low Value
16794.0,2.0,143.41,159.22854799447575,162.51636509985212,0.9868314578615217,D - Low Value
16797.0,2.0,423.475,466.2784651138719,324.5059666775208,0.9949943778402537,C - Medium
16798.0,2.0,319.905,352.72925362348263,250.98085921645892,0.9939702756023375,C - Medium
16802.0,1.0,323.5,396.91498597886607,165.26069061504677,0.9135443211610027,D - Low Value
16805.0,2.0,310.825,342.77437440814293,242.02810447334053,0.9921354226882289,C - Medium
16807.0,2.0,364.12,401.2044721814392,415.5474657154806,0.9971901496522692,B - High Value
16809.0,2.0,187.615,207.6928030290674,233.0595965844538,0.9976279809681654,C - Medium
16814.0,10.0,397.288,404.76752177643846,1754.2367785458937,0.9991899592031729,A - VIP / Whale
16823.0,2.0,373.39,411.36765834071224,287.0184963293388,0.9975232772599645,C - Medium
16827.0,1.0,60.55,77.89037215875953,56.78917726361533,0.9403780117460329,D - Low Value
16830.0,1.0,179.97,222.77692618955297,94.02069801676667,0.915173060644056,D - Low Value
16835.0,2.0,398.34000000000003,438.72164913616666,588.5514109807309,0.9948462149903213,B - High Value
16838.0,1.0,229.53,282.9056953887333,156.38139076994264,0.9753109124549173,D - Low Value
16839.0,5.0,445.0280000000001,461.9989447040859,844.9372998483979,0.9993035377718927,A - VIP / Whale
16840.0,1.0,32.1,43.37335271330591,22.462500872983657,0.9503016049947204,D - Low Value
16841.0,4.0,374.6975,392.87366168685253,535.7337655626835,0.9986650376760756,B - High Value
16843.0,11.0,615.3763636363636,625.7063082759553,1904.2936801296319,0.999672814268385,A - VIP / Whale
16844.0,1.0,311.99,382.95045544047696,290.3273329304209,0.9437969635847319,C - Medium
16846.0,1.0,272.23,334.71155585695374,198.545021857589,0.9553116733103376,C - Medium
16858.0,6.0,386.73333333333335,399.03115718663804,706.9033168732946,0.997024301805741,A - VIP / Whale
16859.0,1.0,228.9,282.1413466277268,167.0688891932796,0.9764293485628196,D - Low Value
16860.0,1.0,662.2,807.843438919996,447.5366333450283,0.9739117113383148,B - High Value
16862.0,3.0,165.57666666666668,177.17376943073776,187.2285146663931,0.9952785508298095,D - Low Value
16873.0,4.0,1090.8225,1141.91312733685,1712.737273341012,0.9986048050977471,A - VIP / Whale
16875.0,3.0,394.12000000000006,419.94073222421093,442.0652065825869,0.9977832634908578,B - High Value
16883.0,15.0,125.52533333333332,127.2598663427491,509.8158794737489,0.9993256800494021,B - High Value
16884.0,1.0,223.23,275.262207778668,222.26808855774703,0.9430745015677902,C - Medium
16888.0,1.0,117.22,146.64536308929934,64.87293365292362,0.8883517259663305,D - Low Value
16889.0,1.0,296.79,364.5090250161924,311.4325706814144,0.9704622301776165,C - Medium
16890.0,2.0,58.56,66.20305224320101,83.02398521091075,0.9967865562326285,D - Low Value
16891.0,5.0,139.406,145.24172958715434,212.7507504148887,0.999008003524806,C - Medium
16892.0,1.0,139.01,173.08212420411252,76.63787899155005,0.9743531226289721,D - Low Value
16894.0,1.0,17.0,25.05324748918114,25.82004514938047,0.972293282091959,D - Low Value
16895.0,2.0,205.87,227.7067149317135,199.24933750862238,0.9929785100812466,C - Medium
16905.0,5.0,151.88,158.17021477921708,235.6625030256368,0.9985749866035416,C - Medium
16911.0,1.0,115.9,145.04387044719044,75.4975383734278,0.9117259723662136,D - Low Value
16912.0,1.0,342.04,419.40867808848685,178.80317710867638,0.9353957116225231,D - Low Value
16915.0,2.0,115.65,128.7938071334812,173.21299639792602,0.9973465870709786,D - Low Value
16918.0,7.0,210.65857142857143,216.6192277348525,425.9170913828665,0.9985302472195735,B - High Value
16919.0,2.0,147.69,163.92093599465792,448.10870481786674,0.9969618242272226,B - High Value
16923.0,6.0,470.9633333333333,485.80312649915487,1002.8395764664043,0.9992811777760234,A - VIP / Whale
16926.0,3.0,179.6,192.0698593403412,461.87960172989904,0.9986884377344045,B - High Value
16928.0,1.0,15.0,22.626743485985806,10.871601281455845,0.8816532494079522,D - Low Value
16933.0,3.0,421.16333333333336,448.667135227922,435.067116208676,0.9978843188820966,B - High Value
16934.0,2.0,199.68,220.92029396883322,230.09606535676443,0.9942271270555733,C - Medium
16938.0,2.0,921.755,1012.568907340686,905.4641691915842,0.9964519767874098,A - VIP / Whale
16939.0,2.0,139.325,154.74994869990937,144.2332880034768,0.9965986693196963,D - Low Value
16940.0,3.0,567.82,604.451130415187,583.4142207053932,0.996166299892521,B - High Value
16943.0,1.0,241.38,297.28273160766565,190.34580016809198,0.9695715849046186,D - Low Value
16945.0,7.0,358.81142857142856,368.5879973724978,737.6617238527972,0.99884162516951,A - VIP / Whale
16946.0,3.0,125.53333333333335,134.63829805349357,172.2029828898275,0.9968095569514996,D - Low Value
16947.0,2.0,20.200000000000003,24.1469766154002,22.787587731641096,0.9974732056415055,D - Low Value
16948.0,2.0,141.97500000000002,157.65528239161097,142.69842731696457,0.9937741070737829,D - Low Value
16950.0,4.0,315.10249999999996,330.5395622553125,469.0941996023085,0.998857160680372,B - High Value
16952.0,1.0,261.55,321.75402447989063,145.37831969945566,0.9855687543587555,D - Low Value
16954.0,7.0,383.5514285714285,393.9652154251339,892.6138175320754,0.998552948815622,A - VIP / Whale
16955.0,1.0,291.25,357.78760892734135,187.29302749815878,0.9706277737495362,D - Low Value
16960.0,1.0,311.85,382.7806001602533,222.65046650532867,0.9666092151687433,C - Medium
16974.0,1.0,276.25,339.58882890337634,290.8842986316654,0.9674539624503606,C - Medium
16975.0,1.0,36.480000000000004,48.6873964803037,63.75691777643719,0.9833970890440114,D - Low Value
16977.0,1.0,220.1,271.4647290136673,164.76241464780497,0.9463241595729771,D - Low Value
16984.0,5.0,655.6,680.2430511545459,1360.9923060074134,0.9988453475507418,A - VIP / Whale
16985.0,8.0,557.33125,570.3179805172878,1293.0150173902234,0.999532710009226,A - VIP / Whale
16986.0,2.0,125.6,139.70251288156823,118.6277256956009,0.9914325171873204,D - Low Value
16987.0,2.0,244.095,269.614782994088,186.4795945465272,0.9888511291175808,D - Low Value
16992.0,3.0,569.92,606.6818260755268,723.4965620345395,0.9975986618163044,A - VIP / Whale
16993.0,1.0,1231.15,1498.123165228989,1222.7659705716899,0.9846714634579065,A - VIP / Whale
17001.0,3.0,298.43,318.29536663472044,447.1533287550054,0.9976654128118927,B - High Value
17002.0,1.0,217.6,268.43159900967316,157.56769967298618,0.9528745409443813,D - Low Value
17005.0,1.0,288.61,354.5846236431235,271.7924546885006,0.9837235547698179,C - Medium
17011.0,1.0,68.28,87.2688101311095,45.12234327246185,0.8724953326840232,D - Low Value
17017.0,1.0,409.82,501.64289875677673,219.46584429633884,0.9767429946044766,C - Medium
17018.0,2.0,305.5,336.93629821632754,235.867937219491,0.9922379420941198,C - Medium
17019.0,2.0,400.875,441.5009023091717,307.41202927951804,0.9954800495121365,C - Medium
17020.0,1.0,618.76,755.1397719705933,442.9587774346313,0.9710326554249612,B - High Value
17021.0,3.0,169.33333333333334,181.16423611201256,298.3942521500728,0.996258143603448,C - Medium
17023.0,1.0,462.21,565.2051711204784,280.2321593120678,0.982919201956165,C - Medium
17027.0,1.0,104.4,131.09147242881727,56.15856196129407,0.9371903662754644,D - Low Value
17028.0,2.0,642.96,706.9113576886336,513.704409810109,0.9913215798500336,B - High Value
17029.0,2.0,309.075,340.8557578192834,300.935744148644,0.994662084197781,C - Medium
17031.0,2.0,141.5,157.13451503177765,198.23278920343657,0.9975544808697554,C - Medium
17032.0,4.0,540.0375,565.8130022357379,695.0983555250752,0.9960832219689648,A - VIP / Whale
17035.0,1.0,125.46000000000001,156.64255958246414,67.81391468172424,0.9665338716323983,D - Low Value
17043.0,1.0,207.14,255.74098307296157,113.19040077812542,0.9711064145352815,D - Low Value
17044.0,4.0,827.5550000000001,866.5453528240056,1058.2474239970693,0.9988996028317104,A - VIP / Whale
17046.0,1.0,356.67,437.15855487186076,288.4014624512464,0.9820732345649472,C - Medium
17047.0,1.0,443.28000000000003,542.2383107302347,236.540770068851,0.9599330156156592,C - Medium
17048.0,2.0,215.76,238.549639539611,192.30025271798866,0.9973300470114322,D - Low Value
17049.0,5.0,445.242,462.2207417083428,914.0238679566523,0.9988809002817721,A - VIP / Whale
17050.0,3.0,287.00333333333333,306.1575496130611,345.38024161251457,0.9980026372927358,C - Medium
17051.0,1.0,117.05000000000001,146.43911024902775,89.86268373731238,0.9449845866207938,D - Low Value
17059.0,3.0,451.60999999999996,481.0086815160888,542.4411317300631,0.997651527402427,B - High Value
17063.0,3.0,382.91,408.0330663421105,386.74106339436736,0.9981909379464299,B - High Value
17067.0,1.0,227.72,280.7097092658415,104.80151918497462,0.8215523927127909,D - Low Value
17068.0,17.0,166.63,168.58777394618008,1133.9298709946938,0.9997982167772028,A - VIP / Whale
17069.0,1.0,750.28,914.7066752207185,396.93767258674245,0.968832065361608,B - High Value
17071.0,2.0,258.13,285.0020880367414,234.32066933029142,0.9969812925460659,C - Medium
17075.0,4.0,205.0575,215.43668496789203,268.5267453220629,0.9987718284889835,C - Medium
17076.0,1.0,124.07,154.95613930024336,66.0251442821071,0.9485479160178926,D - Low Value
17080.0,2.0,42.3,48.376363251854784,84.84010637855292,0.9916447517202865,D - Low Value
17081.0,1.0,164.66,204.20203804509268,114.96206042117595,0.964445868266687,D - Low Value
17082.0,1.0,877.1800000000001,1068.6683542234625,472.0813006537644,0.9522419497865912,B - High Value
17083.0,3.0,370.19,394.5214240566227,466.45503138727224,0.9961673775794522,B - High Value
17085.0,12.0,228.9475,232.6594979344832,759.371218715781,0.9996982643502126,A - VIP / Whale
17090.0,1.0,51.0,66.30381554350183,82.98100026426056,0.9639372996916779,D - Low Value
17091.0,6.0,358.9983333333333,370.4591452089263,659.5672216795497,0.9990262803655152,B - High Value
17092.0,4.0,560.1775,586.8786749020894,858.4992612677866,0.9982748933579396,A - VIP / Whale
17095.0,2.0,315.895,348.3328807541531,252.37010265149542,0.9972496848489518,C - Medium
17096.0,3.0,389.7,415.2456489772096,822.6090136860137,0.9955773812378681,A - VIP / Whale
17107.0,2.0,1391.0900000000001,1527.1254311877635,1285.9390308812942,0.9969617662731368,A - VIP / Whale
17110.0,1.0,150.3,186.7797393021502,127.72326774935783,0.974089501237751,D - Low Value
17113.0,4.0,451.7425,473.4597962736971,638.692586101306,0.9911516466448639,B - High Value
17115.0,3.0,496.6133333333334,528.8128435958504,505.8277921418079,0.9958596974010019,B - High Value
17127.0,2.0,233.44000000000003,257.9331488487747,180.9240786813064,0.9970961870196021,D - Low Value
17133.0,4.0,1779.1175,1861.843473309362,3258.2270132932726,0.9987008443725233,A - VIP / Whale
17135.0,1.0,198.65,245.44047357939738,196.29529736146281,0.9802382554358817,C - Medium
17137.0,3.0,180.60999999999999,193.1427177293618,221.6586937905147,0.9980154282888863,C - Medium
17138.0,4.0,540.8225,566.6340823272516,832.8600428463719,0.9960730992186783,A - VIP / Whale
17139.0,5.0,1064.992,1104.5510846441205,1816.377071515783,0.998719024882176,A - VIP / Whale
17142.0,1.0,221.05,272.61731841518514,140.08336417661548,0.9758417374210622,D - Low Value
17145.0,2.0,1111.94,1221.0786764562567,1098.9480729546344,0.9954943287898523,A - VIP / Whale
17146.0,8.0,473.7825,484.89233374122847,1305.937836503737,0.9993558168788166,A - VIP / Whale
17147.0,3.0,257.1033333333333,274.3966923539351,293.53579146769573,0.9946476173393874,C - Medium
17150.0,3.0,218.80000000000004,233.70951166668698,223.91508045958037,0.9945980342226886,C - Medium
17155.0,4.0,124.42500000000001,131.09816206473488,158.01578269881517,0.9973555619965815,D - Low Value
17157.0,15.0,300.0493333333333,303.8531740817572,1217.3058069176711,0.999357942431045,A - VIP / Whale
17158.0,1.0,414.53,507.3573156843017,301.6816499088427,0.9690576751732185,C - Medium
17159.0,1.0,299.41,367.68774526037834,219.27787397553752,0.9833941732474083,C - Medium
17160.0,7.0,486.9414285714286,500.01818933225024,986.7609838850046,0.9993316635809885,A - VIP / Whale
17165.0,3.0,277.75666666666666,296.33540713404045,288.2652451597255,0.9951994228096455,C - Medium
17176.0,1.0,309.85,380.35409615705794,200.376137365958,0.9768194598969799,C - Medium
17180.0,5.0,235.26400000000004,244.59227740988578,415.91982900380026,0.9993189067465035,B - High Value
17184.0,1.0,147.86,183.81940441825188,81.3762713842381,0.9713237047643919,D - Low Value
17185.0,1.0,105.71000000000001,132.68083255091022,90.23124195397556,0.9163981746880085,D - Low Value
17188.0,4.0,346.25,363.11866053610606,444.3639790737641,0.998049355239612,B - High Value
17189.0,2.0,171.385,189.8990046078159,131.98084071652622,0.9936455699086,D - Low Value
17190.0,1.0,548.0,669.2900603375424,394.6906833834741,0.9686391293701819,B - High Value
17191.0,5.0,264.698,275.09869340661294,399.4528890213028,0.998859798379563,B - High Value
17201.0,2.0,209.29500000000002,231.4617216841957,201.48041593285177,0.994938428162525,C - Medium
17209.0,2.0,145.6,161.6295596113914,110.88907049347972,0.9780595953222309,D - Low Value
17211.0,3.0,292.09,311.5607902125512,296.88283932971666,0.9691295337051831,C - Medium
17212.0,1.0,119.04,148.85348173220711,233.07924651781192,0.9849983976136819,C - Medium
17213.0,5.0,356.694,370.4465308067256,560.1421906682914,0.9985576986049879,B - High Value
17218.0,3.0,165.41666666666666,177.0038116661404,198.73123760478634,0.9966373359303892,C - Medium
17220.0,2.0,264.42499999999995,291.9036259949532,236.9460373868166,0.9976143851084013,C - Medium
17221.0,1.0,241.3,297.18567144753786,195.78245072331362,0.9257595568231501,C - Medium
17222.0,4.0,264.15250000000003,277.2478034494234,375.6578943850201,0.9987546043346954,B - High Value
17227.0,3.0,130.29999999999998,139.70162312378898,151.6939554124576,0.9965431062556215,D - Low Value
17228.0,3.0,192.37666666666667,205.64169500079043,273.404508568817,0.9961779222890753,C - Medium
17230.0,9.0,664.7044444444444,678.358217849617,1681.0493779302196,0.9864174684362238,A - VIP / Whale
17231.0,9.0,315.24,321.9328280660263,805.9401972071719,0.9994042076189125,A - VIP / Whale
17235.0,3.0,155.46333333333334,166.43102239348153,334.06918965533896,0.9966829488634156,C - Medium
17236.0,4.0,152.04749999999999,159.9902446479669,263.81905528210524,0.995931354058153,C - Medium
17238.0,10.0,253.54899999999998,258.45683453686394,701.195735529555,0.9996089339470563,A - VIP / Whale
17241.0,8.0,234.28625,240.0158747075408,675.2277770995966,0.9966054637672211,A - VIP / Whale
17242.0,2.0,656.49,721.7450048013591,593.7880781919687,0.9976360606850776,B - High Value
17243.0,31.0,287.28806451612905,289.0446689087956,2314.3294066500207,0.9998983036647227,A - VIP / Whale
17246.0,1.0,15.44,23.160574366688778,10.067485903352585,0.9760401170702573,D - Low Value
17256.0,1.0,105.3,132.18339923025516,95.43495227068678,0.9821566642202609,D - Low Value
17259.0,1.0,318.82,391.236966611389,222.6809839289912,0.97504944365483,C - Medium
17262.0,4.0,266.475,279.6770499622139,349.63479079130326,0.9987705520020644,C - Medium
17266.0,1.0,90.41,114.11807692646587,69.17831263483708,0.980163251035126,D - Low Value
17268.0,5.0,138.43,144.23016941820666,213.67396709528555,0.9987341517716746,C - Medium
17270.0,1.0,214.78,265.01022836516773,118.24638394373103,0.9847233350651154,D - Low Value
17281.0,3.0,132.6,142.1447659898756,165.34568491759396,0.9975639866947091,D - Low Value
17282.0,1.0,279.85,343.95653610912797,330.16366435723796,0.985633761682839,C - Medium
17285.0,1.0,215.44,265.8109746862222,139.06837713649747,0.9231136685833129,D - Low Value
17287.0,7.0,210.65142857142857,216.61190090206216,426.3035987712907,0.9994701900506122,B - High Value
17289.0,3.0,202.54333333333332,216.44109462624576,283.2762774289681,0.9963983076794349,C - Medium
17290.0,2.0,206.71499999999997,228.63313265604847,164.11515111127645,0.9939095959983746,D - Low Value
17292.0,1.0,130.39999999999998,162.63602447035657,130.47538503746105,0.9832858056630075,D - Low Value
17293.0,6.0,176.505,182.4583625930067,312.7464595209225,0.9991251133336245,C - Medium
17298.0,1.0,221.62,273.30887205609577,165.1896622487732,0.9811407246504992,D - Low Value
17307.0,6.0,348.6116666666667,359.7590202978574,712.8804430195572,0.9990534671985136,A - VIP / Whale
17311.0,1.0,733.03,893.7780781931586,471.8109564270725,0.9686450715570816,B - High Value
17314.0,7.0,269.66857142857145,277.14912414900215,545.2109609495413,0.9990431077799304,B - High Value
17320.0,1.0,490.82,599.9163108861877,306.4897927771515,0.9800526772126508,C - Medium
17321.0,1.0,80.65,102.27673739087265,79.961682009667,0.9482077342561155,D - Low Value
17323.0,3.0,121.80999999999999,130.68323923984318,139.83859814707972,0.998153261706329,D - Low Value
17324.0,5.0,155.51,161.9324723747909,247.2260777617568,0.9992313959097769,C - Medium
17329.0,1.0,201.9,249.3835425845898,90.5266386001769,0.8104321073066569,D - Low Value
17330.0,1.0,9.95,16.499820877917585,9.636458699897636,0.9705445510809368,D - Low Value
17332.0,4.0,142.3525,149.84964402729773,234.21082507591245,0.9960158806245043,C - Medium
17338.0,4.0,552.5725,578.9241346524567,968.819060156604,0.998799678403372,A - VIP / Whale
17340.0,4.0,965.4875,1010.8174925981626,1543.6520804084025,0.9985923668728104,A - VIP / Whale
17342.0,2.0,307.275,338.8823236135993,292.7969692762367,0.9946301961130308,C - Medium
17343.0,3.0,223.01666666666665,238.18860692117906,226.9671670364823,0.9977972501967616,C - Medium
17345.0,2.0,219.345,242.48006266593183,168.31600651695112,0.9952565640046345,D - Low Value
17346.0,5.0,292.48400000000004,303.89706518364164,728.6628593427967,0.9991173029944268,A - VIP / Whale
17348.0,1.0,287.15999999999997,352.82540824080684,207.2033205650166,0.945787667947388,C - Medium
17349.0,1.0,121.8,152.20205725661665,94.72607628622099,0.970385315459605,D - Low Value
17350.0,1.0,114.26,143.05413716457025,75.2763133731716,0.9723207360629474,D - Low Value
17351.0,6.0,164.22166666666666,169.80433168887023,297.07793650045033,0.9992835526922694,C - Medium
17353.0,1.0,1160.0,1411.8002853153148,914.6566910989768,0.9810499356969197,A - VIP / Whale
17356.0,3.0,155.55666666666664,166.53016442282996,183.4162686084906,0.9942525373644038,D - Low Value
17362.0,3.0,123.92333333333333,132.92809804723294,138.3901460434038,0.9836612391164651,D - Low Value
17364.0,11.0,466.49,474.4022582383963,1429.2885679873198,0.998324032837405,A - VIP / Whale
17365.0,3.0,475.66333333333336,506.55899879388744,582.7306700550362,0.9969274187799747,B - High Value
17368.0,2.0,198.96,220.1309202865596,159.25551606711892,0.9958040984104309,D - Low Value
17371.0,1.0,84.37,106.79003483681598,46.33423936896763,0.9547648696260184,D - Low Value
17372.0,14.0,139.08285714285714,141.11523850203852,527.9485331277688,0.9993312446549767,B - High Value
17377.0,36.0,217.06305555555556,218.22993629606339,2028.1726313047948,0.9999114659776077,A - VIP / Whale
17380.0,1.0,178.2,220.62947014672508,229.12453394064624,0.9730816597049137,C - Medium
17381.0,3.0,226.06666666666663,241.42842680881563,500.2334048437758,0.9976475373943459,B - High Value
17382.0,2.0,69.30000000000001,77.97787633711606,104.17902000737858,0.9907623093891684,D - Low Value
17388.0,4.0,180.2575,189.49682984745922,233.4497607195304,0.9988810434791375,C - Medium
17389.0,13.0,449.1584615384615,455.5992192811158,1593.9362641175496,0.9995008819723766,A - VIP / Whale
17400.0,2.0,873.895,960.0974845162192,695.6337725897424,0.9913648575840607,A - VIP / Whale
17402.0,5.0,172.438,179.4772372722767,272.3487086037675,0.9991300212482408,C - Medium
17404.0,5.0,2094.7560000000003,2171.834123390258,3527.813653197928,0.9992805136496679,A - VIP / Whale
17406.0,7.0,185.05428571428573,190.35546291458468,377.1473713003686,0.9975140582315356,B - High Value
17408.0,1.0,12.75,19.896926482391056,23.852204397392306,0.9694622589497741,D - Low Value
17409.0,3.0,786.7933333333334,837.0524944136823,813.7220241129417,0.9945457186298656,A - VIP / Whale
17412.0,6.0,274.6516666666667,283.5669883572929,484.52703081189213,0.9988486045441866,B - High Value
17414.0,2.0,473.76,521.4085423543297,364.0040703548073,0.9952345919311643,B - High Value
17416.0,4.0,1565.045,1637.9317944678762,2041.817600736249,0.9988942743054232,A - VIP / Whale
17419.0,3.0,266.4866666666667,284.36400709021603,319.59660257008284,0.9976567901777526,C - Medium
17422.0,1.0,297.06,364.8366030566238,379.8766638724846,0.9756306299350942,B - High Value
17426.0,1.0,699.0899999999999,852.6003052589338,459.12535484394493,0.9397743783721728,B - High Value
17428.0,6.0,1296.9516666666666,1336.7188846909742,2278.7229516137386,0.9993814550425515,A - VIP / Whale
17432.0,2.0,149.8,166.23423942465428,115.73069176204189,0.9924883850561801,D - Low Value
17436.0,1.0,139.5,173.67661768489538,75.98399100582323,0.9655388331004324,D - Low Value
17438.0,2.0,154.275,171.1404161304522,163.89881993987674,0.992639686954291,D - Low Value
17442.0,5.0,255.738,265.8122393966015,493.1498378252384,0.999135135419005,B - High Value
17448.0,17.0,830.904705882353,839.8024018540675,5101.044327501679,0.9958874118473776,A - VIP / Whale
17449.0,3.0,339.81333333333333,362.2542342904672,350.51455542843087,0.995728147882271,C - Medium
17454.0,5.0,174.302,181.4091513654309,302.3864612876691,0.9992362472190675,C - Medium
17457.0,5.0,490.95799999999997,509.60238585138757,752.8408802332973,0.9988271644547552,A - VIP / Whale
17460.0,6.0,152.76666666666668,158.00363231246186,315.9012881575319,0.9979715962940549,C - Medium
17463.0,1.0,211.9,261.51606260056644,192.50378132748347,0.949426968345653,D - Low Value
17464.0,1.0,384.69,471.15387595662736,309.6909747932061,0.9742624719541437,C - Medium
17465.0,4.0,462.4525,484.662048222884,584.7303774779326,0.9983039595163979,B - High Value
17469.0,7.0,348.18142857142857,357.6842048139075,730.9581289660116,0.9990625208932823,A - VIP / Whale
17470.0,2.0,216.51,239.37190379197938,485.12961952624346,0.9965227857416439,B - High Value
17477.0,1.0,412.58,504.99147428118624,282.7046714238685,0.9303067661333997,C - Medium
17482.0,1.0,525.35,641.8099025013553,516.0932425705024,0.9804172781330035,B - High Value
17484.0,1.0,75.72,96.29540502299615,60.482575883268304,0.9511105040033572,D - Low Value
17491.0,3.0,248.33666666666667,265.08442316870645,435.0004124140688,0.9975032750811983,B - High Value
17492.0,1.0,393.25,481.5393130903034,565.6280442112038,0.980063420876638,B - High Value
17496.0,2.0,393.59000000000003,433.51397553783363,343.13320795523316,0.9922262818754234,C - Medium
17504.0,4.0,524.81,549.8856174032221,821.3208750929182,0.9979862823409452,A - VIP / Whale
17505.0,1.0,365.46999999999997,447.83517248592017,309.27928516390983,0.9616173653622941,C - Medium
17508.0,5.0,563.934,585.2372371722126,864.8039395851313,0.9990893092445691,A - VIP / Whale
17511.0,17.0,3452.804705882353,3489.0943549084577,15667.846102587155,0.9997981768231343,A - VIP / Whale
17512.0,5.0,240.22000000000003,249.72884728417333,372.323966386696,0.9992339504563751,B - High Value
17515.0,2.0,179.45999999999998,198.752049724982,298.2513245114834,0.996045430454839,C - Medium
17519.0,7.0,330.40999999999997,339.45504483153115,663.1586397971626,0.9978308902556234,B - High Value
17526.0,4.0,295.27,309.7955228732164,389.61928896447944,0.9988050209615075,B - High Value
17529.0,1.0,381.98,467.8659630322977,224.89503944663306,0.9529374553080583,C - Medium
17530.0,1.0,192.19,237.60286564907645,103.97537964755514,0.9685633825440005,D - Low Value
17531.0,1.0,409.98,501.8370190770324,330.78205805945953,0.972760896322384,C - Medium
17534.0,2.0,324.66499999999996,357.94789074518053,328.5497575284313,0.9927249972475919,C - Medium
17539.0,3.0,288.34,307.5774051048013,297.9686799900974,0.9852710423472715,C - Medium
17540.0,2.0,139.10000000000002,154.5032694241989,178.0024105496861,0.9959485077913272,D - Low Value
17550.0,3.0,537.8133333333334,572.5769679796628,673.4659185970993,0.9980802772817485,A - VIP / Whale
17552.0,4.0,261.0975,274.05238984487005,480.86435792390625,0.9971789815853781,B - High Value
17553.0,2.0,727.0,799.0488080473506,875.9717099999245,0.997081743721246,A - VIP / Whale
17560.0,1.0,160.4,199.03358451828663,109.90812005327766,0.9636985867826957,D - Low Value
17561.0,1.0,172.2,213.34995813713908,94.29589253413852,0.978249014666558,D - Low Value
17563.0,1.0,32.550000000000004,43.919316114024866,28.968493238738937,0.9438000329229463,D - Low Value
17572.0,2.0,39.15,44.92285339190764,32.48960219840147,0.9954914513022579,D - Low Value
17576.0,13.0,242.23615384615385,245.84083419499348,857.6813084317448,0.9995783397834687,A - VIP / Whale
17577.0,1.0,236.35,291.1800740396294,146.37728857048745,0.9030961612519027,D - Low Value
17578.0,3.0,249.14666666666668,265.94483435198043,625.3678542404924,0.9977996197323484,B - High Value
17581.0,7.0,668.5957142857143,686.3512701231679,1350.0637390985105,0.9989436517956035,A - VIP / Whale
17582.0,2.0,230.01999999999998,254.1836238579749,262.13253616297527,0.9928793299301255,C - Medium
17584.0,3.0,1201.6899999999998,1277.7706819483699,1437.3112526469854,0.9985079815283399,A - VIP / Whale
17585.0,1.0,372.19,455.9882259366565,777.1411179796695,0.9846178584694597,A - VIP / Whale
17588.0,1.0,602.4300000000001,735.3273667845035,445.2415281377051,0.9673837478371538,B - High Value
17589.0,9.0,1010.8266666666667,1031.374812039731,3496.3288637254545,0.9992690390336512,A - VIP / Whale
17593.0,4.0,598.24,626.6905997215036,757.189122462724,0.9968910768929446,A - VIP / Whale
17596.0,4.0,219.85250000000002,230.91169127865024,288.11867544402287,0.9968582451478406,C - Medium
17597.0,2.0,278.115,306.9126894815172,382.96039598435095,0.996891694491158,B - High Value
17602.0,6.0,322.92833333333334,333.30059204375385,860.6056777652577,0.9990950539852398,A - VIP / Whale
17603.0,2.0,554.455,609.8786941474838,430.56569281077685,0.9862118932996347,B - High Value
17604.0,2.0,137.60000000000002,152.85874091946215,126.99880491579404,0.9972652192672408,D - Low Value
17609.0,1.0,128.27,160.05179770695358,106.05951298994577,0.9396969705664115,D - Low Value
17610.0,4.0,287.86,302.0449451940871,366.9598874819122,0.9966288373880848,B - High Value
17611.0,10.0,341.492,347.97325504841547,944.1080276400219,0.9996655098285399,A - VIP / Whale
17612.0,7.0,307.2942857142857,315.74394855541925,647.488667654732,0.9995368729072118,B - High Value
17618.0,5.0,356.056,369.78528553235196,634.8896815188047,0.9988650390835707,B - High Value
17622.0,1.0,393.33,481.6363732504312,323.18072390161683,0.9041940405106235,C - Medium
17623.0,4.0,302.53000000000003,317.3892062673431,395.5566052980552,0.9986536223987411,B - High Value
17625.0,2.0,837.25,919.9216531455007,664.9425376320352,0.9949328031748591,B - High Value
17631.0,2.0,136.13,151.24710298482012,104.31244295849778,0.9662617689968658,D - Low Value
17635.0,1.0,313.28,384.5155505225379,287.7250895169062,0.9699265429308123,C - Medium
17638.0,1.0,234.0,288.32893183587487,126.61870984094216,0.9381871357839602,D - Low Value
17639.0,1.0,88.35,111.61877780317468,179.2049550009561,0.9790536407887024,D - Low Value
17640.0,2.0,549.67,604.6326482173735,615.9743297537539,0.9933491955609092,B - High Value
17642.0,1.0,367.69,450.528591929467,194.16174147791446,0.9566367657350848,C - Medium
17644.0,6.0,265.42833333333334,274.06530490770115,598.4704040672726,0.99855510778721,B - High Value
17646.0,6.0,283.93,293.1253316467539,521.795868509387,0.9988619124966104,B - High Value
17649.0,1.0,14.850000000000001,22.44475568574616,40.81189935084155,0.9804841143872496,D - Low Value
17651.0,4.0,361.4175,378.9832876546208,1148.8715803720895,0.9948133276608383,A - VIP / Whale
17662.0,1.0,59.92,77.12602339775302,33.37035175613556,0.9271316846984243,D - Low Value
17663.0,7.0,329.8142857142857,338.84398697681644,903.0265985435421,0.9995336226998677,A - VIP / Whale
17664.0,1.0,252.74,311.06527434581517,205.51575520735392,0.9835104710147492,C - Medium
17666.0,2.0,504.11999999999995,554.6937992902012,970.2647828323247,0.9962311649244815,A - VIP / Whale
17667.0,2.0,568.795,625.6003866527669,571.865355295151,0.9961422641315079,B - High Value
17669.0,2.0,614.87,676.114820556597,718.8156850120649,0.997448385982015,A - VIP / Whale
17672.0,1.0,1334.27,1623.23371163374,793.3431560426797,0.9218983580817424,A - VIP / Whale
17673.0,3.0,410.4166666666667,437.2516387058014,598.9848996669268,0.9975733171318508,B - High Value
17675.0,23.0,499.22869565217394,503.2331484888986,3093.7723963504254,0.9997778894563746,A - VIP / Whale
17676.0,2.0,240.665,265.8542944799233,280.0475587941218,0.9969125663036661,C - Medium
17677.0,13.0,1007.0607692307693,1021.1481366620994,3701.211922968343,0.9996925372081789,A - VIP / Whale
17679.0,3.0,373.5,398.03742531173,379.0526686445499,0.9971853750739954,B - High Value
17681.0,3.0,128.06666666666666,137.32929599295127,147.63408537385686,0.9866263490812364,D - Low Value
17682.0,3.0,353.23333333333335,376.50944179606824,493.2586213475985,0.9973815023168817,B - High Value
17683.0,1.0,177.04,219.22209782487178,199.82067207676698,0.9710165753847909,C - Medium
17685.0,2.0,396.39,436.58376208000885,382.3466195887345,0.9974087146087484,B - High Value
17690.0,1.0,470.72,575.5299456540747,290.5809520063216,0.9264576387130801,C - Medium
17692.0,4.0,317.115,332.64456057909763,919.4117163385235,0.9990355778869681,A - VIP / Whale
17694.0,1.0,801.98,977.4318037033179,850.9738436344933,0.9721472021623883,A - VIP / Whale
17695.0,1.0,360.6,441.92663523813957,232.37227319084445,0.985085225630814,C - Medium
17696.0,9.0,339.34555555555556,346.5185396353323,875.177430633776,0.9994692134562053,A - VIP / Whale
17699.0,1.0,259.3,319.0242074762959,282.24318297051866,0.9822004183407793,C - Medium
17700.0,6.0,415.655,428.82564813365025,730.8392646359624,0.9991276146901648,A - VIP / Whale
17706.0,3.0,353.99666666666667,377.320281964668,415.9326887498745,0.9984117656616921,B - High Value
17707.0,4.0,69.825,73.988642323782,90.37130403317593,0.9990596266543545,D - Low Value
17709.0,3.0,94.03000000000002,101.17432236163185,156.11708205479175,0.9983246312463812,D - Low Value
17713.0,1.0,309.49,379.91732543648277,363.0223024787244,0.9811469762295765,B - High Value
17714.0,2.0,240.23000000000002,265.37738121354965,516.3994125578007,0.996666344445357,B - High Value
17716.0,7.0,1108.7714285714285,1137.864410095013,2232.113124421685,0.999090753853811,A - VIP / Whale
17720.0,2.0,296.75,327.3432152720299,419.25088100277054,0.9970140342515643,B - High Value
17726.0,2.0,126.15,140.3055066666384,115.99693134292585,0.9957549879139672,D - Low Value
17730.0,3.0,325.21,346.74204748419845,572.2817319707035,0.9982912666986816,B - High Value
17731.0,1.0,95.78,120.63324017504536,62.72009580956144,0.9340318167710672,D - Low Value
17732.0,2.0,268.385,296.2451812474582,728.4569363038586,0.9975221626206983,A - VIP / Whale
17734.0,2.0,209.995,232.2291683197395,221.89807145620114,0.994301187563614,C - Medium
17735.0,1.0,235.44,290.07601471817554,407.88139886937296,0.9837716312155099,B - High Value
17738.0,3.0,364.90000000000003,388.90219546462356,530.0399497268498,0.992495634553284,B - High Value
17739.0,7.0,408.62857142857143,419.6882599854744,835.3981333938664,0.999262072795612,A - VIP / Whale
17740.0,3.0,84.39999999999999,90.94498940493004,97.1218042118547,0.9929446043674623,D - Low Value
17742.0,7.0,201.47428571428574,207.19838613302795,405.474571026181,0.9995373665171473,B - High Value
17745.0,1.0,111.11,139.2323933595376,127.55542828108145,0.9818302098008788,D - Low Value
17746.0,1.0,389.35,476.8076302840725,329.3040769260502,0.9838129092664677,C - Medium
17753.0,2.0,180.055,199.40437936519425,154.62304141504788,0.9974622091604488,D - Low Value
17754.0,5.0,422.142,438.2791024637821,655.0998343169181,0.9988408297018628,B - High Value
17757.0,14.0,122.98357142857142,124.8112575574446,529.5205620030465,0.9997292126653082,B - High Value
17760.0,1.0,96.35,121.32479381595601,66.06356334579542,0.9118618746021808,D - Low Value
17763.0,1.0,53.1,68.85164474685692,34.53242811212704,0.8720705677673484,D - Low Value
17764.0,1.0,341.06,418.21969112692113,182.99724810238254,0.9768955148328019,D - Low Value
17768.0,1.0,187.2,231.54873816110407,94.89031422311268,0.9175574095334951,D - Low Value
17769.0,3.0,403.9533333333333,430.3860531734217,471.8357711879323,0.9929547564328298,B - High Value
17773.0,1.0,209.02,258.0218968359652,130.40681279146077,0.9792687583622092,D - Low Value
17774.0,3.0,417.0666666666666,444.3155082968778,524.6247732388741,0.9983860346723444,B - High Value
17780.0,1.0,193.81,239.56833389166468,111.26673620543141,0.882027659371719,D - Low Value
17790.0,3.0,121.45,130.3008342694992,276.7142383560458,0.9969728342655931,C - Medium
17792.0,1.0,119.00999999999999,148.81708417215916,252.8953657343415,0.9817694856506695,C - Medium
17794.0,1.0,13.5,20.806865483589306,9.053755159133095,0.8375209414204604,D - Low Value
17797.0,3.0,242.61,259.001351510827,254.65125238960889,0.9940455092228302,C - Medium
17799.0,5.0,491.42600000000004,510.08743724387483,766.940369339799,0.9988368551299898,A - VIP / Whale
17801.0,1.0,124.77,155.80541570136174,77.97969116856027,0.9729539513597527,D - Low Value
17802.0,3.0,618.2866666666667,658.0586419985947,645.815608520892,0.9981216381563673,B - High Value
17804.0,1.0,141.28,175.83620624773923,76.59595796986082,0.9781230888877962,D - Low Value
17807.0,1.0,111.94,140.23939252086367,66.84791799272583,0.9663819750182921,D - Low Value
17808.0,3.0,46.946666666666665,51.16070934210515,86.76578503718325,0.9849855609778497,D - Low Value
17809.0,5.0,527.296,547.2643463219005,796.7780587816883,0.998677363932164,A - VIP / Whale
17810.0,1.0,64.14,82.24594684449517,38.160199354365346,0.8781592203567855,D - Low Value
17816.0,1.0,34.92,46.794723357811336,20.208241708456775,0.9309044458026362,D - Low Value
17819.0,3.0,513.3333333333334,546.5734299962713,533.317072012673,0.992376566742746,B - High Value
17825.0,1.0,264.5,325.3331178846037,144.92856899154035,0.9631398495498419,D - Low Value
17829.0,1.0,2047.28,2488.2945212928926,1428.5338606329212,0.9834949762985632,A - VIP / Whale
17838.0,6.0,425.18666666666667,438.64497007947887,1080.8924080913348,0.9988718288510519,A - VIP / Whale
17841.0,62.0,331.77612903225804,332.77841564318186,5279.788845283442,0.9999055145440257,A - VIP / Whale
17845.0,1.0,144.90000000000003,180.22817849352282,141.576357866769,0.9476840466359459,D - Low Value
17847.0,1.0,89.04,112.45592168427709,66.66016367535903,0.9774533077160964,D - Low Value
17848.0,14.0,145.78357142857143,147.9011493783523,557.8238895201869,0.9987513328007284,B - High Value
17849.0,2.0,133.44,148.29791519965892,146.08986592482125,0.9968555958707033,D - Low Value
17850.0,17.0,1986.0970588235296,2007.0634739304344,9062.60147218866,0.9966859874827001,A - VIP / Whale
17851.0,4.0,282.9775,296.9380362172519,357.9227763191111,0.9974006659797028,B - High Value
17852.0,1.0,292.31,359.07365604903487,134.0582937143925,0.8215523927127909,D - Low Value
17853.0,1.0,489.16,597.9023125635357,263.5659334206947,0.9841630971032156,C - Medium
17854.0,2.0,312.125,344.19963244558147,244.35367255449628,0.9975208261634069,C - Medium
17858.0,9.0,571.8966666666666,583.7018117537688,1457.2877596978065,0.9995821064398878,A - VIP / Whale
17861.0,6.0,305.755,315.6089862857861,551.8383260370858,0.9986874788215936,B - High Value
17863.0,3.0,351.81333333333333,375.00106663526697,470.6269573029673,0.9969819442934762,B - High Value
17865.0,13.0,834.4723076923076,846.1941774657906,2935.146997218431,0.9995244441226349,A - VIP / Whale
17866.0,1.0,655.8,800.0786261097708,363.9070801363482,0.9833802008186571,B - High Value
17867.0,6.0,51.49666666666667,53.677414429539084,91.76563208514924,0.9993688295180972,D - Low Value
17869.0,1.0,238.47,293.75216828301643,283.07784905331266,0.9833159270296703,C - Medium
17871.0,1.0,293.06,359.98359505023313,177.58584833103484,0.9653284408150823,D - Low Value
17873.0,6.0,399.28333333333336,411.95990246589827,733.6068379423346,0.9992325961758282,A - VIP / Whale
17876.0,1.0,841.62,1025.5251130466495,529.7591379914403,0.9512042471519413,B - High Value
17880.0,1.0,194.4,240.2841525726073,103.6596919766089,0.9465473428420477,D - Low Value
17883.0,1.0,155.6,193.2099749106178,110.9175016386786,0.9724081012517293,D - Low Value
17884.0,8.0,196.2275,201.10214668362244,448.08255072574707,0.9996004163417038,B - High Value
17886.0,1.0,164.78,204.3476282852844,155.85726345245655,0.9837349763512337,D - Low Value
17888.0,11.0,81.80818181818182,83.47379679194184,262.5004143759322,0.9996192696477657,C - Medium
17897.0,3.0,372.97333333333336,397.47798100326384,699.0883976516357,0.9950370601411332,A - VIP / Whale
17905.0,6.0,176.67333333333332,182.63177604230356,371.90273169786406,0.9959882321421509,B - High Value
17908.0,2.0,139.225,154.64031346626027,111.6091285608413,0.996386492775257,D - Low Value
17913.0,7.0,307.21571428571434,315.6633533947255,621.0319308242417,0.9991321287181314,B - High Value
17916.0,1.0,18.41,26.763932811433854,11.523346410759393,0.9529670667702717,D - Low Value
17918.0,2.0,135.23,150.26038588197807,310.6270580963844,0.991069368581381,C - Medium
17920.0,28.0,618.6525,622.6917688815356,4559.165527862669,0.995269733029542,A - VIP / Whale
17921.0,2.0,329.845,363.6269958482048,711.3570532179642,0.9939667132113512,A - VIP / Whale
17923.0,1.0,102.0,128.17966762498284,122.7428597776082,0.9586866520665515,D - Low Value
17926.0,1.0,176.9,219.05224254464812,175.96026200800725,0.9845433175822549,D - Low Value
17929.0,3.0,168.0666666666667,179.8187371422837,174.37267639642147,0.9979107193430086,D - Low Value
17930.0,5.0,333.348,346.2499286507294,684.4775549967571,0.998562198667664,A - VIP / Whale
17931.0,6.0,339.695,350.5732583796579,765.4390799396211,0.9984245828477378,A - VIP / Whale
17935.0,1.0,119.0,148.8049516521432,63.81859129028308,0.9547475073454453,D - Low Value
17940.0,3.0,6066.45,6445.294025089028,6119.739607392218,0.9942382328752856,A - VIP / Whale
17941.0,2.0,357.0,393.3984435456222,302.46156476085076,0.9889958938206803,C - Medium
17949.0,33.0,1254.1745454545455,1261.0016536895064,10762.271559840217,0.999827355463305,A - VIP / Whale
17950.0,2.0,198.54500000000002,219.67593406691577,168.98429045577,0.9958126475743468,D - Low Value
17954.0,4.0,215.0275,225.86492511106601,276.58204626163064,0.9957929810584304,C - Medium
17955.0,1.0,367.6,450.41939924932325,222.5581326507389,0.878156487180668,C - Medium
17960.0,1.0,50.4,65.57586434254323,39.417384857800386,0.9757666064068448,D - Low Value
17961.0,40.0,36.50275,36.75550351162521,377.64925768722145,0.9998369611407135,B - High Value
17962.0,1.0,201.57,248.98316942406257,123.02578493175923,0.9732246033088031,D - Low Value
17963.0,3.0,159.13,170.32588783217034,187.75981203522167,0.9984326336970034,D - Low Value
17965.0,10.0,300.892,306.64686553738,864.0742340796623,0.9996643059900763,A - VIP / Whale
17966.0,2.0,241.78499999999997,267.08220909679335,213.25268059134498,0.9878416935134987,C - Medium
17969.0,17.0,120.02000000000001,121.49082214334051,550.7058047552873,0.9976674581860966,B - High Value
17975.0,1.0,152.95000000000002,189.99485710638402,285.76946982784864,0.9847635734835731,C - Medium
17978.0,1.0,165.8,205.58514532691404,83.02560076985415,0.8886800210424539,D - Low Value
17984.0,1.0,228.75,281.9593588274871,123.36741975206735,0.9824488095723852,D - Low Value
17988.0,5.0,24.733999999999998,26.391701212597642,38.98873341919635,0.9988271644547552,D - Low Value
17990.0,1.0,202.98000000000002,250.6938547463153,110.93445531720619,0.976588856534213,D - Low Value
17994.0,4.0,205.825,216.23946072615541,390.8247366093882,0.9970635816070066,B - High Value
17998.0,1.0,89.59,113.12321028515579,39.937979430260754,0.7927391947999793,D - Low Value
18001.0,1.0,117.0,146.37844764894785,63.80760906162176,0.9759984204060365,D - Low Value
18002.0,2.0,68.75,77.37488255204592,54.82427271906714,0.9956034193549234,D - Low Value
18006.0,1.0,285.08000000000004,350.3018440774838,156.19874041705825,0.9554691790854292,D - Low Value
18008.0,9.0,1680.9655555555555,1714.8621266393027,4704.3399882855365,0.9996471017002969,A - VIP / Whale
18009.0,5.0,329.246,341.99847392427097,654.7005918870824,0.9933306284119082,B - High Value
18021.0,1.0,116.41,145.66262896800524,176.04349000716107,0.9618658289503911,D - Low Value
18025.0,1.0,234.39000000000001,288.80210011649797,186.64401060038128,0.9579082291765728,D - Low Value
18026.0,1.0,1328.65,1616.4152353847614,2081.614274652531,0.9670868512979939,A - VIP / Whale
18036.0,5.0,155.352,161.7687157080965,246.97940159770957,0.9992448886763546,C - Medium
18037.0,6.0,9.358333333333333,10.26739226545732,17.433506757843304,0.9954156010850893,D - Low Value
18039.0,2.0,129.245,143.69871714807852,138.1753525667479,0.9927193650029739,D - Low Value
18041.0,9.0,285.1166666666666,291.209471239317,819.7424191467658,0.9996353010113898,A - VIP / Whale
18044.0,2.0,274.1,302.5108348505052,422.91169351490106,0.9852001799464607,B - High Value
18051.0,6.0,324.83,335.25964893135483,541.1406391390409,0.9246291744673251,B - High Value
18053.0,1.0,29.849999999999998,40.64353570971116,43.399384388415434,0.9525880791993536,D - Low Value
18057.0,1.0,705.49,860.3651180691589,423.7146196128026,0.9542207073847687,B - High Value
18058.0,1.0,302.7,371.6793443456346,202.04649460237974,0.9730869029910183,C - Medium
18061.0,12.0,241.12,245.01294392932178,794.9722026146692,0.9995597561664535,A - VIP / Whale
18064.0,5.0,484.506,502.91530981649987,886.796426342588,0.9981347806965233,A - VIP / Whale
18065.0,6.0,347.59999999999997,358.7168226372317,625.6588500009352,0.9991359279138379,B - High Value
18069.0,2.0,468.615,515.7678095830828,477.85484390527824,0.9906655759340391,B - High Value
18071.0,2.0,244.715,270.2945214427125,190.18743382481227,0.9973309499285474,D - Low Value
18075.0,1.0,134.7,167.85300807722655,234.2465676253462,0.9853279568217452,C - Medium
18077.0,5.0,179.864,187.17380060691343,276.59509841026147,0.9991208558271556,C - Medium
18087.0,6.0,1261.6,1300.300343373791,2215.350874293964,0.9988003525163832,A - VIP / Whale
18092.0,5.0,780.88,810.0875777588125,1186.598811819802,0.9989901716615434,A - VIP / Whale
18093.0,2.0,688.6550000000001,757.0091777045972,801.1038994742064,0.9971786136296694,A - VIP / Whale
18094.0,3.0,439.3933333333334,468.0316980317303,493.94041234625934,0.9939656373851316,B - High Value
18095.0,1.0,406.32,497.3965167511849,344.0760949396942,0.9365899243624697,C - Medium
18096.0,1.0,144.76,180.0583232132991,216.35397237655008,0.964009004368068,C - Medium
18097.0,2.0,448.15,493.33095901679116,359.5699109886017,0.9972709422816298,B - High Value
18102.0,35.0,7621.583714285714,7660.157064205703,69047.50348317782,0.9997687143646667,A - VIP / Whale
18106.0,2.0,363.225,400.22323684027964,319.3980054518881,0.997148163087627,C - Medium
18108.0,1.0,84.56,107.02055271711953,46.13776157029524,0.9652573366031107,D - Low Value
18109.0,3.0,126.46,135.62263677345308,326.05959670704686,0.9984475621547467,C - Medium
18134.0,1.0,142.85,177.74101189024756,86.72753365673967,0.9579434166834453,D - Low Value
18135.0,2.0,87.61000000000001,98.05208761826917,96.79786560848291,0.9949349820923828,D - Low Value
18144.0,4.0,244.46249999999998,256.6528136380797,321.88805167473623,0.9990159506269931,C - Medium
18145.0,4.0,421.63,441.9632685594216,541.171602108607,0.9986436879840277,B - High Value
18149.0,2.0,210.37,232.64030044592369,229.28155091427902,0.9973127402046686,C - Medium
18151.0,2.0,252.89499999999998,279.2626835552102,262.6905100245101,0.9904006630992337,C - Medium
18168.0,7.0,227.5285714285714,233.9237414190874,460.20866086550853,0.9991107831707625,B - High Value
18170.0,3.0,313.11666666666673,333.89607311005034,354.17892777203247,0.9958500493913176,C - Medium
18171.0,3.0,301.26666666666665,321.3085761695605,338.46830079619866,0.9984666538496331,C - Medium
18172.0,13.0,492.35846153846154,499.3913185321786,1783.3318263690826,0.9996229747392529,A - VIP / Whale
18177.0,2.0,270.475,298.53655763072476,215.46160502829312,0.9934198755924929,C - Medium
18178.0,4.0,544.3925,570.368166310314,883.5665206928606,0.9982352528805224,A - VIP / Whale
18179.0,1.0,450.0,550.391364180971,304.7432086859665,0.9769270341110963,C - Medium
18181.0,2.0,97.065,108.41809895979304,75.78201282998307,0.9936013985458532,D - Low Value
18188.0,1.0,37.8,50.28888912241261,31.08529838039843,0.9320643604256357,D - Low Value
18190.0,2.0,134.37,149.3175228725957,109.44409219781204,0.9878716302903114,D - Low Value
18194.0,3.0,665.1266666666667,707.8137775844629,801.7555113625496,0.9952635259733721,A - VIP / Whale
18196.0,1.0,482.25,589.5187412324957,370.5257545609503,0.9840083440386576,B - High Value
18203.0,1.0,122.35,152.86934585749538,67.73723517373381,0.975061884354247,D - Low Value
18214.0,3.0,352.2633333333333,375.47907284819695,742.4830142510795,0.9878236799173586,A - VIP / Whale
18215.0,2.0,328.16,361.77964216121717,374.59952505023,0.9968876247674112,B - High Value
18217.0,1.0,22.45,31.665470897888426,34.449629589029975,0.9635569698234105,D - Low Value
18218.0,1.0,178.0,220.38681974640556,119.98781443296622,0.9501437852693644,D - Low Value
18219.0,4.0,152.765,160.74072231122943,196.21594762942217,0.9984683538707493,C - Medium
18220.0,2.0,320.26,353.118458702937,255.67425852418205,0.99661417463614,C - Medium
18223.0,8.0,516.48625,528.5554102506095,1177.4309443051807,0.9993785545988478,A - VIP / Whale
18225.0,7.0,674.8285714285714,692.7446644160221,1367.0752791282832,0.9993157273200554,A - VIP / Whale
18226.0,8.0,523.6325,535.8621985421568,1618.3320140861188,0.9995826658379403,A - VIP / Whale
18229.0,3.0,311.40000000000003,332.07256792739145,316.44528901192103,0.997851430532624,C - Medium
18231.0,17.0,231.2029411764706,233.83533237475405,1178.8314195870046,0.9970009793023447,A - VIP / Whale
18236.0,1.0,187.78,232.25242432203075,165.35508237537618,0.98221698218542,D - Low Value
18241.0,1.0,250.0,307.74096386143754,205.8571716054342,0.9829150880706021,C - Medium
18242.0,2.0,366.88,404.2304046301548,316.9505376750947,0.9925439565067389,C - Medium
18245.0,6.0,369.06333333333333,380.8278959050024,896.7543749154095,0.9979040428298246,A - VIP / Whale
18247.0,1.0,254.03,312.63036942787613,193.87293039928292,0.9668992001868651,D - Low Value
18251.0,4.0,3098.175,3241.5273622416316,4138.684190891247,0.9987991981982924,A - VIP / Whale
18252.0,4.0,159.6425,167.9343252785995,211.2089523229351,0.9958322097664873,C - Medium
18257.0,2.0,689.71,758.1658294195953,680.2547668562872,0.9961341322912913,A - VIP / Whale
18258.0,4.0,296.22,310.789186678233,709.5199862321635,0.9988862339145198,A - VIP / Whale
18259.0,1.0,306.3,376.04705155138623,156.04591832558083,0.9131357509800452,D - Low Value
18260.0,6.0,528.755,545.3388824829992,968.2029528373057,0.9992001055998116,A - VIP / Whale
18268.0,4.0,272.3875,285.8612996960671,350.0842841011573,0.9900661707144088,C - Medium
18271.0,1.0,488.3,596.8589158421617,260.46538000302934,0.9602922903771846,C - Medium
18272.0,2.0,336.20000000000005,370.5943149466061,349.13815667037136,0.9919231076445004,C - Medium
18275.0,1.0,369.21000000000004,452.3727349718955,199.27626623620733,0.9693581741528527,C - Medium
18276.0,2.0,232.81,257.24244687678527,183.38320752811012,0.9958437625567078,D - Low Value
18283.0,3.0,115.02333333333333,123.47419739150645,151.7089197097858,0.9982428612697719,D - Low Value
18286.0,1.0,833.48,1015.6492417536443,465.051397575731,0.9840941695435294,B - High Value
