Customer ID,Churn_Probability,Top_Risk_Factor_1,Top_Risk_SHAP_1,Top_Risk_Factor_2,Top_Risk_SHAP_2,Marketing_Insight
12346.0,0.40138602,Monetary,0.21475619077682495,AOV,0.2069629728794098,Low historical spending and low average order value are increasing churn risk.
12349.0,0.4303596,Purchase_Interval_Std,0.17576822638511658,Recency,0.04894430190324783,Irregular purchase behavior and long time since last purchase are increasing churn risk.
12355.0,0.49239483,Purchase_Interval_Std,0.18067964911460876,Frequency,0.15105047821998596,Irregular purchase behavior and low purchase frequency are increasing churn risk.
12358.0,0.42411667,Purchase_Interval_Std,0.17576822638511658,Recency,0.05064679682254791,Irregular purchase behavior and long time since last purchase are increasing churn risk.
12359.0,0.2498497,Recency,0.04673612862825394,None,0.0,Long time since last purchase is increasing churn risk.
12360.0,0.3211383,Recency,0.051092371344566345,None,0.0,Long time since last purchase is increasing churn risk.
12361.0,0.3773802,Monetary,0.20122843980789185,AOV,0.02035628631711006,Low historical spending and low average order value are increasing churn risk.
12362.0,0.6215851,Monetary,0.3100755512714386,Recency,0.16511359810829163,Low historical spending and long time since last purchase are increasing churn risk.
12366.0,0.5159062,Recency,0.1759984940290451,Frequency,0.14094135165214539,Long time since last purchase and low purchase frequency are increasing churn risk.
12368.0,0.4958251,Recency,0.2117215096950531,Frequency,0.16751216351985931,Long time since last purchase and low purchase frequency are increasing churn risk.
12369.0,0.5673274,Recency,0.16204257309436798,Monetary,0.14526508748531342,Long time since last purchase and low historical spending are increasing churn risk.
12370.0,0.42312565,Recency,0.3761845529079437,Frequency,0.006248782388865948,Long time since last purchase and low purchase frequency are increasing churn risk.
12371.0,0.47164127,Recency,0.1793961375951767,Purchase_Interval_Std,0.11924552917480469,Long time since last purchase and irregular purchase behavior are increasing churn risk.
12373.0,0.4463062,Recency,0.2016851156949997,Purchase_Interval_Std,0.11924552917480469,Long time since last purchase and irregular purchase behavior are increasing churn risk.
12374.0,0.48348123,Frequency,0.17490620911121368,Purchase_Interval_Std,0.1639949083328247,Low purchase frequency and irregular purchase behavior are increasing churn risk.
12377.0,0.48348123,Frequency,0.17490620911121368,Purchase_Interval_Std,0.1639949083328247,Low purchase frequency and irregular purchase behavior are increasing churn risk.
12378.0,0.47156364,Purchase_Interval_Std,0.18338613212108612,Frequency,0.1776212751865387,Irregular purchase behavior and low purchase frequency are increasing churn risk.
12379.0,0.5406788,Purchase_Interval_Std,0.19275245070457458,Frequency,0.15633250772953033,Irregular purchase behavior and low purchase frequency are increasing churn risk.
12380.0,0.20761861,Tenure,0.0011471714824438095,None,0.0,Short customer tenure is increasing churn risk.
12388.0,0.5033416,Purchase_Interval_Std,0.16128841042518616,Frequency,0.14833541214466095,Irregular purchase behavior and low purchase frequency are increasing churn risk.
12389.0,0.45092383,Purchase_Interval_Std,0.17306172847747803,Recency,0.016569549217820168,Irregular purchase behavior and long time since last purchase are increasing churn risk.
12391.0,0.21786165,Tenure,0.0011471714824438095,None,0.0,Short customer tenure is increasing churn risk.
12392.0,0.56704146,Monetary,0.17744968831539154,Purchase_Interval_Std,0.1548008769750595,Low historical spending and irregular purchase behavior are increasing churn risk.
12395.0,0.39721668,Purchase_Interval_Std,0.18116769194602966,Frequency,0.044562213122844696,Irregular purchase behavior and low purchase frequency are increasing churn risk.
12396.0,0.4937494,Recency,0.22739526629447937,Frequency,0.16751216351985931,Long time since last purchase and low purchase frequency are increasing churn risk.
12399.0,0.4421283,Purchase_Interval_Std,0.17306172847747803,Frequency,0.01622084341943264,Irregular purchase behavior and low purchase frequency are increasing churn risk.
12402.0,0.33104852,Tenure,0.0013016442535445094,None,0.0,Short customer tenure is increasing churn risk.
12403.0,0.48257205,Purchase_Interval_Std,0.18067964911460876,Frequency,0.15961045026779175,Irregular purchase behavior and low purchase frequency are increasing churn risk.
12404.0,0.65014994,Monetary,0.32326507568359375,Recency,0.16916228830814362,Low historical spending and long time since last purchase are increasing churn risk.
12406.0,0.44319242,Recency,0.1848171353340149,Purchase_Interval_Std,0.12745924293994904,Long time since last purchase and irregular purchase behavior are increasing churn risk.
12408.0,0.5508459,Monetary,0.21423396468162537,Purchase_Interval_Std,0.20513363182544708,Low historical spending and irregular purchase behavior are increasing churn risk.
12409.0,0.29322544,Tenure,0.02022772654891014,Frequency,0.009617958217859268,Short customer tenure and low purchase frequency are increasing churn risk.
12410.0,0.5386663,Purchase_Interval_Std,0.19815191626548767,Monetary,0.17463397979736328,Irregular purchase behavior and low historical spending are increasing churn risk.
12412.0,0.39721668,Purchase_Interval_Std,0.18116769194602966,Frequency,0.03815743327140808,Irregular purchase behavior and low purchase frequency are increasing churn risk.
12414.0,0.49839726,Purchase_Interval_Std,0.19848692417144775,Monetary,0.16987136006355286,Irregular purchase behavior and low historical spending are increasing churn risk.
12415.0,0.35904646,Purchase_Interval_Std,0.10782177001237869,Tenure,0.02478010021150112,Irregular purchase behavior and short customer tenure are increasing churn risk.
12416.0,0.5852814,Monetary,0.18688896298408508,Recency,0.18132317066192627,Low historical spending and long time since last purchase are increasing churn risk.
12417.0,0.20138475,None,0.0,None,0.0,No major behavioral factor is increasing the model's churn risk.
12418.0,0.43751025,Purchase_Interval_Std,0.1547027975320816,Recency,0.10315367579460144,Irregular purchase behavior and long time since last purchase are increasing churn risk.
12421.0,0.6258776,Monetary,0.349575400352478,Purchase_Interval_Std,0.21162112057209015,Low historical spending and irregular purchase behavior are increasing churn risk.
12422.0,0.20831193,None,0.0,None,0.0,No major behavioral factor is increasing the model's churn risk.
12423.0,0.5386663,Purchase_Interval_Std,0.19815191626548767,Monetary,0.17463397979736328,Irregular purchase behavior and low historical spending are increasing churn risk.
12424.0,0.49397182,Purchase_Interval_Std,0.18067964911460876,Frequency,0.15159770846366882,Irregular purchase behavior and low purchase frequency are increasing churn risk.
12426.0,0.4942192,Recency,0.21833093464374542,Frequency,0.16428738832473755,Long time since last purchase and low purchase frequency are increasing churn risk.
12429.0,0.4303596,Purchase_Interval_Std,0.17576822638511658,Recency,0.04894430190324783,Irregular purchase behavior and long time since last purchase are increasing churn risk.
12431.0,0.19476347,Tenure,0.0011471714824438095,None,0.0,Short customer tenure is increasing churn risk.
12433.0,0.56604314,Monetary,0.25954803824424744,Purchase_Interval_Std,0.2135334014892578,Low historical spending and irregular purchase behavior are increasing churn risk.
12435.0,0.2750661,Frequency,0.012894878163933754,None,0.0,Low purchase frequency is increasing churn risk.
12437.0,0.1926174,None,0.0,None,0.0,No major behavioral factor is increasing the model's churn risk.
12439.0,0.4525912,Recency,0.2296597957611084,Purchase_Interval_Std,0.12506993114948273,Long time since last purchase and irregular purchase behavior are increasing churn risk.
12440.0,0.39112446,Purchase_Interval_Std,0.18116769194602966,Frequency,0.04398369416594505,Irregular purchase behavior and low purchase frequency are increasing churn risk.
12443.0,0.5178701,Recency,0.18870271742343903,Frequency,0.14213339984416962,Long time since last purchase and low purchase frequency are increasing churn risk.
12450.0,0.5860814,Monetary,0.3374204933643341,Purchase_Interval_Std,0.21510957181453705,Low historical spending and irregular purchase behavior are increasing churn risk.
12451.0,0.2831146,Tenure,0.024449503049254417,Frequency,0.0028468407690525055,Short customer tenure and low purchase frequency are increasing churn risk.
12455.0,0.3385747,Recency,0.1726917028427124,None,0.0,Long time since last purchase is increasing churn risk.
12458.0,0.53613,Purchase_Interval_Std,0.19815191626548767,Monetary,0.1662539690732956,Irregular purchase behavior and low historical spending are increasing churn risk.
12459.0,0.5152946,Recency,0.1759984940290451,Frequency,0.13888034224510193,Long time since last purchase and low purchase frequency are increasing churn risk.
12460.0,0.5386663,Purchase_Interval_Std,0.19815191626548767,Monetary,0.17463397979736328,Irregular purchase behavior and low historical spending are increasing churn risk.
12466.0,0.65014994,Monetary,0.32326507568359375,Recency,0.16916228830814362,Low historical spending and long time since last purchase are increasing churn risk.
12468.0,0.2879662,Frequency,0.01425216905772686,None,0.0,Low purchase frequency is increasing churn risk.
12469.0,0.40515447,Purchase_Interval_Std,0.18328595161437988,Frequency,0.035887815058231354,Irregular purchase behavior and low purchase frequency are increasing churn risk.
12470.0,0.5852814,Monetary,0.18688896298408508,Recency,0.18132317066192627,Low historical spending and long time since last purchase are increasing churn risk.
12471.0,0.1926174,None,0.0,None,0.0,No major behavioral factor is increasing the model's churn risk.
12472.0,0.1926174,None,0.0,None,0.0,No major behavioral factor is increasing the model's churn risk.
12474.0,0.19772062,Tenure,0.0011471714824438095,None,0.0,Short customer tenure is increasing churn risk.
12476.0,0.43318623,Purchase_Interval_Std,0.1887855976819992,Frequency,0.1861812323331833,Irregular purchase behavior and low purchase frequency are increasing churn risk.
12477.0,0.40515447,Purchase_Interval_Std,0.18328595161437988,Frequency,0.040522027760744095,Irregular purchase behavior and low purchase frequency are increasing churn risk.
12480.0,0.47828913,Purchase_Interval_Std,0.18607911467552185,Frequency,0.1601576805114746,Irregular purchase behavior and low purchase frequency are increasing churn risk.
12481.0,0.4498661,Recency,0.22088901698589325,Purchase_Interval_Std,0.12946973741054535,Long time since last purchase and irregular purchase behavior are increasing churn risk.
12482.0,0.2915391,Recency,0.25859081745147705,Tenure,0.001991419354453683,Long time since last purchase and short customer tenure are increasing churn risk.
12483.0,0.27257046,Recency,0.12303950637578964,Tenure,0.0011471714824438095,Long time since last purchase and short customer tenure are increasing churn risk.
12484.0,0.2156498,Tenure,0.0011471714824438095,None,0.0,Short customer tenure is increasing churn risk.
12485.0,0.48252782,Purchase_Interval_Std,0.18067964911460876,Frequency,0.15489086508750916,Irregular purchase behavior and low purchase frequency are increasing churn risk.
12487.0,0.57331216,Recency,0.18132317066192627,Monetary,0.147288978099823,Long time since last purchase and low historical spending are increasing churn risk.
12490.0,0.1926174,None,0.0,None,0.0,No major behavioral factor is increasing the model's churn risk.
12494.0,0.5494077,Purchase_Interval_Std,0.1716870218515396,Frequency,0.14977703988552094,Irregular purchase behavior and low purchase frequency are increasing churn risk.
12495.0,0.5673274,Recency,0.16204257309436798,Monetary,0.14526508748531342,Long time since last purchase and low historical spending are increasing churn risk.
12496.0,0.61253303,Monetary,0.3175334930419922,AOV,0.15362296998500824,Low historical spending and low average order value are increasing churn risk.
12497.0,0.49196526,Recency,0.2149581015110016,Frequency,0.16751216351985931,Long time since last purchase and low purchase frequency are increasing churn risk.
12499.0,0.5406788,Purchase_Interval_Std,0.19275245070457458,Frequency,0.15249210596084595,Irregular purchase behavior and low purchase frequency are increasing churn risk.
12500.0,0.22357364,Tenure,0.0011471714824438095,None,0.0,Short customer tenure is increasing churn risk.
12503.0,0.48348123,Frequency,0.17490620911121368,Purchase_Interval_Std,0.1639949083328247,Low purchase frequency and irregular purchase behavior are increasing churn risk.
12504.0,0.61417466,Monetary,0.3032096326351166,Purchase_Interval_Std,0.1673375815153122,Low historical spending and irregular purchase behavior are increasing churn risk.
12507.0,0.5033416,Purchase_Interval_Std,0.16128841042518616,Frequency,0.14833541214466095,Irregular purchase behavior and low purchase frequency are increasing churn risk.
12510.0,0.20536703,None,0.0,None,0.0,No major behavioral factor is increasing the model's churn risk.
12514.0,0.5159062,Recency,0.1759984940290451,Frequency,0.14094135165214539,Long time since last purchase and low purchase frequency are increasing churn risk.
12516.0,0.50131243,Recency,0.15694890916347504,Frequency,0.13838417828083038,Long time since last purchase and low purchase frequency are increasing churn risk.
12519.0,0.53613,Purchase_Interval_Std,0.19815191626548767,Monetary,0.1662539690732956,Irregular purchase behavior and low historical spending are increasing churn risk.
12523.0,0.20138475,None,0.0,None,0.0,No major behavioral factor is increasing the model's churn risk.
12524.0,0.21167591,Tenure,0.0011471714824438095,None,0.0,Short customer tenure is increasing churn risk.
12525.0,0.2832919,Frequency,0.016521785408258438,None,0.0,Low purchase frequency is increasing churn risk.
12527.0,0.49913996,Purchase_Interval_Std,0.19053399562835693,Monetary,0.16738829016685486,Irregular purchase behavior and low historical spending are increasing churn risk.
12529.0,0.5432114,Purchase_Interval_Std,0.19275245070457458,Frequency,0.15633250772953033,Irregular purchase behavior and low purchase frequency are increasing churn risk.
12530.0,0.2932764,Frequency,0.013972442597150803,None,0.0,Low purchase frequency is increasing churn risk.
12531.0,0.49626678,Recency,0.23063185811042786,Frequency,0.16751216351985931,Long time since last purchase and low purchase frequency are increasing churn risk.
12533.0,0.44334823,Recency,0.21101650595664978,Purchase_Interval_Std,0.12008386105298996,Long time since last purchase and irregular purchase behavior are increasing churn risk.
12539.0,0.4478119,Recency,0.23656277358531952,Purchase_Interval_Std,0.13258765637874603,Long time since last purchase and irregular purchase behavior are increasing churn risk.
12540.0,0.1926174,None,0.0,None,0.0,No major behavioral factor is increasing the model's churn risk.
12542.0,0.4399365,Purchase_Interval_Std,0.1784611940383911,Frequency,0.01622084341943264,Irregular purchase behavior and low purchase frequency are increasing churn risk.
12547.0,0.5584976,Monetary,0.23911890387535095,Purchase_Interval_Std,0.21122625470161438,Low historical spending and irregular purchase behavior are increasing churn risk.
12549.0,0.3154518,Recency,0.23421359062194824,Tenure,0.001991419354453683,Long time since last purchase and short customer tenure are increasing churn risk.
12555.0,0.629411,Monetary,0.3100755512714386,Recency,0.18132317066192627,Low historical spending and long time since last purchase are increasing churn risk.
12557.0,0.41940767,Purchase_Interval_Std,0.18328595161437988,Recency,0.055847279727458954,Irregular purchase behavior and long time since last purchase are increasing churn risk.
12567.0,0.2529124,None,0.0,None,0.0,No major behavioral factor is increasing the model's churn risk.
12568.0,0.6445749,Monetary,0.32124119997024536,Purchase_Interval_Std,0.15240545570850372,Low historical spending and irregular purchase behavior are increasing churn risk.
12570.0,0.65014994,Monetary,0.32326507568359375,Recency,0.16916228830814362,Low historical spending and long time since last purchase are increasing churn risk.
12573.0,0.56992525,Monetary,0.27536913752555847,Purchase_Interval_Std,0.2135334014892578,Low historical spending and irregular purchase behavior are increasing churn risk.
12575.0,0.43638772,Purchase_Interval_Std,0.1784611940383911,Tenure,0.013345982879400253,Irregular purchase behavior and short customer tenure are increasing churn risk.
12576.0,0.3499701,Frequency,0.02526591718196869,Tenure,0.01301538571715355,Low purchase frequency and short customer tenure are increasing churn risk.
12577.0,0.5771496,Monetary,0.18688896298408508,Recency,0.16511359810829163,Low historical spending and long time since last purchase are increasing churn risk.
12580.0,0.50071245,Purchase_Interval_Std,0.1596142202615738,Frequency,0.14833541214466095,Irregular purchase behavior and low purchase frequency are increasing churn risk.
12582.0,0.47882348,Frequency,0.17490620911121368,Purchase_Interval_Std,0.1596142202615738,Low purchase frequency and irregular purchase behavior are increasing churn risk.
12583.0,0.19554989,None,0.0,None,0.0,No major behavioral factor is increasing the model's churn risk.
12586.0,0.57331216,Recency,0.18460208177566528,Monetary,0.14401008188724518,Long time since last purchase and low historical spending are increasing churn risk.
12588.0,0.56005794,Purchase_Interval_Std,0.14444349706172943,Monetary,0.14042308926582336,Irregular purchase behavior and low historical spending are increasing churn risk.
12589.0,0.26118076,None,0.0,None,0.0,No major behavioral factor is increasing the model's churn risk.
12592.0,0.39561507,Purchase_Interval_Std,0.18328595161437988,Tenure,0.02279585786163807,Irregular purchase behavior and short customer tenure are increasing churn risk.
12594.0,0.28628942,Frequency,0.016521785408258438,None,0.0,Low purchase frequency is increasing churn risk.
12595.0,0.5386663,Purchase_Interval_Std,0.19815191626548767,Monetary,0.17463397979736328,Irregular purchase behavior and low historical spending are increasing churn risk.
12598.0,0.29717097,Frequency,0.013972442597150803,None,0.0,Low purchase frequency is increasing churn risk.
12599.0,0.31753102,Tenure,0.010777851566672325,None,0.0,Short customer tenure is increasing churn risk.
12600.0,0.21542633,None,0.0,None,0.0,No major behavioral factor is increasing the model's churn risk.
12605.0,0.5508459,Monetary,0.21423396468162537,Purchase_Interval_Std,0.20513363182544708,Low historical spending and irregular purchase behavior are increasing churn risk.
12606.0,0.65014994,Monetary,0.32326507568359375,Recency,0.16916228830814362,Low historical spending and long time since last purchase are increasing churn risk.
12609.0,0.26023102,None,0.0,None,0.0,No major behavioral factor is increasing the model's churn risk.
12613.0,0.24604453,None,0.0,None,0.0,No major behavioral factor is increasing the model's churn risk.
12615.0,0.39721668,Purchase_Interval_Std,0.18868541717529297,Frequency,0.04279164597392082,Irregular purchase behavior and low purchase frequency are increasing churn risk.
12619.0,0.5955695,Monetary,0.3037063181400299,Purchase_Interval_Std,0.21374467015266418,Low historical spending and irregular purchase behavior are increasing churn risk.
12621.0,0.19476347,Tenure,0.0011471714824438095,None,0.0,Short customer tenure is increasing churn risk.
12623.0,0.20163372,Tenure,0.0011471714824438095,None,0.0,Short customer tenure is increasing churn risk.
12625.0,0.39951155,Purchase_Interval_Std,0.1861312985420227,Frequency,0.035887815058231354,Irregular purchase behavior and low purchase frequency are increasing churn risk.
12631.0,0.21167591,Tenure,0.0011471714824438095,None,0.0,Short customer tenure is increasing churn risk.
12632.0,0.4062956,Purchase_Interval_Std,0.17306172847747803,Frequency,0.03815743327140808,Irregular purchase behavior and low purchase frequency are increasing churn risk.
12633.0,0.38846782,Purchase_Interval_Std,0.18868541717529297,Frequency,0.03365028277039528,Irregular purchase behavior and low purchase frequency are increasing churn risk.
12634.0,0.45092383,Purchase_Interval_Std,0.17306172847747803,Tenure,0.01110844686627388,Irregular purchase behavior and short customer tenure are increasing churn risk.
12635.0,0.45787776,Purchase_Interval_Std,0.18607911467552185,Frequency,0.15961045026779175,Irregular purchase behavior and low purchase frequency are increasing churn risk.
12636.0,0.6167388,Monetary,0.3100755512714386,Recency,0.16511359810829163,Low historical spending and long time since last purchase are increasing churn risk.
12637.0,0.39721668,Purchase_Interval_Std,0.18116769194602966,Frequency,0.03815743327140808,Irregular purchase behavior and low purchase frequency are increasing churn risk.
12638.0,0.5793413,Monetary,0.1848650574684143,Recency,0.16204257309436798,Low historical spending and long time since last purchase are increasing churn risk.
12639.0,0.5793413,Monetary,0.18002305924892426,Recency,0.16204257309436798,Low historical spending and long time since last purchase are increasing churn risk.
12643.0,0.31515658,Recency,0.049293674528598785,Tenure,0.0155935138463974,Long time since last purchase and short customer tenure are increasing churn risk.
12644.0,0.45009744,Recency,0.2264232039451599,Purchase_Interval_Std,0.12506993114948273,Long time since last purchase and irregular purchase behavior are increasing churn risk.
12645.0,0.29717097,Frequency,0.013972442597150803,None,0.0,Low purchase frequency is increasing churn risk.
12647.0,0.19476347,Tenure,0.0011471714824438095,None,0.0,Short customer tenure is increasing churn risk.
12648.0,0.52390224,Recency,0.16107049584388733,Monetary,0.1463993936777115,Long time since last purchase and low historical spending are increasing churn risk.
12649.0,0.3682011,Recency,0.1651715338230133,None,0.0,Long time since last purchase is increasing churn risk.
12651.0,0.60521865,Monetary,0.3374204933643341,Purchase_Interval_Std,0.2253391593694687,Low historical spending and irregular purchase behavior are increasing churn risk.
12653.0,0.4460825,Purchase_Interval_Std,0.19090387225151062,Frequency,0.1861812323331833,Irregular purchase behavior and low purchase frequency are increasing churn risk.
12656.0,0.39721668,Purchase_Interval_Std,0.18116769194602966,Frequency,0.03815743327140808,Irregular purchase behavior and low purchase frequency are increasing churn risk.
12662.0,0.20966442,Tenure,0.018745340406894684,None,0.0,Short customer tenure is increasing churn risk.
12663.0,0.54643947,Monetary,0.18599937856197357,Recency,0.16107049584388733,Low historical spending and long time since last purchase are increasing churn risk.
12664.0,0.4001565,Purchase_Interval_Std,0.17576822638511658,Frequency,0.04398369416594505,Irregular purchase behavior and low purchase frequency are increasing churn risk.
12665.0,0.59278005,Monetary,0.21177391707897186,Recency,0.18132317066192627,Low historical spending and long time since last purchase are increasing churn risk.
12668.0,0.3015826,Recency,0.08705205470323563,None,0.0,Long time since last purchase is increasing churn risk.
12670.0,0.5852814,Monetary,0.18688896298408508,Recency,0.18132317066192627,Low historical spending and long time since last purchase are increasing churn risk.
12671.0,0.49411574,Recency,0.2218610793352127,Frequency,0.16821321845054626,Long time since last purchase and low purchase frequency are increasing churn risk.
12672.0,0.5721215,Monetary,0.18002305924892426,Purchase_Interval_Std,0.1548008769750595,Low historical spending and irregular purchase behavior are increasing churn risk.
12675.0,0.4303596,Purchase_Interval_Std,0.17576822638511658,Recency,0.05074299871921539,Irregular purchase behavior and long time since last purchase are increasing churn risk.
12676.0,0.42901072,Purchase_Interval_Std,0.1784611940383911,Tenure,0.013345982879400253,Irregular purchase behavior and short customer tenure are increasing churn risk.
12677.0,0.49913996,Purchase_Interval_Std,0.18513453006744385,Monetary,0.13851609826087952,Irregular purchase behavior and low historical spending are increasing churn risk.
12678.0,0.20301208,None,0.0,None,0.0,No major behavioral factor is increasing the model's churn risk.
12681.0,0.1926174,None,0.0,None,0.0,No major behavioral factor is increasing the model's churn risk.
12682.0,0.1926174,None,0.0,None,0.0,No major behavioral factor is increasing the model's churn risk.
12683.0,0.20724332,None,0.0,None,0.0,No major behavioral factor is increasing the model's churn risk.
12687.0,0.39721668,Purchase_Interval_Std,0.18868541717529297,Frequency,0.03591989725828171,Irregular purchase behavior and low purchase frequency are increasing churn risk.
12692.0,0.6259147,Monetary,0.3080516457557678,Purchase_Interval_Std,0.16384682059288025,Low historical spending and irregular purchase behavior are increasing churn risk.
12693.0,0.48257205,Purchase_Interval_Std,0.18067964911460876,Frequency,0.15961045026779175,Irregular purchase behavior and low purchase frequency are increasing churn risk.
12695.0,0.31200153,Recency,0.01212936919182539,Frequency,0.0046348413452506065,Long time since last purchase and low purchase frequency are increasing churn risk.
12696.0,0.5386663,Purchase_Interval_Std,0.19815191626548767,Monetary,0.17359931766986847,Irregular purchase behavior and low historical spending are increasing churn risk.
12698.0,0.55494606,Purchase_Interval_Std,0.1478191763162613,Monetary,0.13784970343112946,Irregular purchase behavior and low historical spending are increasing churn risk.
12701.0,0.31542212,Recency,0.04118607938289642,Tenure,0.0155935138463974,Long time since last purchase and short customer tenure are increasing churn risk.
12703.0,0.44720548,Recency,0.35964521765708923,Tenure,0.002145892009139061,Long time since last purchase and short customer tenure are increasing churn risk.
12705.0,0.46338916,Purchase_Interval_Std,0.18338613212108612,Frequency,0.18146167695522308,Irregular purchase behavior and low purchase frequency are increasing churn risk.
12708.0,0.20138475,None,0.0,None,0.0,No major behavioral factor is increasing the model's churn risk.
12709.0,0.1926174,None,0.0,None,0.0,No major behavioral factor is increasing the model's churn risk.
12711.0,0.44833127,Recency,0.21398603916168213,Purchase_Interval_Std,0.12195201963186264,Long time since last purchase and irregular purchase behavior are increasing churn risk.
12712.0,0.2095182,None,0.0,None,0.0,No major behavioral factor is increasing the model's churn risk.
12714.0,0.19735877,None,0.0,None,0.0,No major behavioral factor is increasing the model's churn risk.
12717.0,0.55912626,Monetary,0.15157653391361237,Purchase_Interval_Std,0.15103356540203094,Low historical spending and irregular purchase behavior are increasing churn risk.
12720.0,0.26517236,Tenure,0.022465260699391365,None,0.0,Short customer tenure is increasing churn risk.
12721.0,0.45787776,Purchase_Interval_Std,0.18607911467552185,Frequency,0.15961045026779175,Irregular purchase behavior and low purchase frequency are increasing churn risk.
12724.0,0.39721668,Purchase_Interval_Std,0.18116769194602966,Frequency,0.03815743327140808,Irregular purchase behavior and low purchase frequency are increasing churn risk.
12725.0,0.4303596,Purchase_Interval_Std,0.15655256807804108,Recency,0.06815999001264572,Irregular purchase behavior and long time since last purchase are increasing churn risk.
12726.0,0.45092383,Purchase_Interval_Std,0.17306172847747803,Recency,0.016569549217820168,Irregular purchase behavior and long time since last purchase are increasing churn risk.
12727.0,0.42411667,Purchase_Interval_Std,0.17576822638511658,Recency,0.04894430190324783,Irregular purchase behavior and long time since last purchase are increasing churn risk.
12730.0,0.4460825,Frequency,0.1861812323331833,Purchase_Interval_Std,0.18067964911460876,Low purchase frequency and irregular purchase behavior are increasing churn risk.
12731.0,0.24604453,None,0.0,None,0.0,No major behavioral factor is increasing the model's churn risk.
12733.0,0.39112446,Purchase_Interval_Std,0.18116769194602966,Frequency,0.04279164597392082,Irregular purchase behavior and low purchase frequency are increasing churn risk.
12737.0,0.38846782,Purchase_Interval_Std,0.18868541717529297,Frequency,0.03365028277039528,Irregular purchase behavior and low purchase frequency are increasing churn risk.
12741.0,0.49913996,Purchase_Interval_Std,0.18513453006744385,Monetary,0.14345847070217133,Irregular purchase behavior and low historical spending are increasing churn risk.
12742.0,0.49834266,Recency,0.2149581015110016,Frequency,0.16751216351985931,Long time since last purchase and low purchase frequency are increasing churn risk.
12744.0,0.26613367,Tenure,0.02022772654891014,None,0.0,Short customer tenure is increasing churn risk.
12745.0,0.2832919,Frequency,0.016521785408258438,None,0.0,Low purchase frequency is increasing churn risk.
12746.0,0.5553701,Purchase_Interval_Std,0.199734166264534,Monetary,0.18344150483608246,Irregular purchase behavior and low historical spending are increasing churn risk.
12747.0,0.1926174,None,0.0,None,0.0,No major behavioral factor is increasing the model's churn risk.
12748.0,0.20105988,None,0.0,None,0.0,No major behavioral factor is increasing the model's churn risk.
12749.0,0.4460825,Frequency,0.1861812323331833,Purchase_Interval_Std,0.18067964911460876,Low purchase frequency and irregular purchase behavior are increasing churn risk.
12755.0,0.21971615,Tenure,0.0011471714824438095,None,0.0,Short customer tenure is increasing churn risk.
12758.0,0.20700288,None,0.0,None,0.0,No major behavioral factor is increasing the model's churn risk.
12759.0,0.3029763,Frequency,0.015164494514465332,None,0.0,Low purchase frequency is increasing churn risk.
12760.0,0.5386663,Purchase_Interval_Std,0.19815191626548767,Monetary,0.17463397979736328,Irregular purchase behavior and low historical spending are increasing churn risk.
12761.0,0.39721668,Purchase_Interval_Std,0.1784611940383911,Frequency,0.03591989725828171,Irregular purchase behavior and low purchase frequency are increasing churn risk.
12765.0,0.21180315,Tenure,0.0011471714824438095,None,0.0,Short customer tenure is increasing churn risk.
12770.0,0.43318623,Purchase_Interval_Std,0.1963033378124237,Frequency,0.1861812323331833,Irregular purchase behavior and low purchase frequency are increasing churn risk.
12771.0,0.5428734,Purchase_Interval_Std,0.20136632025241852,Monetary,0.18836082518100739,Irregular purchase behavior and low historical spending are increasing churn risk.
12773.0,0.60051006,Monetary,0.3037063181400299,Purchase_Interval_Std,0.2176630198955536,Low historical spending and irregular purchase behavior are increasing churn risk.
12774.0,0.63015354,Monetary,0.32409995794296265,Purchase_Interval_Std,0.210213765501976,Low historical spending and irregular purchase behavior are increasing churn risk.
12776.0,0.65014994,Monetary,0.32326507568359375,Recency,0.16916228830814362,Low historical spending and long time since last purchase are increasing churn risk.
12777.0,0.47671506,Purchase_Interval_Std,0.18607911467552185,Frequency,0.15961045026779175,Irregular purchase behavior and low purchase frequency are increasing churn risk.
12778.0,0.56005794,Recency,0.14582781493663788,Frequency,0.1390601098537445,Long time since last purchase and low purchase frequency are increasing churn risk.
12779.0,0.21308896,None,0.0,None,0.0,No major behavioral factor is increasing the model's churn risk.
12780.0,0.56005794,Purchase_Interval_Std,0.14444349706172943,Monetary,0.14042308926582336,Irregular purchase behavior and low historical spending are increasing churn risk.
12782.0,0.5386663,Purchase_Interval_Std,0.19275245070457458,Monetary,0.16470520198345184,Irregular purchase behavior and low historical spending are increasing churn risk.
12784.0,0.46105373,Purchase_Interval_Std,0.18338613212108612,Frequency,0.18146167695522308,Irregular purchase behavior and low purchase frequency are increasing churn risk.
12785.0,0.41611698,Purchase_Interval_Std,0.17306172847747803,Frequency,0.032096751034259796,Irregular purchase behavior and low purchase frequency are increasing churn risk.
12786.0,0.5077131,Recency,0.1901904195547104,Frequency,0.14094135165214539,Long time since last purchase and low purchase frequency are increasing churn risk.
12788.0,0.35158917,Monetary,0.18744097650051117,AOV,0.02035628631711006,Low historical spending and low average order value are increasing churn risk.
12789.0,0.5739029,Monetary,0.24835598468780518,Purchase_Interval_Std,0.19472043216228485,Low historical spending and irregular purchase behavior are increasing churn risk.
12791.0,0.43457428,Recency,0.3374907076358795,Tenure,0.006987888365983963,Long time since last purchase and short customer tenure are increasing churn risk.
12792.0,0.5406788,Purchase_Interval_Std,0.19275245070457458,Frequency,0.15633250772953033,Irregular purchase behavior and low purchase frequency are increasing churn risk.
12796.0,0.5673274,Recency,0.165321484208107,Frequency,0.14238299429416656,Long time since last purchase and low purchase frequency are increasing churn risk.
12799.0,0.5553701,Purchase_Interval_Std,0.199734166264534,Monetary,0.19030416011810303,Irregular purchase behavior and low historical spending are increasing churn risk.
12800.0,0.344135,Monetary,0.0024248724803328514,Tenure,0.0013016442535445094,Low historical spending and short customer tenure are increasing churn risk.
12801.0,0.43318623,Purchase_Interval_Std,0.1887855976819992,Frequency,0.1861812323331833,Irregular purchase behavior and low purchase frequency are increasing churn risk.
12802.0,0.26517236,Tenure,0.02022772654891014,None,0.0,Short customer tenure is increasing churn risk.
12804.0,0.5016905,Purchase_Interval_Std,0.19053399562835693,Monetary,0.17576830089092255,Irregular purchase behavior and low historical spending are increasing churn risk.
12805.0,0.29028162,Frequency,0.013972442597150803,None,0.0,Low purchase frequency is increasing churn risk.
12806.0,0.28018248,Tenure,0.02022772654891014,Frequency,0.007068617269396782,Short customer tenure and low purchase frequency are increasing churn risk.
12808.0,0.5562555,Monetary,0.2317289113998413,Purchase_Interval_Std,0.20952817797660828,Low historical spending and irregular purchase behavior are increasing churn risk.
12809.0,0.42411667,Purchase_Interval_Std,0.17576822638511658,Recency,0.04894430190324783,Irregular purchase behavior and long time since last purchase are increasing churn risk.
12810.0,0.45092383,Purchase_Interval_Std,0.17306172847747803,Frequency,0.004333903081715107,Irregular purchase behavior and low purchase frequency are increasing churn risk.
12813.0,0.2832919,Frequency,0.016521785408258438,None,0.0,Low purchase frequency is increasing churn risk.
12819.0,0.47671506,Purchase_Interval_Std,0.18607911467552185,Frequency,0.15961045026779175,Irregular purchase behavior and low purchase frequency are increasing churn risk.
12820.0,0.21168412,None,0.0,None,0.0,No major behavioral factor is increasing the model's churn risk.
12821.0,0.62369657,Monetary,0.3032096326351166,Purchase_Interval_Std,0.16384682059288025,Low historical spending and irregular purchase behavior are increasing churn risk.
12823.0,0.19476347,Tenure,0.0011471714824438095,None,0.0,Short customer tenure is increasing churn risk.
12825.0,0.4457265,Purchase_Interval_Std,0.17306172847747803,Frequency,0.01622084341943264,Irregular purchase behavior and low purchase frequency are increasing churn risk.
12826.0,0.29717097,Frequency,0.015164494514465332,None,0.0,Low purchase frequency is increasing churn risk.
12829.0,0.63015354,Monetary,0.31689584255218506,Purchase_Interval_Std,0.20622165501117706,Low historical spending and irregular purchase behavior are increasing churn risk.
12831.0,0.5243245,Monetary,0.21536828577518463,Purchase_Interval_Std,0.20546863973140717,Low historical spending and irregular purchase behavior are increasing churn risk.
12835.0,0.20105988,None,0.0,None,0.0,No major behavioral factor is increasing the model's churn risk.
12836.0,0.1926174,None,0.0,None,0.0,No major behavioral factor is increasing the model's churn risk.
12837.0,0.49239483,Purchase_Interval_Std,0.18067964911460876,Frequency,0.15105047821998596,Irregular purchase behavior and low purchase frequency are increasing churn risk.
12838.0,0.27438518,Tenure,0.02022772654891014,None,0.0,Short customer tenure is increasing churn risk.
12839.0,0.1926174,None,0.0,None,0.0,No major behavioral factor is increasing the model's churn risk.
12840.0,0.4504461,Purchase_Interval_Std,0.17306172847747803,Recency,0.020939243957400322,Irregular purchase behavior and long time since last purchase are increasing churn risk.
12841.0,0.37407908,Purchase_Interval_Std,0.10175986588001251,Tenure,0.013345982879400253,Irregular purchase behavior and short customer tenure are increasing churn risk.
12842.0,0.56512016,Recency,0.16839250922203064,Monetary,0.14401008188724518,Long time since last purchase and low historical spending are increasing churn risk.
12843.0,0.1926174,None,0.0,None,0.0,No major behavioral factor is increasing the model's churn risk.
12844.0,0.61182463,Monetary,0.30063626170158386,Purchase_Interval_Std,0.1727297455072403,Low historical spending and irregular purchase behavior are increasing churn risk.
12846.0,0.65014994,Monetary,0.32326507568359375,Recency,0.16916228830814362,Low historical spending and long time since last purchase are increasing churn risk.
12848.0,0.5852814,Monetary,0.18688896298408508,Recency,0.18132317066192627,Low historical spending and long time since last purchase are increasing churn risk.
12849.0,0.5033416,Purchase_Interval_Std,0.13574637472629547,Frequency,0.13447077572345734,Irregular purchase behavior and low purchase frequency are increasing churn risk.
12851.0,0.5860814,Monetary,0.3374204933643341,Purchase_Interval_Std,0.21510957181453705,Low historical spending and irregular purchase behavior are increasing churn risk.
12853.0,0.27219662,None,0.0,None,0.0,No major behavioral factor is increasing the model's churn risk.
12854.0,0.32220048,Recency,0.0801490843296051,None,0.0,Long time since last purchase is increasing churn risk.
12857.0,0.38058713,Purchase_Interval_Std,0.18116769194602966,None,0.0,Irregular purchase behavior is increasing churn risk.
12859.0,0.47671506,Purchase_Interval_Std,0.18607911467552185,Frequency,0.15961045026779175,Irregular purchase behavior and low purchase frequency are increasing churn risk.
12860.0,0.65014994,Monetary,0.32326507568359375,Recency,0.16916228830814362,Low historical spending and long time since last purchase are increasing churn risk.
12861.0,0.6445749,Monetary,0.3163991868495941,Purchase_Interval_Std,0.15240545570850372,Low historical spending and irregular purchase behavior are increasing churn risk.
12862.0,0.47671506,Purchase_Interval_Std,0.18607911467552185,Frequency,0.15961045026779175,Irregular purchase behavior and low purchase frequency are increasing churn risk.
12863.0,0.27823296,Tenure,0.02022772654891014,None,0.0,Short customer tenure is increasing churn risk.
12864.0,0.56604314,Monetary,0.2585133910179138,Purchase_Interval_Std,0.2135334014892578,Low historical spending and irregular purchase behavior are increasing churn risk.
12865.0,0.43318623,Purchase_Interval_Std,0.1887855976819992,Frequency,0.1861812323331833,Irregular purchase behavior and low purchase frequency are increasing churn risk.
12866.0,0.4256461,Purchase_Interval_Std,0.1784611940383911,Tenure,0.013345982879400253,Irregular purchase behavior and short customer tenure are increasing churn risk.
12867.0,0.2529124,None,0.0,None,0.0,No major behavioral factor is increasing the model's churn risk.
12869.0,0.57331216,Recency,0.18132317066192627,Monetary,0.147288978099823,Long time since last purchase and low historical spending are increasing churn risk.
12870.0,0.4399365,Purchase_Interval_Std,0.1784611940383911,Frequency,0.01622084341943264,Irregular purchase behavior and low purchase frequency are increasing churn risk.
12872.0,0.20138475,None,0.0,None,0.0,No major behavioral factor is increasing the model's churn risk.
12873.0,0.52020276,Recency,0.19167225062847137,Frequency,0.14094135165214539,Long time since last purchase and low purchase frequency are increasing churn risk.
12874.0,0.49239483,Purchase_Interval_Std,0.18067964911460876,Frequency,0.15105047821998596,Irregular purchase behavior and low purchase frequency are increasing churn risk.
12875.0,0.2832919,Frequency,0.016521785408258438,None,0.0,Low purchase frequency is increasing churn risk.
12876.0,0.48606506,Recency,0.16755230724811554,Frequency,0.16104155778884888,Long time since last purchase and low purchase frequency are increasing churn risk.
12877.0,0.2139863,Tenure,0.0011471714824438095,None,0.0,Short customer tenure is increasing churn risk.
12880.0,0.5432114,Purchase_Interval_Std,0.17058923840522766,Frequency,0.14977703988552094,Irregular purchase behavior and low purchase frequency are increasing churn risk.
12889.0,0.5739029,Monetary,0.25344276428222656,Purchase_Interval_Std,0.20011989772319794,Low historical spending and irregular purchase behavior are increasing churn risk.
12891.0,0.3258127,AOV,0.19848336279392242,Monetary,0.04795468971133232,Low average order value and low historical spending are increasing churn risk.
12894.0,0.5748633,Monetary,0.22583387792110443,Purchase_Interval_Std,0.18706849217414856,Low historical spending and irregular purchase behavior are increasing churn risk.
12897.0,0.60664684,Monetary,0.3037063181400299,Purchase_Interval_Std,0.2176630198955536,Low historical spending and irregular purchase behavior are increasing churn risk.
12898.0,0.5016905,Purchase_Interval_Std,0.19053399562835693,Monetary,0.1806102842092514,Irregular purchase behavior and low historical spending are increasing churn risk.
12905.0,0.43371382,Purchase_Interval_Std,0.1547027975320816,Recency,0.10639027506113052,Irregular purchase behavior and long time since last purchase are increasing churn risk.
12907.0,0.5386663,Purchase_Interval_Std,0.19815191626548767,Monetary,0.17463397979736328,Irregular purchase behavior and low historical spending are increasing churn risk.
12908.0,0.43638772,Purchase_Interval_Std,0.1784611940383911,Frequency,0.01622084341943264,Irregular purchase behavior and low purchase frequency are increasing churn risk.
12909.0,0.45092383,Purchase_Interval_Std,0.17306172847747803,Recency,0.016569549217820168,Irregular purchase behavior and long time since last purchase are increasing churn risk.
12910.0,0.39721668,Purchase_Interval_Std,0.18116769194602966,Frequency,0.04279164597392082,Irregular purchase behavior and low purchase frequency are increasing churn risk.
12911.0,0.47156364,Purchase_Interval_Std,0.18338613212108612,Frequency,0.1776212751865387,Irregular purchase behavior and low purchase frequency are increasing churn risk.
12913.0,0.26489028,Recency,0.12474200874567032,None,0.0,Long time since last purchase is increasing churn risk.
12915.0,0.43638772,Purchase_Interval_Std,0.1784611940383911,Frequency,0.011586634442210197,Irregular purchase behavior and low purchase frequency are increasing churn risk.
12916.0,0.44833127,Recency,0.21398603916168213,Purchase_Interval_Std,0.12195201963186264,Long time since last purchase and irregular purchase behavior are increasing churn risk.
12917.0,0.27796537,Frequency,0.012894878163933754,None,0.0,Low purchase frequency is increasing churn risk.
12918.0,0.49630496,Recency,0.2218610793352127,Frequency,0.17082147300243378,Long time since last purchase and low purchase frequency are increasing churn risk.
12920.0,0.42478463,Monetary,0.16751423478126526,Recency,0.07427283376455307,Low historical spending and long time since last purchase are increasing churn risk.
12921.0,0.1926174,None,0.0,None,0.0,No major behavioral factor is increasing the model's churn risk.
12923.0,0.54506946,Purchase_Interval_Std,0.1716870218515396,Frequency,0.14977703988552094,Irregular purchase behavior and low purchase frequency are increasing churn risk.
12924.0,0.28179732,Recency,0.12303950637578964,None,0.0,Long time since last purchase is increasing churn risk.
12925.0,0.6373977,Monetary,0.313825786113739,Purchase_Interval_Std,0.16128836572170258,Low historical spending and irregular purchase behavior are increasing churn risk.
12926.0,0.47164127,Recency,0.1793961375951767,Purchase_Interval_Std,0.11924552917480469,Long time since last purchase and irregular purchase behavior are increasing churn risk.
12928.0,0.2885004,Tenure,0.02022772654891014,Frequency,0.011887574568390846,Short customer tenure and low purchase frequency are increasing churn risk.
12931.0,0.1926174,None,0.0,None,0.0,No major behavioral factor is increasing the model's churn risk.
12932.0,0.26784873,Recency,0.11387474089860916,Tenure,0.0011471714824438095,Long time since last purchase and short customer tenure are increasing churn risk.
12933.0,0.60015917,Monetary,0.23220308125019073,Recency,0.18132317066192627,Low historical spending and long time since last purchase are increasing churn risk.
12934.0,0.58469105,Monetary,0.21177391707897186,Recency,0.16511359810829163,Low historical spending and long time since last purchase are increasing churn risk.
12935.0,0.21609354,Tenure,0.01697477325797081,None,0.0,Short customer tenure is increasing churn risk.
12937.0,0.22533827,None,0.0,None,0.0,No major behavioral factor is increasing the model's churn risk.
12939.0,0.19772062,Tenure,0.0011471714824438095,None,0.0,Short customer tenure is increasing churn risk.
12941.0,0.57331216,Recency,0.18460208177566528,Monetary,0.14401008188724518,Long time since last purchase and low historical spending are increasing churn risk.
12943.0,0.45092383,Purchase_Interval_Std,0.17306172847747803,Recency,0.016569549217820168,Irregular purchase behavior and long time since last purchase are increasing churn risk.
12945.0,0.57149357,Recency,0.18460208177566528,Frequency,0.14238299429416656,Long time since last purchase and low purchase frequency are increasing churn risk.
12948.0,0.5474934,Monetary,0.18802328407764435,Recency,0.17738157510757446,Low historical spending and long time since last purchase are increasing churn risk.
12949.0,0.1926174,None,0.0,None,0.0,No major behavioral factor is increasing the model's churn risk.
12951.0,0.21180315,Tenure,0.0011471714824438095,None,0.0,Short customer tenure is increasing churn risk.
12953.0,0.48257205,Purchase_Interval_Std,0.18067964911460876,Frequency,0.15961045026779175,Irregular purchase behavior and low purchase frequency are increasing churn risk.
12954.0,0.59279203,Monetary,0.23017917573451996,Recency,0.16204257309436798,Low historical spending and long time since last purchase are increasing churn risk.
12956.0,0.48658824,Recency,0.34952512383461,Monetary,0.16576255857944489,Long time since last purchase and low historical spending are increasing churn risk.
12957.0,0.2678164,Recency,0.12077771127223969,None,0.0,Long time since last purchase is increasing churn risk.
12958.0,0.57774407,Monetary,0.21725419163703918,Purchase_Interval_Std,0.1864355504512787,Low historical spending and irregular purchase behavior are increasing churn risk.
12959.0,0.56992525,Monetary,0.27536913752555847,Purchase_Interval_Std,0.2135334014892578,Low historical spending and irregular purchase behavior are increasing churn risk.
12960.0,0.2832919,Frequency,0.016521785408258438,None,0.0,Low purchase frequency is increasing churn risk.
12963.0,0.2885004,Tenure,0.022465260699391365,Frequency,0.009650038555264473,Short customer tenure and low purchase frequency are increasing churn risk.
12969.0,0.6167344,Monetary,0.3032096326351166,Purchase_Interval_Std,0.16384682059288025,Low historical spending and irregular purchase behavior are increasing churn risk.
12970.0,0.56927896,Recency,0.16511359810829163,Monetary,0.1610158234834671,Long time since last purchase and low historical spending are increasing churn risk.
12971.0,0.1926174,None,0.0,None,0.0,No major behavioral factor is increasing the model's churn risk.
12972.0,0.3594394,Recency,0.1684081256389618,None,0.0,Long time since last purchase is increasing churn risk.
12974.0,0.54741186,Purchase_Interval_Std,0.19596685469150543,Monetary,0.1546466052532196,Irregular purchase behavior and low historical spending are increasing churn risk.
12975.0,0.29717097,Frequency,0.015164494514465332,None,0.0,Low purchase frequency is increasing churn risk.
12976.0,0.21320859,Tenure,0.0011471714824438095,None,0.0,Short customer tenure is increasing churn risk.
12977.0,0.32908955,Tenure,0.01301538571715355,None,0.0,Short customer tenure is increasing churn risk.
12978.0,0.4021466,Recency,0.4193408191204071,None,0.0,Long time since last purchase is increasing churn risk.
12979.0,0.52020276,Recency,0.19167225062847137,Frequency,0.14213339984416962,Long time since last purchase and low purchase frequency are increasing churn risk.
12980.0,0.1926174,None,0.0,None,0.0,No major behavioral factor is increasing the model's churn risk.
12982.0,0.23439205,Tenure,0.017305368557572365,None,0.0,Short customer tenure is increasing churn risk.
12983.0,0.50852126,Recency,0.14682962000370026,Frequency,0.13838417828083038,Long time since last purchase and low purchase frequency are increasing churn risk.
12986.0,0.20360386,Tenure,0.0011471714824438095,None,0.0,Short customer tenure is increasing churn risk.
12987.0,0.47212216,Recency,0.17502643167972565,Purchase_Interval_Std,0.11924552917480469,Long time since last purchase and irregular purchase behavior are increasing churn risk.
12989.0,0.1926174,None,0.0,None,0.0,No major behavioral factor is increasing the model's churn risk.
12990.0,0.5111604,Purchase_Interval_Std,0.197782963514328,Monetary,0.18846048414707184,Irregular purchase behavior and low historical spending are increasing churn risk.
12992.0,0.65014994,Monetary,0.32326507568359375,Recency,0.16916228830814362,Low historical spending and long time since last purchase are increasing churn risk.
12993.0,0.52204853,Recency,0.16434940695762634,Monetary,0.13569019734859467,Long time since last purchase and low historical spending are increasing churn risk.
12997.0,0.33992258,Tenure,0.006143640261143446,None,0.0,Short customer tenure is increasing churn risk.
12998.0,0.2932764,Frequency,0.013972442597150803,None,0.0,Low purchase frequency is increasing churn risk.
13000.0,0.52020276,Recency,0.19167225062847137,Frequency,0.14213339984416962,Long time since last purchase and low purchase frequency are increasing churn risk.
13001.0,0.1926174,None,0.0,None,0.0,No major behavioral factor is increasing the model's churn risk.
13004.0,0.1926174,None,0.0,None,0.0,No major behavioral factor is increasing the model's churn risk.
13005.0,0.5508459,Monetary,0.21423396468162537,Purchase_Interval_Std,0.20513363182544708,Low historical spending and irregular purchase behavior are increasing churn risk.
13007.0,0.57253,Monetary,0.2062385380268097,Purchase_Interval_Std,0.18476136028766632,Low historical spending and irregular purchase behavior are increasing churn risk.
13008.0,0.5905844,Monetary,0.20438392460346222,Recency,0.18132317066192627,Low historical spending and long time since last purchase are increasing churn risk.
13009.0,0.5852814,Monetary,0.18688896298408508,Recency,0.18132317066192627,Low historical spending and long time since last purchase are increasing churn risk.
13010.0,0.5868716,Monetary,0.2097500115633011,Recency,0.16204257309436798,Low historical spending and long time since last purchase are increasing churn risk.
13012.0,0.4062956,Purchase_Interval_Std,0.17306172847747803,Frequency,0.03815743327140808,Irregular purchase behavior and low purchase frequency are increasing churn risk.
13013.0,0.1926174,None,0.0,None,0.0,No major behavioral factor is increasing the model's churn risk.
13015.0,0.29061836,Frequency,0.015743011608719826,Tenure,0.013822946697473526,Low purchase frequency and short customer tenure are increasing churn risk.
13018.0,0.28458676,Recency,0.12303950637578964,Tenure,0.0011471714824438095,Long time since last purchase and short customer tenure are increasing churn risk.
13019.0,0.32542273,Recency,0.08365028351545334,None,0.0,Long time since last purchase is increasing churn risk.
13020.0,0.4504461,Purchase_Interval_Std,0.17306172847747803,Recency,0.020939243957400322,Irregular purchase behavior and long time since last purchase are increasing churn risk.
13021.0,0.2760421,None,0.0,None,0.0,No major behavioral factor is increasing the model's churn risk.
13023.0,0.48154083,Purchase_Interval_Std,0.18067964911460876,Frequency,0.15717577934265137,Irregular purchase behavior and low purchase frequency are increasing churn risk.
13024.0,0.4399365,Purchase_Interval_Std,0.1784611940383911,Frequency,0.011586634442210197,Irregular purchase behavior and low purchase frequency are increasing churn risk.
13025.0,0.57102484,Recency,0.17835363745689392,Monetary,0.147288978099823,Long time since last purchase and low historical spending are increasing churn risk.
13026.0,0.2948632,Tenure,0.00010959382052533329,None,0.0,Short customer tenure is increasing churn risk.
13027.0,0.19476347,Tenure,0.0011471714824438095,None,0.0,Short customer tenure is increasing churn risk.
13029.0,0.5386663,Purchase_Interval_Std,0.19275245070457458,Frequency,0.16105207800865173,Irregular purchase behavior and low purchase frequency are increasing churn risk.
13031.0,0.28068843,Tenure,0.02022772654891014,Frequency,0.011887574568390846,Short customer tenure and low purchase frequency are increasing churn risk.
13032.0,0.3777611,Purchase_Interval_Std,0.17915646731853485,Tenure,0.07058782875537872,Irregular purchase behavior and short customer tenure are increasing churn risk.
13036.0,0.57331216,Recency,0.18132317066192627,Monetary,0.147288978099823,Long time since last purchase and low historical spending are increasing churn risk.
13037.0,0.19554989,None,0.0,None,0.0,No major behavioral factor is increasing the model's churn risk.
13039.0,0.35608712,Recency,0.1992635428905487,None,0.0,Long time since last purchase is increasing churn risk.
13041.0,0.3259146,Tenure,0.010777851566672325,None,0.0,Short customer tenure is increasing churn risk.
13042.0,0.40755832,Recency,0.34262534976005554,Frequency,0.01507888175547123,Long time since last purchase and low purchase frequency are increasing churn risk.
13044.0,0.19476347,Tenure,0.0011471714824438095,None,0.0,Short customer tenure is increasing churn risk.
13045.0,0.5386663,Purchase_Interval_Std,0.19815191626548767,Monetary,0.17463397979736328,Irregular purchase behavior and low historical spending are increasing churn risk.
13046.0,0.5386663,Purchase_Interval_Std,0.19815191626548767,Monetary,0.17463397979736328,Irregular purchase behavior and low historical spending are increasing churn risk.
13047.0,0.1926174,None,0.0,None,0.0,No major behavioral factor is increasing the model's churn risk.
13048.0,0.2529124,None,0.0,None,0.0,No major behavioral factor is increasing the model's churn risk.
13050.0,0.1926174,None,0.0,None,0.0,No major behavioral factor is increasing the model's churn risk.
13051.0,0.5853778,Monetary,0.24099157750606537,Purchase_Interval_Std,0.17596212029457092,Low historical spending and irregular purchase behavior are increasing churn risk.
13052.0,0.30083805,Recency,0.0801490843296051,None,0.0,Long time since last purchase is increasing churn risk.
13053.0,0.62369657,Monetary,0.3032096326351166,Purchase_Interval_Std,0.16384682059288025,Low historical spending and irregular purchase behavior are increasing churn risk.
13056.0,0.5553701,Purchase_Interval_Std,0.199734166264534,Monetary,0.18051978945732117,Irregular purchase behavior and low historical spending are increasing churn risk.
13057.0,0.34954944,Recency,0.01114167645573616,Tenure,0.006143640261143446,Long time since last purchase and short customer tenure are increasing churn risk.
13059.0,0.20777196,Tenure,0.018745340406894684,None,0.0,Short customer tenure is increasing churn risk.
13063.0,0.5562555,Monetary,0.2317289113998413,Purchase_Interval_Std,0.20952817797660828,Low historical spending and irregular purchase behavior are increasing churn risk.
13064.0,0.45092383,Purchase_Interval_Std,0.17306172847747803,Recency,0.016569549217820168,Irregular purchase behavior and long time since last purchase are increasing churn risk.
13065.0,0.49913996,Purchase_Interval_Std,0.19053399562835693,Monetary,0.16738829016685486,Irregular purchase behavior and low historical spending are increasing churn risk.
13069.0,0.21254645,Tenure,0.05610229820013046,None,0.0,Short customer tenure is increasing churn risk.
13070.0,0.32908955,Monetary,0.0024248724803328514,None,0.0,Low historical spending is increasing churn risk.
13071.0,0.62369657,Monetary,0.3032096326351166,Purchase_Interval_Std,0.16384682059288025,Low historical spending and irregular purchase behavior are increasing churn risk.
13074.0,0.28252184,None,0.0,None,0.0,No major behavioral factor is increasing the model's churn risk.
13076.0,0.59350455,Monetary,0.3374204933643341,Purchase_Interval_Std,0.22104600071907043,Low historical spending and irregular purchase behavior are increasing churn risk.
13077.0,0.22208764,None,0.0,None,0.0,No major behavioral factor is increasing the model's churn risk.
13078.0,0.1926174,None,0.0,None,0.0,No major behavioral factor is increasing the model's churn risk.
13080.0,0.5798762,Monetary,0.24015775322914124,Purchase_Interval_Std,0.1970275640487671,Low historical spending and irregular purchase behavior are increasing churn risk.
13081.0,0.1926174,None,0.0,None,0.0,No major behavioral factor is increasing the model's churn risk.
13082.0,0.1926174,None,0.0,None,0.0,No major behavioral factor is increasing the model's churn risk.
13084.0,0.5961112,Monetary,0.3374204933643341,Purchase_Interval_Std,0.22306248545646667,Low historical spending and irregular purchase behavior are increasing churn risk.
13085.0,0.36818314,Recency,0.49446901679039,None,0.0,Long time since last purchase is increasing churn risk.
13087.0,0.57331216,Recency,0.18132317066192627,Monetary,0.147288978099823,Long time since last purchase and low historical spending are increasing churn risk.
13089.0,0.2559601,Purchase_Interval_Std,0.059684839099645615,None,0.0,Irregular purchase behavior is increasing churn risk.
13090.0,0.26517236,Tenure,0.022465260699391365,None,0.0,Short customer tenure is increasing churn risk.
13091.0,0.4525912,Recency,0.2296597957611084,Purchase_Interval_Std,0.13258765637874603,Long time since last purchase and irregular purchase behavior are increasing churn risk.
13092.0,0.21180315,Tenure,0.0011471714824438095,None,0.0,Short customer tenure is increasing churn risk.
13093.0,0.1926174,None,0.0,None,0.0,No major behavioral factor is increasing the model's churn risk.
13097.0,0.1926174,None,0.0,None,0.0,No major behavioral factor is increasing the model's churn risk.
13101.0,0.33667842,Monetary,0.0024248724803328514,Tenure,0.0013016442535445094,Low historical spending and short customer tenure are increasing churn risk.
13102.0,0.29203987,Purchase_Interval_Std,0.11108158528804779,Tenure,0.05643289536237717,Irregular purchase behavior and short customer tenure are increasing churn risk.
13103.0,0.6097833,Monetary,0.30454015731811523,Purchase_Interval_Std,0.19659759104251862,Low historical spending and irregular purchase behavior are increasing churn risk.
13104.0,0.5111604,Purchase_Interval_Std,0.19238349795341492,Monetary,0.16782699525356293,Irregular purchase behavior and low historical spending are increasing churn risk.
13107.0,0.3942307,Purchase_Interval_Std,0.10970612615346909,Recency,0.04219791293144226,Irregular purchase behavior and long time since last purchase are increasing churn risk.
13109.0,0.5432114,Purchase_Interval_Std,0.19275245070457458,Frequency,0.15249210596084595,Irregular purchase behavior and low purchase frequency are increasing churn risk.
13110.0,0.30896991,Recency,0.08365028351545334,None,0.0,Long time since last purchase is increasing churn risk.
13111.0,0.57331216,Recency,0.18132317066192627,Monetary,0.147288978099823,Long time since last purchase and low historical spending are increasing churn risk.
13112.0,0.63015354,Monetary,0.31981757283210754,Purchase_Interval_Std,0.20622165501117706,Low historical spending and irregular purchase behavior are increasing churn risk.
13113.0,0.2017988,Tenure,0.018745340406894684,None,0.0,Short customer tenure is increasing churn risk.
13114.0,0.5852814,Monetary,0.18688896298408508,Recency,0.18132317066192627,Low historical spending and long time since last purchase are increasing churn risk.
13115.0,0.25776324,Tenure,0.01722525805234909,None,0.0,Short customer tenure is increasing churn risk.
13117.0,0.22986725,AOV,0.030696019530296326,Tenure,0.018745340406894684,Low average order value and short customer tenure are increasing churn risk.
13119.0,0.62688476,Monetary,0.3100755512714386,Recency,0.18132317066192627,Low historical spending and long time since last purchase are increasing churn risk.
13123.0,0.4399365,Purchase_Interval_Std,0.1784611940383911,Tenure,0.015330223366618156,Irregular purchase behavior and short customer tenure are increasing churn risk.
13125.0,0.56604314,Monetary,0.2454313188791275,Purchase_Interval_Std,0.20813392102718353,Low historical spending and irregular purchase behavior are increasing churn risk.
13126.0,0.2832919,Frequency,0.01556188054382801,None,0.0,Low purchase frequency is increasing churn risk.
13128.0,0.5714811,Recency,0.16204257309436798,Monetary,0.15414991974830627,Long time since last purchase and low historical spending are increasing churn risk.
13129.0,0.60664684,Monetary,0.31349068880081177,Purchase_Interval_Std,0.2176630198955536,Low historical spending and irregular purchase behavior are increasing churn risk.
13131.0,0.33272693,Recency,0.049293674528598785,None,0.0,Long time since last purchase is increasing churn risk.
13133.0,0.6258776,Monetary,0.35061004757881165,Purchase_Interval_Std,0.21162112057209015,Low historical spending and irregular purchase behavior are increasing churn risk.
13135.0,0.5428734,Purchase_Interval_Std,0.20136632025241852,Monetary,0.18836082518100739,Irregular purchase behavior and low historical spending are increasing churn risk.
13136.0,0.26832074,None,0.0,None,0.0,No major behavioral factor is increasing the model's churn risk.
13137.0,0.39721668,Purchase_Interval_Std,0.18116769194602966,Frequency,0.03591989725828171,Irregular purchase behavior and low purchase frequency are increasing churn risk.
13140.0,0.5508459,Monetary,0.21423396468162537,Purchase_Interval_Std,0.20513363182544708,Low historical spending and irregular purchase behavior are increasing churn risk.
13141.0,0.23326257,Recency,0.05193660408258438,None,0.0,Long time since last purchase is increasing churn risk.
13143.0,0.55494606,Purchase_Interval_Std,0.17336121201515198,Frequency,0.14977703988552094,Irregular purchase behavior and low purchase frequency are increasing churn risk.
13145.0,0.530717,Monetary,0.2054395079612732,Purchase_Interval_Std,0.20006915926933289,Low historical spending and irregular purchase behavior are increasing churn risk.
13148.0,0.1926174,None,0.0,None,0.0,No major behavioral factor is increasing the model's churn risk.
13150.0,0.3455603,Tenure,0.006143640261143446,Monetary,0.003344542346894741,Short customer tenure and low historical spending are increasing churn risk.
13151.0,0.45464927,Recency,0.21398603916168213,Purchase_Interval_Std,0.12195201963186264,Long time since last purchase and irregular purchase behavior are increasing churn risk.
13152.0,0.24909095,Recency,0.037755705416202545,Tenure,0.0011471714824438095,Long time since last purchase and short customer tenure are increasing churn risk.
13154.0,0.38854957,Purchase_Interval_Std,0.17929953336715698,Frequency,0.04398369416594505,Irregular purchase behavior and low purchase frequency are increasing churn risk.
13155.0,0.5508459,Monetary,0.21423396468162537,Purchase_Interval_Std,0.20513363182544708,Low historical spending and irregular purchase behavior are increasing churn risk.
13156.0,0.4525912,Recency,0.2296597957611084,Purchase_Interval_Std,0.12506993114948273,Long time since last purchase and irregular purchase behavior are increasing churn risk.
13157.0,0.257585,None,0.0,None,0.0,No major behavioral factor is increasing the model's churn risk.
13161.0,0.53613,Purchase_Interval_Std,0.19815191626548767,Monetary,0.1662539690732956,Irregular purchase behavior and low historical spending are increasing churn risk.
13162.0,0.1926174,None,0.0,None,0.0,No major behavioral factor is increasing the model's churn risk.
13163.0,0.6445749,Monetary,0.3163991868495941,Purchase_Interval_Std,0.15240545570850372,Low historical spending and irregular purchase behavior are increasing churn risk.
13164.0,0.49913996,Purchase_Interval_Std,0.18513453006744385,Monetary,0.13851609826087952,Irregular purchase behavior and low historical spending are increasing churn risk.
13168.0,0.49239483,Purchase_Interval_Std,0.18067964911460876,Frequency,0.15105047821998596,Irregular purchase behavior and low purchase frequency are increasing churn risk.
13169.0,0.60051006,Monetary,0.3037063181400299,Purchase_Interval_Std,0.2176630198955536,Low historical spending and irregular purchase behavior are increasing churn risk.
13173.0,0.2601496,Recency,0.12303950637578964,None,0.0,Long time since last purchase is increasing churn risk.
13174.0,0.25864148,Recency,0.13164496421813965,None,0.0,Long time since last purchase is increasing churn risk.
13175.0,0.42840365,Purchase_Interval_Std,0.15180231630802155,Recency,0.11009229719638824,Irregular purchase behavior and long time since last purchase are increasing churn risk.
13178.0,0.19554989,None,0.0,None,0.0,No major behavioral factor is increasing the model's churn risk.
13179.0,0.5159062,Recency,0.1759984940290451,Frequency,0.14094135165214539,Long time since last purchase and low purchase frequency are increasing churn risk.
13180.0,0.64256597,Monetary,0.3163991868495941,Purchase_Interval_Std,0.15240545570850372,Low historical spending and irregular purchase behavior are increasing churn risk.
13183.0,0.2529124,None,0.0,None,0.0,No major behavioral factor is increasing the model's churn risk.
13187.0,0.61474407,Monetary,0.313930869102478,Recency,0.17967675626277924,Low historical spending and long time since last purchase are increasing churn risk.
13190.0,0.35642356,Recency,0.018621427938342094,None,0.0,Long time since last purchase is increasing churn risk.
13191.0,0.59585446,Monetary,0.22278957068920135,Recency,0.18132317066192627,Low historical spending and long time since last purchase are increasing churn risk.
13192.0,0.3150714,Recency,0.048464007675647736,None,0.0,Long time since last purchase is increasing churn risk.
13196.0,0.43638772,Purchase_Interval_Std,0.1784611940383911,Frequency,0.01622084341943264,Irregular purchase behavior and low purchase frequency are increasing churn risk.
13197.0,0.5673274,Recency,0.165321484208107,Frequency,0.14238299429416656,Long time since last purchase and low purchase frequency are increasing churn risk.
13199.0,0.1926174,None,0.0,None,0.0,No major behavioral factor is increasing the model's churn risk.
13201.0,0.26023102,None,0.0,None,0.0,No major behavioral factor is increasing the model's churn risk.
13202.0,0.27242908,Recency,0.12303950637578964,None,0.0,Long time since last purchase is increasing churn risk.
13203.0,0.26023102,None,0.0,None,0.0,No major behavioral factor is increasing the model's churn risk.
13204.0,0.4914139,Recency,0.22442573308944702,Frequency,0.16870421171188354,Long time since last purchase and low purchase frequency are increasing churn risk.
13206.0,0.1926174,None,0.0,None,0.0,No major behavioral factor is increasing the model's churn risk.
13207.0,0.5793413,Monetary,0.18002305924892426,Recency,0.16204257309436798,Low historical spending and long time since last purchase are increasing churn risk.
13208.0,0.49643373,Purchase_Interval_Std,0.18326637148857117,Monetary,0.14572016894817352,Irregular purchase behavior and low historical spending are increasing churn risk.
13209.0,0.2153911,Tenure,0.0011471714824438095,None,0.0,Short customer tenure is increasing churn risk.
13211.0,0.23111565,None,0.0,None,0.0,No major behavioral factor is increasing the model's churn risk.
13213.0,0.43638772,Purchase_Interval_Std,0.1784611940383911,Frequency,0.011586634442210197,Irregular purchase behavior and low purchase frequency are increasing churn risk.
13214.0,0.20163372,Tenure,0.0011471714824438095,None,0.0,Short customer tenure is increasing churn risk.
13217.0,0.62688476,Monetary,0.3100755512714386,Recency,0.18132317066192627,Low historical spending and long time since last purchase are increasing churn risk.
13219.0,0.6445749,Monetary,0.3163991868495941,Purchase_Interval_Std,0.15240545570850372,Low historical spending and irregular purchase behavior are increasing churn risk.
13220.0,0.4968176,Purchase_Interval_Std,0.1596142202615738,Frequency,0.14833541214466095,Irregular purchase behavior and low purchase frequency are increasing churn risk.
13222.0,0.63541067,Monetary,0.3177296817302704,Purchase_Interval_Std,0.1851562261581421,Low historical spending and irregular purchase behavior are increasing churn risk.
13223.0,0.34512168,Tenure,0.0013016442535445094,None,0.0,Short customer tenure is increasing churn risk.
13225.0,0.19554989,None,0.0,None,0.0,No major behavioral factor is increasing the model's churn risk.
13230.0,0.20470284,Tenure,0.018745340406894684,None,0.0,Short customer tenure is increasing churn risk.
13233.0,0.57331216,Recency,0.18132317066192627,Monetary,0.147288978099823,Long time since last purchase and low historical spending are increasing churn risk.
13234.0,0.52766174,Recency,0.17738157510757446,Monetary,0.14842329919338226,Long time since last purchase and low historical spending are increasing churn risk.
13238.0,0.61182463,Monetary,0.30063626170158386,Purchase_Interval_Std,0.1727297455072403,Low historical spending and irregular purchase behavior are increasing churn risk.
13239.0,0.37032133,Purchase_Interval_Std,0.10629666596651077,Tenure,0.02279585786163807,Irregular purchase behavior and short customer tenure are increasing churn risk.
13240.0,0.53501326,Recency,0.2900638282299042,Monetary,0.1854633092880249,Long time since last purchase and low historical spending are increasing churn risk.
13242.0,0.36899447,Monetary,0.19284842908382416,Tenure,0.0013016442535445094,Low historical spending and short customer tenure are increasing churn risk.
13243.0,0.5673274,Recency,0.16204257309436798,Frequency,0.14238299429416656,Long time since last purchase and low purchase frequency are increasing churn risk.
13246.0,0.4399365,Purchase_Interval_Std,0.1784611940383911,Tenure,0.013345982879400253,Irregular purchase behavior and short customer tenure are increasing churn risk.
13249.0,0.27184433,Monetary,0.030224133282899857,Tenure,0.004453470930457115,Low historical spending and short customer tenure are increasing churn risk.
13250.0,0.5243245,Monetary,0.21536828577518463,Purchase_Interval_Std,0.20546863973140717,Low historical spending and irregular purchase behavior are increasing churn risk.
13252.0,0.5673274,Recency,0.16204257309436798,Frequency,0.14238299429416656,Long time since last purchase and low purchase frequency are increasing churn risk.
13253.0,0.4937494,Recency,0.22739526629447937,Frequency,0.16870421171188354,Long time since last purchase and low purchase frequency are increasing churn risk.
13255.0,0.5428734,Purchase_Interval_Std,0.19596685469150543,Monetary,0.17843204736709595,Irregular purchase behavior and low historical spending are increasing churn risk.
13259.0,0.29629466,Recency,0.19500315189361572,Tenure,0.0011471714824438095,Long time since last purchase and short customer tenure are increasing churn risk.
13262.0,0.5721215,Monetary,0.18002305924892426,Purchase_Interval_Std,0.15142519772052765,Low historical spending and irregular purchase behavior are increasing churn risk.
13266.0,0.2053518,None,0.0,None,0.0,No major behavioral factor is increasing the model's churn risk.
13267.0,0.20591827,None,0.0,None,0.0,No major behavioral factor is increasing the model's churn risk.
13269.0,0.20379804,None,0.0,None,0.0,No major behavioral factor is increasing the model's churn risk.
13275.0,0.5868716,Monetary,0.20490801334381104,Recency,0.16204257309436798,Low historical spending and long time since last purchase are increasing churn risk.
13276.0,0.43638772,Purchase_Interval_Std,0.1784611940383911,Frequency,0.01622084341943264,Irregular purchase behavior and low purchase frequency are increasing churn risk.
13277.0,0.5798762,Monetary,0.2738719582557678,Purchase_Interval_Std,0.20242704451084137,Low historical spending and irregular purchase behavior are increasing churn risk.
13278.0,0.43638772,Purchase_Interval_Std,0.1784611940383911,Frequency,0.01622084341943264,Irregular purchase behavior and low purchase frequency are increasing churn risk.
13280.0,0.5159062,Recency,0.1759984940290451,Frequency,0.14094135165214539,Long time since last purchase and low purchase frequency are increasing churn risk.
13283.0,0.5111604,Purchase_Interval_Std,0.19238349795341492,Monetary,0.16062292456626892,Irregular purchase behavior and low historical spending are increasing churn risk.
13285.0,0.46646115,Recency,0.15022724866867065,Purchase_Interval_Std,0.12475276738405228,Long time since last purchase and irregular purchase behavior are increasing churn risk.
13286.0,0.5003242,Recency,0.16102153062820435,Frequency,0.13838417828083038,Long time since last purchase and low purchase frequency are increasing churn risk.
13287.0,0.45115906,Recency,0.2415166050195694,Purchase_Interval_Std,0.11924552917480469,Long time since last purchase and irregular purchase behavior are increasing churn risk.
13288.0,0.28070793,None,0.0,None,0.0,No major behavioral factor is increasing the model's churn risk.
13289.0,0.57331216,Recency,0.18132317066192627,Monetary,0.147288978099823,Long time since last purchase and low historical spending are increasing churn risk.
13291.0,0.19772062,Tenure,0.0011471714824438095,None,0.0,Short customer tenure is increasing churn risk.
13292.0,0.5016905,Purchase_Interval_Std,0.19053399562835693,Monetary,0.17576830089092255,Irregular purchase behavior and low historical spending are increasing churn risk.
13293.0,0.30631042,Recency,0.07278300821781158,None,0.0,Long time since last purchase is increasing churn risk.
13294.0,0.48944846,Recency,0.2117215096950531,Frequency,0.16751216351985931,Long time since last purchase and low purchase frequency are increasing churn risk.
13295.0,0.5494077,Purchase_Interval_Std,0.1716870218515396,Frequency,0.14977703988552094,Irregular purchase behavior and low purchase frequency are increasing churn risk.
13296.0,0.31083933,Tenure,0.010777851566672325,Monetary,0.009374581277370453,Short customer tenure and low historical spending are increasing churn risk.
13297.0,0.48879227,Purchase_Interval_Std,0.18067964911460876,Frequency,0.15105047821998596,Irregular purchase behavior and low purchase frequency are increasing churn risk.
13299.0,0.5432114,Purchase_Interval_Std,0.19275245070457458,Frequency,0.15633250772953033,Irregular purchase behavior and low purchase frequency are increasing churn risk.
13300.0,0.5432114,Purchase_Interval_Std,0.17058923840522766,Frequency,0.14977703988552094,Irregular purchase behavior and low purchase frequency are increasing churn risk.
13302.0,0.6258776,Monetary,0.3364933133125305,Purchase_Interval_Std,0.20622165501117706,Low historical spending and irregular purchase behavior are increasing churn risk.
13304.0,0.2832919,Frequency,0.016521785408258438,None,0.0,Low purchase frequency is increasing churn risk.
13305.0,0.2932764,Frequency,0.013972442597150803,None,0.0,Low purchase frequency is increasing churn risk.
13307.0,0.5243245,Monetary,0.21536828577518463,Purchase_Interval_Std,0.20546863973140717,Low historical spending and irregular purchase behavior are increasing churn risk.
13308.0,0.56005794,Purchase_Interval_Std,0.14444349706172943,Monetary,0.14042308926582336,Irregular purchase behavior and low historical spending are increasing churn risk.
13313.0,0.20138475,None,0.0,None,0.0,No major behavioral factor is increasing the model's churn risk.
13315.0,0.57331216,Recency,0.18132317066192627,Monetary,0.147288978099823,Long time since last purchase and low historical spending are increasing churn risk.
13316.0,0.38242462,Purchase_Interval_Std,0.18868541717529297,Frequency,0.040522027760744095,Irregular purchase behavior and low purchase frequency are increasing churn risk.
13317.0,0.19554989,None,0.0,None,0.0,No major behavioral factor is increasing the model's churn risk.
13319.0,0.1926174,None,0.0,None,0.0,No major behavioral factor is increasing the model's churn risk.
13320.0,0.5386663,Purchase_Interval_Std,0.19815191626548767,Monetary,0.17463397979736328,Irregular purchase behavior and low historical spending are increasing churn risk.
13324.0,0.25776324,Tenure,0.02022772654891014,None,0.0,Short customer tenure is increasing churn risk.
13327.0,0.1926174,None,0.0,None,0.0,No major behavioral factor is increasing the model's churn risk.
13329.0,0.29717097,Frequency,0.015164494514465332,None,0.0,Low purchase frequency is increasing churn risk.
13330.0,0.2832919,Frequency,0.016521785408258438,None,0.0,Low purchase frequency is increasing churn risk.
13333.0,0.39112446,Purchase_Interval_Std,0.18116769194602966,Frequency,0.04279164597392082,Irregular purchase behavior and low purchase frequency are increasing churn risk.
13334.0,0.41143337,Purchase_Interval_Std,0.18328595161437988,Frequency,0.028635084629058838,Irregular purchase behavior and low purchase frequency are increasing churn risk.
13337.0,0.47156364,Purchase_Interval_Std,0.18338613212108612,Frequency,0.1776212751865387,Irregular purchase behavior and low purchase frequency are increasing churn risk.
13338.0,0.3215333,Recency,0.040128909051418304,None,0.0,Long time since last purchase is increasing churn risk.
13340.0,0.257585,None,0.0,None,0.0,No major behavioral factor is increasing the model's churn risk.
13346.0,0.3833982,Monetary,0.24002568423748016,AOV,0.2069629728794098,Low historical spending and low average order value are increasing churn risk.
13357.0,0.25969797,Tenure,0.0155935138463974,None,0.0,Short customer tenure is increasing churn risk.
13360.0,0.29717097,Frequency,0.013972442597150803,None,0.0,Low purchase frequency is increasing churn risk.
13361.0,0.39721668,Purchase_Interval_Std,0.18116769194602966,Frequency,0.04279164597392082,Irregular purchase behavior and low purchase frequency are increasing churn risk.
13371.0,0.39721668,Purchase_Interval_Std,0.18868541717529297,Frequency,0.04279164597392082,Irregular purchase behavior and low purchase frequency are increasing churn risk.
13373.0,0.44602135,Recency,0.21101650595664978,Purchase_Interval_Std,0.12946973741054535,Long time since last purchase and irregular purchase behavior are increasing churn risk.
13377.0,0.48944846,Recency,0.2117215096950531,Frequency,0.16751216351985931,Long time since last purchase and low purchase frequency are increasing churn risk.
13381.0,0.24604453,None,0.0,None,0.0,No major behavioral factor is increasing the model's churn risk.
13382.0,0.45795375,Recency,0.35092607140541077,None,0.0,Long time since last purchase is increasing churn risk.
13383.0,0.5432114,Purchase_Interval_Std,0.19275245070457458,Frequency,0.15249210596084595,Irregular purchase behavior and low purchase frequency are increasing churn risk.
13384.0,0.39721668,Purchase_Interval_Std,0.18868541717529297,Frequency,0.03591989725828171,Irregular purchase behavior and low purchase frequency are increasing churn risk.
13388.0,0.5137187,Recency,0.1759984940290451,Frequency,0.13833311200141907,Long time since last purchase and low purchase frequency are increasing churn risk.
13392.0,0.65014994,Monetary,0.32326507568359375,Recency,0.16916228830814362,Low historical spending and long time since last purchase are increasing churn risk.
13393.0,0.35064062,Recency,0.19629400968551636,None,0.0,Long time since last purchase is increasing churn risk.
13394.0,0.21142079,None,0.0,None,0.0,No major behavioral factor is increasing the model's churn risk.
13397.0,0.34216753,Recency,0.1966441422700882,None,0.0,Long time since last purchase is increasing churn risk.
13399.0,0.42680004,Monetary,0.21483220160007477,AOV,0.18452557921409607,Low historical spending and low average order value are increasing churn risk.
13400.0,0.55494606,Purchase_Interval_Std,0.17336121201515198,Frequency,0.14977703988552094,Irregular purchase behavior and low purchase frequency are increasing churn risk.
13402.0,0.43638772,Purchase_Interval_Std,0.1784611940383911,Frequency,0.011586634442210197,Irregular purchase behavior and low purchase frequency are increasing churn risk.
13403.0,0.65014994,Monetary,0.32326507568359375,Recency,0.16916228830814362,Low historical spending and long time since last purchase are increasing churn risk.
13405.0,0.33669555,Tenure,0.00010959382052533329,None,0.0,Short customer tenure is increasing churn risk.
13406.0,0.6188608,Monetary,0.3032096326351166,Recency,0.16204257309436798,Low historical spending and long time since last purchase are increasing churn risk.
13407.0,0.34291217,Recency,0.16578872501850128,None,0.0,Long time since last purchase is increasing churn risk.
13408.0,0.1926174,None,0.0,None,0.0,No major behavioral factor is increasing the model's churn risk.
13410.0,0.4668982,Recency,0.19784997403621674,Purchase_Interval_Std,0.12236344814300537,Long time since last purchase and irregular purchase behavior are increasing churn risk.
13412.0,0.5159062,Recency,0.1759984940290451,Frequency,0.14094135165214539,Long time since last purchase and low purchase frequency are increasing churn risk.
13413.0,0.5283205,Recency,0.4285717010498047,Monetary,0.20737789571285248,Long time since last purchase and low historical spending are increasing churn risk.
13414.0,0.37032133,Purchase_Interval_Std,0.10629666596651077,Tenure,0.014153541997075081,Irregular purchase behavior and short customer tenure are increasing churn risk.
13415.0,0.27887037,None,0.0,None,0.0,No major behavioral factor is increasing the model's churn risk.
13416.0,0.5771496,Monetary,0.18688896298408508,Recency,0.16511359810829163,Low historical spending and long time since last purchase are increasing churn risk.
13417.0,0.3190437,Recency,0.0801490843296051,None,0.0,Long time since last purchase is increasing churn risk.
13418.0,0.19554989,None,0.0,None,0.0,No major behavioral factor is increasing the model's churn risk.
13421.0,0.22447073,Tenure,0.0011471714824438095,None,0.0,Short customer tenure is increasing churn risk.
13425.0,0.39721668,Purchase_Interval_Std,0.18868541717529297,Frequency,0.03815743327140808,Irregular purchase behavior and low purchase frequency are increasing churn risk.
13426.0,0.19554989,None,0.0,None,0.0,No major behavioral factor is increasing the model's churn risk.
13427.0,0.38481787,Monetary,0.19284842908382416,Tenure,0.00010959382052533329,Low historical spending and short customer tenure are increasing churn risk.
13428.0,0.5111604,Purchase_Interval_Std,0.19238349795341492,Monetary,0.1795663684606552,Irregular purchase behavior and low historical spending are increasing churn risk.
13431.0,0.40535462,Purchase_Interval_Std,0.17306172847747803,Recency,0.016842123121023178,Irregular purchase behavior and long time since last purchase are increasing churn risk.
13432.0,0.4972824,Purchase_Interval_Std,0.16591887176036835,Monetary,0.12624379992485046,Irregular purchase behavior and low historical spending are increasing churn risk.
13433.0,0.32096246,Monetary,0.0016742097213864326,Tenure,0.0013016442535445094,Low historical spending and short customer tenure are increasing churn risk.
13434.0,0.4256461,Purchase_Interval_Std,0.1784611940383911,Frequency,0.01622084341943264,Irregular purchase behavior and low purchase frequency are increasing churn risk.
13435.0,0.5386663,Purchase_Interval_Std,0.19815191626548767,Monetary,0.17463397979736328,Irregular purchase behavior and low historical spending are increasing churn risk.
13438.0,0.63015354,Monetary,0.31689584255218506,Purchase_Interval_Std,0.20622165501117706,Low historical spending and irregular purchase behavior are increasing churn risk.
13439.0,0.5386663,Purchase_Interval_Std,0.19275245070457458,Frequency,0.16105207800865173,Irregular purchase behavior and low purchase frequency are increasing churn risk.
13442.0,0.5355345,Recency,0.21142764389514923,Monetary,0.14762747287750244,Long time since last purchase and low historical spending are increasing churn risk.
13443.0,0.27516133,Recency,0.12303950637578964,Tenure,0.0011471714824438095,Long time since last purchase and short customer tenure are increasing churn risk.
13444.0,0.59350455,Monetary,0.3363858461380005,Purchase_Interval_Std,0.22104600071907043,Low historical spending and irregular purchase behavior are increasing churn risk.
13445.0,0.5793413,Monetary,0.18002305924892426,Recency,0.16204257309436798,Low historical spending and long time since last purchase are increasing churn risk.
13446.0,0.19476347,Tenure,0.0011471714824438095,None,0.0,Short customer tenure is increasing churn risk.
13448.0,0.3097352,Recency,0.0887545570731163,None,0.0,Long time since last purchase is increasing churn risk.
13450.0,0.20966442,Tenure,0.01697477325797081,None,0.0,Short customer tenure is increasing churn risk.
13451.0,0.25080788,Tenure,0.0155935138463974,None,0.0,Short customer tenure is increasing churn risk.
13452.0,0.59115326,Monetary,0.3374204933643341,Purchase_Interval_Std,0.21914413571357727,Low historical spending and irregular purchase behavior are increasing churn risk.
13454.0,0.5793413,Monetary,0.1848650574684143,Recency,0.16204257309436798,Low historical spending and long time since last purchase are increasing churn risk.
13455.0,0.4166518,Recency,0.31754443049430847,Frequency,0.011618595570325851,Long time since last purchase and low purchase frequency are increasing churn risk.
13457.0,0.613542,Monetary,0.3243993818759918,Recency,0.16522067785263062,Low historical spending and long time since last purchase are increasing churn risk.
13459.0,0.44833127,Recency,0.21398603916168213,Purchase_Interval_Std,0.12195201963186264,Long time since last purchase and irregular purchase behavior are increasing churn risk.
13461.0,0.4062956,Purchase_Interval_Std,0.18328595161437988,Frequency,0.04115990176796913,Irregular purchase behavior and low purchase frequency are increasing churn risk.
13462.0,0.4486873,Recency,0.34952592849731445,Tenure,0.0009538417216390371,Long time since last purchase and short customer tenure are increasing churn risk.
13464.0,0.33111665,Tenure,0.006143640261143446,None,0.0,Short customer tenure is increasing churn risk.
13465.0,0.50285923,Purchase_Interval_Std,0.16128841042518616,Frequency,0.14833541214466095,Irregular purchase behavior and low purchase frequency are increasing churn risk.
13466.0,0.344135,Tenure,0.006143640261143446,None,0.0,Short customer tenure is increasing churn risk.
13468.0,0.1926174,None,0.0,None,0.0,No major behavioral factor is increasing the model's churn risk.
13469.0,0.6445749,Monetary,0.32124119997024536,Purchase_Interval_Std,0.15240545570850372,Low historical spending and irregular purchase behavior are increasing churn risk.
13472.0,0.4399365,Purchase_Interval_Std,0.1784611940383911,Frequency,0.011586634442210197,Irregular purchase behavior and low purchase frequency are increasing churn risk.
13473.0,0.29208714,Recency,0.22214969992637634,None,0.0,Long time since last purchase is increasing churn risk.
13474.0,0.53613,Purchase_Interval_Std,0.19815191626548767,Monetary,0.1662539690732956,Irregular purchase behavior and low historical spending are increasing churn risk.
13476.0,0.4399365,Purchase_Interval_Std,0.1784611940383911,Frequency,0.01622084341943264,Irregular purchase behavior and low purchase frequency are increasing churn risk.
13477.0,0.2219579,Tenure,0.0011471714824438095,None,0.0,Short customer tenure is increasing churn risk.
13478.0,0.21540225,Tenure,0.0011471714824438095,None,0.0,Short customer tenure is increasing churn risk.
13479.0,0.53613,Purchase_Interval_Std,0.19815191626548767,Monetary,0.1662539690732956,Irregular purchase behavior and low historical spending are increasing churn risk.
13480.0,0.52020276,Recency,0.19167225062847137,Frequency,0.14094135165214539,Long time since last purchase and low purchase frequency are increasing churn risk.
13481.0,0.21959394,None,0.0,None,0.0,No major behavioral factor is increasing the model's churn risk.
13482.0,0.59809333,Monetary,0.24115827679634094,Recency,0.16204257309436798,Low historical spending and long time since last purchase are increasing churn risk.
13484.0,0.58995974,Monetary,0.22076566517353058,Recency,0.16204257309436798,Low historical spending and long time since last purchase are increasing churn risk.
13485.0,0.233701,None,0.0,None,0.0,No major behavioral factor is increasing the model's churn risk.
13487.0,0.51359314,Purchase_Interval_Std,0.19968484342098236,Monetary,0.1933024674654007,Irregular purchase behavior and low historical spending are increasing churn risk.
13488.0,0.20524453,Tenure,0.0011471714824438095,None,0.0,Short customer tenure is increasing churn risk.
13490.0,0.60015917,Monetary,0.23220308125019073,Recency,0.18132317066192627,Low historical spending and long time since last purchase are increasing churn risk.
13491.0,0.1926174,None,0.0,None,0.0,No major behavioral factor is increasing the model's churn risk.
13495.0,0.4311507,Recency,0.3855159282684326,Frequency,0.009076159447431564,Long time since last purchase and low purchase frequency are increasing churn risk.
13497.0,0.28848,None,0.0,None,0.0,No major behavioral factor is increasing the model's churn risk.
13498.0,0.57331216,Recency,0.18132317066192627,Monetary,0.147288978099823,Long time since last purchase and low historical spending are increasing churn risk.
13501.0,0.39721668,Purchase_Interval_Std,0.18116769194602966,Frequency,0.03815743327140808,Irregular purchase behavior and low purchase frequency are increasing churn risk.
13502.0,0.5432114,Purchase_Interval_Std,0.19275245070457458,Frequency,0.15249210596084595,Irregular purchase behavior and low purchase frequency are increasing churn risk.
13503.0,0.2219579,Tenure,0.0011471714824438095,None,0.0,Short customer tenure is increasing churn risk.
13506.0,0.53613,Purchase_Interval_Std,0.19815191626548767,Monetary,0.1662539690732956,Irregular purchase behavior and low historical spending are increasing churn risk.
13508.0,0.5868716,Monetary,0.2097500115633011,Recency,0.16204257309436798,Low historical spending and long time since last purchase are increasing churn risk.
13509.0,0.59350455,Monetary,0.3363858461380005,Purchase_Interval_Std,0.22104600071907043,Low historical spending and irregular purchase behavior are increasing churn risk.
13510.0,0.2477326,Recency,0.04503363370895386,None,0.0,Long time since last purchase is increasing churn risk.
13511.0,0.57745117,Recency,0.18132317066192627,Monetary,0.1610158234834671,Long time since last purchase and low historical spending are increasing churn risk.
13512.0,0.5111604,Purchase_Interval_Std,0.197782963514328,Monetary,0.18949514627456665,Irregular purchase behavior and low historical spending are increasing churn risk.
13513.0,0.57331216,Recency,0.18132317066192627,Monetary,0.147288978099823,Long time since last purchase and low historical spending are increasing churn risk.
13514.0,0.4596538,Purchase_Interval_Std,0.15199629962444305,Recency,0.07502089440822601,Irregular purchase behavior and long time since last purchase are increasing churn risk.
13515.0,0.58466643,Monetary,0.20236001908779144,Recency,0.16204257309436798,Low historical spending and long time since last purchase are increasing churn risk.
13520.0,0.25482327,None,0.0,None,0.0,No major behavioral factor is increasing the model's churn risk.
13526.0,0.44432786,Recency,0.21345022320747375,Purchase_Interval_Std,0.12320178002119064,Long time since last purchase and irregular purchase behavior are increasing churn risk.
13527.0,0.2646619,None,0.0,None,0.0,No major behavioral factor is increasing the model's churn risk.
13530.0,0.5673274,Recency,0.165321484208107,Frequency,0.14238299429416656,Long time since last purchase and low purchase frequency are increasing churn risk.
13531.0,0.27219662,None,0.0,None,0.0,No major behavioral factor is increasing the model's churn risk.
13534.0,0.37407908,Purchase_Interval_Std,0.10175986588001251,Tenure,0.013345982879400253,Irregular purchase behavior and short customer tenure are increasing churn risk.
13538.0,0.45009744,Recency,0.2264232039451599,Purchase_Interval_Std,0.12236344814300537,Long time since last purchase and irregular purchase behavior are increasing churn risk.
13539.0,0.3195434,Tenure,0.02022772654891014,Recency,0.01940729469060898,Short customer tenure and long time since last purchase are increasing churn risk.
13540.0,0.34088862,Tenure,0.0013016442535445094,None,0.0,Short customer tenure is increasing churn risk.
13541.0,0.5432114,Purchase_Interval_Std,0.19275245070457458,Frequency,0.15249210596084595,Irregular purchase behavior and low purchase frequency are increasing churn risk.
13542.0,0.1926174,None,0.0,None,0.0,No major behavioral factor is increasing the model's churn risk.
13543.0,0.44833127,Recency,0.21398603916168213,Purchase_Interval_Std,0.12195201963186264,Long time since last purchase and irregular purchase behavior are increasing churn risk.
13544.0,0.389497,Monetary,0.16751423478126526,Tenure,0.0013016442535445094,Low historical spending and short customer tenure are increasing churn risk.
13545.0,0.60051006,Monetary,0.3037063181400299,Purchase_Interval_Std,0.2176630198955536,Low historical spending and irregular purchase behavior are increasing churn risk.
13548.0,0.5508459,Monetary,0.21423396468162537,Purchase_Interval_Std,0.20513363182544708,Low historical spending and irregular purchase behavior are increasing churn risk.
13551.0,0.60015917,Monetary,0.23220308125019073,Recency,0.18132317066192627,Low historical spending and long time since last purchase are increasing churn risk.
13552.0,0.20546821,Tenure,0.0011471714824438095,None,0.0,Short customer tenure is increasing churn risk.
13553.0,0.52020276,Recency,0.19167225062847137,Frequency,0.14094135165214539,Long time since last purchase and low purchase frequency are increasing churn risk.
13555.0,0.26260418,Recency,0.11387474089860916,Tenure,0.0011471714824438095,Long time since last purchase and short customer tenure are increasing churn risk.
13557.0,0.20138475,None,0.0,None,0.0,No major behavioral factor is increasing the model's churn risk.
13559.0,0.4062956,Purchase_Interval_Std,0.17576822638511658,Frequency,0.03815743327140808,Irregular purchase behavior and low purchase frequency are increasing churn risk.
13561.0,0.2098965,Tenure,0.0011471714824438095,None,0.0,Short customer tenure is increasing churn risk.
13562.0,0.30883673,Recency,0.04118607938289642,None,0.0,Long time since last purchase is increasing churn risk.
13564.0,0.1926174,None,0.0,None,0.0,No major behavioral factor is increasing the model's churn risk.
13566.0,0.4399365,Purchase_Interval_Std,0.17590707540512085,Frequency,0.01622084341943264,Irregular purchase behavior and low purchase frequency are increasing churn risk.
13567.0,0.32698417,Tenure,0.010777851566672325,None,0.0,Short customer tenure is increasing churn risk.
13571.0,0.19838634,None,0.0,None,0.0,No major behavioral factor is increasing the model's churn risk.
13573.0,0.6445749,Monetary,0.32124119997024536,Purchase_Interval_Std,0.15240545570850372,Low historical spending and irregular purchase behavior are increasing churn risk.
13576.0,0.19554989,None,0.0,None,0.0,No major behavioral factor is increasing the model's churn risk.
13577.0,0.25808498,Recency,0.039554402232170105,None,0.0,Long time since last purchase is increasing churn risk.
13579.0,0.4256461,Purchase_Interval_Std,0.1784611940383911,Frequency,0.01622084341943264,Irregular purchase behavior and low purchase frequency are increasing churn risk.
13582.0,0.6445749,Monetary,0.3163991868495941,Purchase_Interval_Std,0.15240545570850372,Low historical spending and irregular purchase behavior are increasing churn risk.
13583.0,0.51972115,Recency,0.19604195654392242,Frequency,0.14094135165214539,Long time since last purchase and low purchase frequency are increasing churn risk.
13584.0,0.5243245,Monetary,0.2202102690935135,Purchase_Interval_Std,0.20546863973140717,Low historical spending and irregular purchase behavior are increasing churn risk.
13585.0,0.3538172,Recency,0.012844176031649113,None,0.0,Long time since last purchase is increasing churn risk.
13586.0,0.59791267,Monetary,0.30662801861763,Purchase_Interval_Std,0.21564653515815735,Low historical spending and irregular purchase behavior are increasing churn risk.
13587.0,0.52020276,Recency,0.19167225062847137,Frequency,0.14094135165214539,Long time since last purchase and low purchase frequency are increasing churn risk.
13589.0,0.3509805,None,0.0,None,0.0,No major behavioral factor is increasing the model's churn risk.
13590.0,0.2053518,None,0.0,None,0.0,No major behavioral factor is increasing the model's churn risk.
13591.0,0.39488536,Recency,0.13841325044631958,Tenure,0.0009538417216390371,Long time since last purchase and short customer tenure are increasing churn risk.
13593.0,0.19772062,Tenure,0.0011471714824438095,None,0.0,Short customer tenure is increasing churn risk.
13594.0,0.59115326,Monetary,0.3374204933643341,Purchase_Interval_Std,0.21914413571357727,Low historical spending and irregular purchase behavior are increasing churn risk.
13595.0,0.37659925,Purchase_Interval_Std,0.10547453910112381,None,0.0,Irregular purchase behavior is increasing churn risk.
13598.0,0.31781214,Monetary,0.0016742097213864326,Tenure,0.0013016442535445094,Low historical spending and short customer tenure are increasing churn risk.
13599.0,0.25864148,Recency,0.13164496421813965,None,0.0,Long time since last purchase is increasing churn risk.
13600.0,0.5673274,Recency,0.16204257309436798,Monetary,0.14526508748531342,Long time since last purchase and low historical spending are increasing churn risk.
13601.0,0.5553701,Purchase_Interval_Std,0.199734166264534,Monetary,0.18051978945732117,Irregular purchase behavior and low historical spending are increasing churn risk.
13602.0,0.56300586,Purchase_Interval_Std,0.2058267891407013,Monetary,0.20540471374988556,Irregular purchase behavior and low historical spending are increasing churn risk.
13604.0,0.5130012,Recency,0.20179156959056854,Frequency,0.14094135165214539,Long time since last purchase and low purchase frequency are increasing churn risk.
13605.0,0.56300586,Monetary,0.20540471374988556,Purchase_Interval_Std,0.1866111308336258,Low historical spending and irregular purchase behavior are increasing churn risk.
13608.0,0.5553701,Purchase_Interval_Std,0.199734166264534,Monetary,0.18344150483608246,Irregular purchase behavior and low historical spending are increasing churn risk.
13609.0,0.5746302,Monetary,0.20233461260795593,Purchase_Interval_Std,0.160893514752388,Low historical spending and irregular purchase behavior are increasing churn risk.
13610.0,0.225469,None,0.0,None,0.0,No major behavioral factor is increasing the model's churn risk.
13611.0,0.21959394,None,0.0,None,0.0,No major behavioral factor is increasing the model's churn risk.
13612.0,0.4958251,Recency,0.2117215096950531,Frequency,0.16751216351985931,Long time since last purchase and low purchase frequency are increasing churn risk.
13613.0,0.47164127,Recency,0.1793961375951767,Purchase_Interval_Std,0.11924552917480469,Long time since last purchase and irregular purchase behavior are increasing churn risk.
13614.0,0.5432114,Purchase_Interval_Std,0.19275245070457458,Frequency,0.15249210596084595,Irregular purchase behavior and low purchase frequency are increasing churn risk.
13615.0,0.34911233,Purchase_Interval_Std,0.18685510754585266,None,0.0,Irregular purchase behavior is increasing churn risk.
13616.0,0.50378954,Purchase_Interval_Std,0.18665079772472382,Monetary,0.1468961089849472,Irregular purchase behavior and low historical spending are increasing churn risk.
13617.0,0.5243245,Monetary,0.21536828577518463,Purchase_Interval_Std,0.20546863973140717,Low historical spending and irregular purchase behavior are increasing churn risk.
13619.0,0.5243245,Purchase_Interval_Std,0.20006915926933289,Monetary,0.1864960938692093,Irregular purchase behavior and low historical spending are increasing churn risk.
13620.0,0.60664684,Monetary,0.31349068880081177,Purchase_Interval_Std,0.2176630198955536,Low historical spending and irregular purchase behavior are increasing churn risk.
13622.0,0.51972115,Recency,0.19604195654392242,Frequency,0.14094135165214539,Long time since last purchase and low purchase frequency are increasing churn risk.
13623.0,0.32858422,Recency,0.050996169447898865,None,0.0,Long time since last purchase is increasing churn risk.
13625.0,0.56005794,Purchase_Interval_Std,0.14444349706172943,Monetary,0.14042308926582336,Irregular purchase behavior and low historical spending are increasing churn risk.
13627.0,0.43638772,Purchase_Interval_Std,0.1784611940383911,Frequency,0.01622084341943264,Irregular purchase behavior and low purchase frequency are increasing churn risk.
13628.0,0.57331216,Recency,0.18132317066192627,Monetary,0.147288978099823,Long time since last purchase and low historical spending are increasing churn risk.
13629.0,0.1995446,Tenure,0.0011471714824438095,None,0.0,Short customer tenure is increasing churn risk.
13632.0,0.43751025,Purchase_Interval_Std,0.1547027975320816,Recency,0.10315367579460144,Irregular purchase behavior and long time since last purchase are increasing churn risk.
13634.0,0.26260418,Recency,0.11387474089860916,Tenure,0.0011471714824438095,Long time since last purchase and short customer tenure are increasing churn risk.
13635.0,0.44511053,Recency,0.22345367074012756,Purchase_Interval_Std,0.12049528956413269,Long time since last purchase and irregular purchase behavior are increasing churn risk.
13640.0,0.5673274,Recency,0.165321484208107,Frequency,0.14238299429416656,Long time since last purchase and low purchase frequency are increasing churn risk.
13641.0,0.39130017,Recency,0.4873996078968048,None,0.0,Long time since last purchase is increasing churn risk.
13643.0,0.2985073,None,0.0,None,0.0,No major behavioral factor is increasing the model's churn risk.
13647.0,0.27213562,Tenure,0.013822946697473526,None,0.0,Short customer tenure is increasing churn risk.
13648.0,0.21984495,None,0.0,None,0.0,No major behavioral factor is increasing the model's churn risk.
13649.0,0.31260088,Tenure,0.014999626204371452,None,0.0,Short customer tenure is increasing churn risk.
13650.0,0.3102532,Frequency,0.013972442597150803,None,0.0,Low purchase frequency is increasing churn risk.
13652.0,0.5673274,Recency,0.165321484208107,Frequency,0.14238299429416656,Long time since last purchase and low purchase frequency are increasing churn risk.
13653.0,0.56604314,Monetary,0.25954803824424744,Purchase_Interval_Std,0.2135334014892578,Low historical spending and irregular purchase behavior are increasing churn risk.
13654.0,0.32315254,None,0.0,None,0.0,No major behavioral factor is increasing the model's churn risk.
13655.0,0.46178734,Purchase_Interval_Std,0.15367048978805542,Recency,0.08193389326334,Irregular purchase behavior and long time since last purchase are increasing churn risk.
13656.0,0.4256461,Purchase_Interval_Std,0.1784611940383911,Frequency,0.011586634442210197,Irregular purchase behavior and low purchase frequency are increasing churn risk.
13658.0,0.27796537,Frequency,0.011702826246619225,None,0.0,Low purchase frequency is increasing churn risk.
13659.0,0.19476347,Tenure,0.0011471714824438095,None,0.0,Short customer tenure is increasing churn risk.
13661.0,0.5651764,Recency,0.16204257309436798,Monetary,0.14042308926582336,Long time since last purchase and low historical spending are increasing churn risk.
13662.0,0.34946984,Recency,0.0460696741938591,Tenure,0.0013016442535445094,Long time since last purchase and short customer tenure are increasing churn risk.
13663.0,0.5159062,Recency,0.1759984940290451,Frequency,0.14094135165214539,Long time since last purchase and low purchase frequency are increasing churn risk.
13665.0,0.47312027,Purchase_Interval_Std,0.18607911467552185,Frequency,0.15961045026779175,Irregular purchase behavior and low purchase frequency are increasing churn risk.
13666.0,0.64251333,Monetary,0.32326507568359375,Purchase_Interval_Std,0.15365518629550934,Low historical spending and irregular purchase behavior are increasing churn risk.
13668.0,0.1926174,None,0.0,None,0.0,No major behavioral factor is increasing the model's churn risk.
13672.0,0.5852814,Monetary,0.18688896298408508,Recency,0.18132317066192627,Low historical spending and long time since last purchase are increasing churn risk.
13676.0,0.5243245,Purchase_Interval_Std,0.20006915926933289,Monetary,0.18457582592964172,Irregular purchase behavior and low historical spending are increasing churn risk.
13677.0,0.5428734,Purchase_Interval_Std,0.19596685469150543,Monetary,0.17843204736709595,Irregular purchase behavior and low historical spending are increasing churn risk.
13679.0,0.42680004,Monetary,0.21967418491840363,AOV,0.18452557921409607,Low historical spending and low average order value are increasing churn risk.
13680.0,0.20536703,None,0.0,None,0.0,No major behavioral factor is increasing the model's churn risk.
13683.0,0.5508459,Monetary,0.21423396468162537,Purchase_Interval_Std,0.20513363182544708,Low historical spending and irregular purchase behavior are increasing churn risk.
13684.0,0.49913996,Purchase_Interval_Std,0.18513453006744385,Monetary,0.13367408514022827,Irregular purchase behavior and low historical spending are increasing churn risk.
13688.0,0.5673274,Recency,0.165321484208107,Frequency,0.14238299429416656,Long time since last purchase and low purchase frequency are increasing churn risk.
13693.0,0.21788593,None,0.0,None,0.0,No major behavioral factor is increasing the model's churn risk.
13694.0,0.20105988,None,0.0,None,0.0,No major behavioral factor is increasing the model's churn risk.
13695.0,0.5570084,Purchase_Interval_Std,0.17490141093730927,Monetary,0.15548042953014374,Irregular purchase behavior and low historical spending are increasing churn risk.
13696.0,0.44085035,Recency,0.16981683671474457,Purchase_Interval_Std,0.1308349221944809,Long time since last purchase and irregular purchase behavior are increasing churn risk.
13698.0,0.46694142,Recency,0.1458575427532196,Purchase_Interval_Std,0.12475276738405228,Long time since last purchase and irregular purchase behavior are increasing churn risk.
13699.0,0.49239483,Purchase_Interval_Std,0.18067964911460876,Frequency,0.15105047821998596,Irregular purchase behavior and low purchase frequency are increasing churn risk.
13700.0,0.6183132,Monetary,0.3243993818759918,Recency,0.16819022595882416,Low historical spending and long time since last purchase are increasing churn risk.
13705.0,0.32380292,Tenure,0.006143640261143446,None,0.0,Short customer tenure is increasing churn risk.
13706.0,0.5673274,Recency,0.16204257309436798,Frequency,0.14238299429416656,Long time since last purchase and low purchase frequency are increasing churn risk.
13707.0,0.48487416,Purchase_Interval_Std,0.18067964911460876,Frequency,0.15911266207695007,Irregular purchase behavior and low purchase frequency are increasing churn risk.
13709.0,0.32601804,Recency,0.05223584175109863,None,0.0,Long time since last purchase is increasing churn risk.
13710.0,0.5793413,Monetary,0.18002305924892426,Recency,0.16204257309436798,Low historical spending and long time since last purchase are increasing churn risk.
13711.0,0.30708662,Recency,0.2546830177307129,None,0.0,Long time since last purchase is increasing churn risk.
13712.0,0.5159062,Recency,0.1759984940290451,Frequency,0.14094135165214539,Long time since last purchase and low purchase frequency are increasing churn risk.
13713.0,0.4399365,Purchase_Interval_Std,0.1784611940383911,Frequency,0.011586634442210197,Irregular purchase behavior and low purchase frequency are increasing churn risk.
13714.0,0.56604314,Monetary,0.25954803824424744,Purchase_Interval_Std,0.2135334014892578,Low historical spending and irregular purchase behavior are increasing churn risk.
13715.0,0.19476347,Tenure,0.0011471714824438095,None,0.0,Short customer tenure is increasing churn risk.
13717.0,0.5016905,Purchase_Interval_Std,0.19053399562835693,Monetary,0.17576830089092255,Irregular purchase behavior and low historical spending are increasing churn risk.
13719.0,0.22968258,Tenure,0.05610229820013046,None,0.0,Short customer tenure is increasing churn risk.
13722.0,0.28921965,Frequency,0.013972442597150803,None,0.0,Low purchase frequency is increasing churn risk.
13723.0,0.49913996,Purchase_Interval_Std,0.18513453006744385,Monetary,0.13367408514022827,Irregular purchase behavior and low historical spending are increasing churn risk.
13724.0,0.5793413,Monetary,0.1848650574684143,Recency,0.16204257309436798,Low historical spending and long time since last purchase are increasing churn risk.
13727.0,0.43147582,Recency,0.46560150384902954,AOV,0.01326068677008152,Long time since last purchase and low average order value are increasing churn risk.
13728.0,0.2076267,None,0.0,None,0.0,No major behavioral factor is increasing the model's churn risk.
13729.0,0.57331216,Recency,0.18132317066192627,Monetary,0.147288978099823,Long time since last purchase and low historical spending are increasing churn risk.
13733.0,0.6117759,Monetary,0.3100755512714386,Recency,0.16511359810829163,Low historical spending and long time since last purchase are increasing churn risk.
13734.0,0.26587093,Tenure,0.013822946697473526,None,0.0,Short customer tenure is increasing churn risk.
13735.0,0.21333754,None,0.0,None,0.0,No major behavioral factor is increasing the model's churn risk.
13736.0,0.26832074,None,0.0,None,0.0,No major behavioral factor is increasing the model's churn risk.
13739.0,0.63015354,Monetary,0.3266802728176117,Purchase_Interval_Std,0.20622165501117706,Low historical spending and irregular purchase behavior are increasing churn risk.
13740.0,0.2932764,Frequency,0.015164494514465332,None,0.0,Low purchase frequency is increasing churn risk.
13745.0,0.49239483,Purchase_Interval_Std,0.18067964911460876,Frequency,0.15105047821998596,Irregular purchase behavior and low purchase frequency are increasing churn risk.
13748.0,0.58469105,Monetary,0.21177391707897186,Recency,0.16511359810829163,Low historical spending and long time since last purchase are increasing churn risk.
13750.0,0.4062284,Purchase_Interval_Std,0.10818102210760117,Recency,0.0531613752245903,Irregular purchase behavior and long time since last purchase are increasing churn risk.
13752.0,0.5406788,Purchase_Interval_Std,0.19275245070457458,Frequency,0.15633250772953033,Irregular purchase behavior and low purchase frequency are increasing churn risk.
13753.0,0.40755832,Recency,0.34262534976005554,Frequency,0.01507888175547123,Long time since last purchase and low purchase frequency are increasing churn risk.
13756.0,0.24652956,Recency,0.037755705416202545,None,0.0,Long time since last purchase is increasing churn risk.
13757.0,0.5852814,Monetary,0.18688896298408508,Recency,0.18132317066192627,Low historical spending and long time since last purchase are increasing churn risk.
13758.0,0.2957184,Recency,0.2612358629703522,None,0.0,Long time since last purchase is increasing churn risk.
13760.0,0.44348305,Purchase_Interval_Std,0.17306172847747803,Tenure,0.01110844686627388,Irregular purchase behavior and short customer tenure are increasing churn risk.
13761.0,0.26933506,None,0.0,None,0.0,No major behavioral factor is increasing the model's churn risk.
13762.0,0.38369456,Recency,0.3516363799571991,None,0.0,Long time since last purchase is increasing churn risk.
13764.0,0.32858422,Recency,0.049293674528598785,None,0.0,Long time since last purchase is increasing churn risk.
13765.0,0.5673274,Recency,0.16204257309436798,Monetary,0.14526508748531342,Long time since last purchase and low historical spending are increasing churn risk.
13766.0,0.5562555,Monetary,0.2317289113998413,Purchase_Interval_Std,0.20952817797660828,Low historical spending and irregular purchase behavior are increasing churn risk.
13767.0,0.1926174,None,0.0,None,0.0,No major behavioral factor is increasing the model's churn risk.
13768.0,0.45009744,Recency,0.2264232039451599,Purchase_Interval_Std,0.12506993114948273,Long time since last purchase and irregular purchase behavior are increasing churn risk.
13769.0,0.20138475,None,0.0,None,0.0,No major behavioral factor is increasing the model's churn risk.
13770.0,0.5357653,Recency,0.16107049584388733,Monetary,0.1601262390613556,Long time since last purchase and low historical spending are increasing churn risk.
13771.0,0.24880765,Recency,0.05193660408258438,Tenure,0.0011471714824438095,Long time since last purchase and short customer tenure are increasing churn risk.
13772.0,0.38953152,Purchase_Interval_Std,0.17576822638511658,None,0.0,Irregular purchase behavior is increasing churn risk.
13773.0,0.65014994,Monetary,0.32326507568359375,Recency,0.16916228830814362,Low historical spending and long time since last purchase are increasing churn risk.
13775.0,0.4885811,Recency,0.17078889906406403,Frequency,0.16104155778884888,Long time since last purchase and low purchase frequency are increasing churn risk.
13777.0,0.1926174,None,0.0,None,0.0,No major behavioral factor is increasing the model's churn risk.
13778.0,0.2885004,Tenure,0.02022772654891014,Frequency,0.011887574568390846,Short customer tenure and low purchase frequency are increasing churn risk.
13779.0,0.56604314,Monetary,0.2496192902326584,Purchase_Interval_Std,0.20813392102718353,Low historical spending and irregular purchase behavior are increasing churn risk.
13781.0,0.4613078,Recency,0.1296141892671585,Purchase_Interval_Std,0.12812843918800354,Long time since last purchase and irregular purchase behavior are increasing churn risk.
13782.0,0.25944206,AOV,0.012011070735752583,None,0.0,Low average order value is increasing churn risk.
13783.0,0.26023102,None,0.0,None,0.0,No major behavioral factor is increasing the model's churn risk.
13785.0,0.5016905,Purchase_Interval_Std,0.19053399562835693,Monetary,0.17576830089092255,Irregular purchase behavior and low historical spending are increasing churn risk.
13786.0,0.34522328,Recency,0.19629400968551636,None,0.0,Long time since last purchase is increasing churn risk.
13787.0,0.2646532,None,0.0,None,0.0,No major behavioral factor is increasing the model's churn risk.
13788.0,0.6258776,Monetary,0.349575400352478,Purchase_Interval_Std,0.21162112057209015,Low historical spending and irregular purchase behavior are increasing churn risk.
13793.0,0.6445749,Monetary,0.32124119997024536,Purchase_Interval_Std,0.15639756619930267,Low historical spending and irregular purchase behavior are increasing churn risk.
13794.0,0.60051006,Monetary,0.3037063181400299,Purchase_Interval_Std,0.2176630198955536,Low historical spending and irregular purchase behavior are increasing churn risk.
13795.0,0.4972824,Purchase_Interval_Std,0.19053399562835693,Monetary,0.1637653112411499,Irregular purchase behavior and low historical spending are increasing churn risk.
13796.0,0.5386663,Purchase_Interval_Std,0.19815191626548767,Monetary,0.17463397979736328,Irregular purchase behavior and low historical spending are increasing churn risk.
13797.0,0.44656685,Purchase_Interval_Std,0.17306172847747803,Recency,0.032301612198352814,Irregular purchase behavior and long time since last purchase are increasing churn risk.
13798.0,0.20280437,None,0.0,None,0.0,No major behavioral factor is increasing the model's churn risk.
13799.0,0.20546821,Tenure,0.0011471714824438095,None,0.0,Short customer tenure is increasing churn risk.
13800.0,0.51185924,Recency,0.17546267807483673,Frequency,0.14213339984416962,Long time since last purchase and low purchase frequency are increasing churn risk.
13802.0,0.19476347,Tenure,0.0011471714824438095,None,0.0,Short customer tenure is increasing churn risk.
13803.0,0.5655026,Recency,0.165321484208107,Frequency,0.14238299429416656,Long time since last purchase and low purchase frequency are increasing churn risk.
13807.0,0.49898425,Purchase_Interval_Std,0.16110314428806305,Monetary,0.1468961089849472,Irregular purchase behavior and low historical spending are increasing churn risk.
13809.0,0.5961112,Monetary,0.3374204933643341,Purchase_Interval_Std,0.22306248545646667,Low historical spending and irregular purchase behavior are increasing churn risk.
13813.0,0.31368685,Recency,0.0461883619427681,None,0.0,Long time since last purchase is increasing churn risk.
13814.0,0.48252782,Purchase_Interval_Std,0.18067964911460876,Frequency,0.15489086508750916,Irregular purchase behavior and low purchase frequency are increasing churn risk.
13815.0,0.26830426,Frequency,0.01425216905772686,None,0.0,Low purchase frequency is increasing churn risk.
13819.0,0.4248296,Recency,0.3925853371620178,Frequency,0.009076159447431564,Long time since last purchase and low purchase frequency are increasing churn risk.
13820.0,0.52390224,Recency,0.16434940695762634,Monetary,0.14312049746513367,Long time since last purchase and low historical spending are increasing churn risk.
13821.0,0.4712985,Recency,0.25699782371520996,Purchase_Interval_Std,0.07555314898490906,Long time since last purchase and irregular purchase behavior are increasing churn risk.
13823.0,0.2646619,None,0.0,None,0.0,No major behavioral factor is increasing the model's churn risk.
13824.0,0.2139863,Tenure,0.0011471714824438095,None,0.0,Short customer tenure is increasing churn risk.
13825.0,0.54643947,Monetary,0.18599937856197357,Recency,0.16107049584388733,Low historical spending and long time since last purchase are increasing churn risk.
13830.0,0.58210635,Monetary,0.22666770219802856,Purchase_Interval_Std,0.18874268233776093,Low historical spending and irregular purchase behavior are increasing churn risk.
13831.0,0.19533356,None,0.0,None,0.0,No major behavioral factor is increasing the model's churn risk.
13834.0,0.5079398,Purchase_Interval_Std,0.16406910121440887,Monetary,0.1438198685646057,Irregular purchase behavior and low historical spending are increasing churn risk.
13835.0,0.44571108,Monetary,0.20974542200565338,AOV,0.18452557921409607,Low historical spending and low average order value are increasing churn risk.
13838.0,0.564932,Monetary,0.1813536137342453,Purchase_Interval_Std,0.17866872251033783,Low historical spending and irregular purchase behavior are increasing churn risk.
13839.0,0.59115326,Monetary,0.3374204933643341,Purchase_Interval_Std,0.21914413571357727,Low historical spending and irregular purchase behavior are increasing churn risk.
13842.0,0.2098965,Tenure,0.0011471714824438095,None,0.0,Short customer tenure is increasing churn risk.
13847.0,0.57331216,Recency,0.18132317066192627,Monetary,0.147288978099823,Long time since last purchase and low historical spending are increasing churn risk.
13848.0,0.26023102,None,0.0,None,0.0,No major behavioral factor is increasing the model's churn risk.
13849.0,0.5159062,Recency,0.1759984940290451,Frequency,0.14094135165214539,Long time since last purchase and low purchase frequency are increasing churn risk.
13851.0,0.5852814,Monetary,0.18688896298408508,Recency,0.18132317066192627,Low historical spending and long time since last purchase are increasing churn risk.
13852.0,0.5868716,Monetary,0.20490801334381104,Recency,0.16204257309436798,Low historical spending and long time since last purchase are increasing churn risk.
13854.0,0.2603913,Recency,0.11387474089860916,Tenure,0.0011471714824438095,Long time since last purchase and short customer tenure are increasing churn risk.
13855.0,0.27219662,None,0.0,None,0.0,No major behavioral factor is increasing the model's churn risk.
13856.0,0.30941248,AOV,0.19848336279392242,Tenure,0.009295467287302017,Low average order value and short customer tenure are increasing churn risk.
13857.0,0.49913996,Purchase_Interval_Std,0.19053399562835693,Monetary,0.16738829016685486,Irregular purchase behavior and low historical spending are increasing churn risk.
13859.0,0.5432114,Purchase_Interval_Std,0.19275245070457458,Frequency,0.15633250772953033,Irregular purchase behavior and low purchase frequency are increasing churn risk.
13861.0,0.60051006,Monetary,0.3109104037284851,Purchase_Interval_Std,0.2176630198955536,Low historical spending and irregular purchase behavior are increasing churn risk.
13863.0,0.2885004,Tenure,0.02022772654891014,Frequency,0.011887574568390846,Short customer tenure and low purchase frequency are increasing churn risk.
13869.0,0.25815368,None,0.0,None,0.0,No major behavioral factor is increasing the model's churn risk.
13870.0,0.27556637,Frequency,0.016521785408258438,None,0.0,Low purchase frequency is increasing churn risk.
13871.0,0.31793848,Recency,0.049293674528598785,None,0.0,Long time since last purchase is increasing churn risk.
13872.0,0.403092,Purchase_Interval_Std,0.17576822638511658,Recency,0.00956419762223959,Irregular purchase behavior and long time since last purchase are increasing churn risk.
13873.0,0.51359314,Purchase_Interval_Std,0.17212215065956116,Monetary,0.16062292456626892,Irregular purchase behavior and low historical spending are increasing churn risk.
13874.0,0.21180315,Tenure,0.0011471714824438095,None,0.0,Short customer tenure is increasing churn risk.
13875.0,0.19554989,None,0.0,None,0.0,No major behavioral factor is increasing the model's churn risk.
13877.0,0.5016905,Purchase_Interval_Std,0.19053399562835693,Monetary,0.1806102842092514,Irregular purchase behavior and low historical spending are increasing churn risk.
13878.0,0.4194935,Purchase_Interval_Std,0.17576822638511658,Recency,0.04672849923372269,Irregular purchase behavior and long time since last purchase are increasing churn risk.
13879.0,0.5673274,Recency,0.165321484208107,Frequency,0.14238299429416656,Long time since last purchase and low purchase frequency are increasing churn risk.
13880.0,0.5016905,Purchase_Interval_Std,0.19053399562835693,Monetary,0.17576830089092255,Irregular purchase behavior and low historical spending are increasing churn risk.
13881.0,0.19476347,Tenure,0.0011471714824438095,None,0.0,Short customer tenure is increasing churn risk.
13883.0,0.26985437,Recency,0.12474200874567032,None,0.0,Long time since last purchase is increasing churn risk.
13884.0,0.5508459,Monetary,0.21423396468162537,Purchase_Interval_Std,0.20513363182544708,Low historical spending and irregular purchase behavior are increasing churn risk.
13888.0,0.27728,Tenure,0.02022772654891014,None,0.0,Short customer tenure is increasing churn risk.
13889.0,0.29717097,Frequency,0.013972442597150803,None,0.0,Low purchase frequency is increasing churn risk.
13890.0,0.3721071,Recency,0.15087871253490448,None,0.0,Long time since last purchase is increasing churn risk.
13891.0,0.55494606,Purchase_Interval_Std,0.17336121201515198,Frequency,0.14977703988552094,Irregular purchase behavior and low purchase frequency are increasing churn risk.
13892.0,0.43638772,Purchase_Interval_Std,0.1784611940383911,Frequency,0.011586634442210197,Irregular purchase behavior and low purchase frequency are increasing churn risk.
13895.0,0.39756095,Purchase_Interval_Std,0.1739000678062439,Frequency,0.04398369416594505,Irregular purchase behavior and low purchase frequency are increasing churn risk.
13896.0,0.5673274,Recency,0.165321484208107,Frequency,0.14238299429416656,Long time since last purchase and low purchase frequency are increasing churn risk.
13897.0,0.52020276,Recency,0.19167225062847137,Frequency,0.14094135165214539,Long time since last purchase and low purchase frequency are increasing churn risk.
13900.0,0.4399365,Purchase_Interval_Std,0.1784611940383911,Frequency,0.01622084341943264,Irregular purchase behavior and low purchase frequency are increasing churn risk.
13901.0,0.1926174,None,0.0,None,0.0,No major behavioral factor is increasing the model's churn risk.
13902.0,0.36889607,Recency,0.4972721040248871,None,0.0,Long time since last purchase is increasing churn risk.
13905.0,0.57102484,Recency,0.17835363745689392,Monetary,0.147288978099823,Long time since last purchase and low historical spending are increasing churn risk.
13907.0,0.6246044,Monetary,0.3100755512714386,Recency,0.18132317066192627,Low historical spending and long time since last purchase are increasing churn risk.
13909.0,0.5961112,Monetary,0.323303759098053,Purchase_Interval_Std,0.2176630198955536,Low historical spending and irregular purchase behavior are increasing churn risk.
13911.0,0.20680419,Tenure,0.0011471714824438095,None,0.0,Short customer tenure is increasing churn risk.
13913.0,0.6258776,Monetary,0.349575400352478,Purchase_Interval_Std,0.21162112057209015,Low historical spending and irregular purchase behavior are increasing churn risk.
13916.0,0.27219662,None,0.0,None,0.0,No major behavioral factor is increasing the model's churn risk.
13919.0,0.48879227,Purchase_Interval_Std,0.18067964911460876,Frequency,0.15105047821998596,Irregular purchase behavior and low purchase frequency are increasing churn risk.
13920.0,0.39721668,Purchase_Interval_Std,0.18116769194602966,Frequency,0.03815743327140808,Irregular purchase behavior and low purchase frequency are increasing churn risk.
13921.0,0.5016905,Purchase_Interval_Std,0.18513453006744385,Monetary,0.1498178094625473,Irregular purchase behavior and low historical spending are increasing churn risk.
13922.0,0.53613,Purchase_Interval_Std,0.19815191626548767,Monetary,0.1662539690732956,Irregular purchase behavior and low historical spending are increasing churn risk.
13929.0,0.20360386,Tenure,0.0011471714824438095,None,0.0,Short customer tenure is increasing churn risk.
13931.0,0.21250755,None,0.0,None,0.0,No major behavioral factor is increasing the model's churn risk.
13935.0,0.3959416,Recency,0.3524978458881378,Frequency,0.011617211624979973,Long time since last purchase and low purchase frequency are increasing churn risk.
13939.0,0.3524015,Tenure,0.006143640261143446,None,0.0,Short customer tenure is increasing churn risk.
13941.0,0.2564504,Recency,0.12994246184825897,None,0.0,Long time since last purchase is increasing churn risk.
13942.0,0.5432114,Purchase_Interval_Std,0.19275245070457458,Frequency,0.15633250772953033,Irregular purchase behavior and low purchase frequency are increasing churn risk.
13943.0,0.564932,Monetary,0.1813536137342453,Purchase_Interval_Std,0.17866872251033783,Low historical spending and irregular purchase behavior are increasing churn risk.
13944.0,0.5793413,Monetary,0.1848650574684143,Recency,0.16204257309436798,Low historical spending and long time since last purchase are increasing churn risk.
13945.0,0.47671506,Purchase_Interval_Std,0.18607911467552185,Frequency,0.15961045026779175,Irregular purchase behavior and low purchase frequency are increasing churn risk.
13946.0,0.45894566,Recency,0.18624882400035858,Purchase_Interval_Std,0.117377370595932,Long time since last purchase and irregular purchase behavior are increasing churn risk.
13948.0,0.5307453,Monetary,0.1601262390613556,Recency,0.15810096263885498,Low historical spending and long time since last purchase are increasing churn risk.
13952.0,0.19829723,None,0.0,None,0.0,No major behavioral factor is increasing the model's churn risk.
13953.0,0.24604453,None,0.0,None,0.0,No major behavioral factor is increasing the model's churn risk.
13957.0,0.51629454,Purchase_Interval_Std,0.17708618938922882,Monetary,0.16062292456626892,Irregular purchase behavior and low historical spending are increasing churn risk.
13958.0,0.21683799,None,0.0,None,0.0,No major behavioral factor is increasing the model's churn risk.
13959.0,0.6258776,Monetary,0.3406812846660614,Purchase_Interval_Std,0.20622165501117706,Low historical spending and irregular purchase behavior are increasing churn risk.
13963.0,0.21997908,Tenure,0.03750140219926834,None,0.0,Short customer tenure is increasing churn risk.
13965.0,0.29717097,Frequency,0.015164494514465332,None,0.0,Low purchase frequency is increasing churn risk.
13969.0,0.20470284,Tenure,0.018745340406894684,None,0.0,Short customer tenure is increasing churn risk.
13971.0,0.2139863,Tenure,0.0011471714824438095,None,0.0,Short customer tenure is increasing churn risk.
13974.0,0.55912626,Purchase_Interval_Std,0.17657560110092163,Monetary,0.15548042953014374,Irregular purchase behavior and low historical spending are increasing churn risk.
13975.0,0.31793848,Recency,0.049293674528598785,None,0.0,Long time since last purchase is increasing churn risk.
13976.0,0.36439222,Purchase_Interval_Std,0.10359018296003342,None,0.0,Irregular purchase behavior is increasing churn risk.
13979.0,0.35064062,Recency,0.19067944586277008,None,0.0,Long time since last purchase is increasing churn risk.
13980.0,0.38781008,Monetary,0.20122843980789185,AOV,0.059440284967422485,Low historical spending and low average order value are increasing churn risk.
13982.0,0.20760325,Tenure,0.0011471714824438095,None,0.0,Short customer tenure is increasing churn risk.
13983.0,0.19554989,None,0.0,None,0.0,No major behavioral factor is increasing the model's churn risk.
13984.0,0.281352,Monetary,0.030224133282899857,None,0.0,Low historical spending is increasing churn risk.
13985.0,0.45092383,Purchase_Interval_Std,0.17306172847747803,Recency,0.016569549217820168,Irregular purchase behavior and long time since last purchase are increasing churn risk.
13988.0,0.5673274,Recency,0.16204257309436798,Frequency,0.14238299429416656,Long time since last purchase and low purchase frequency are increasing churn risk.
13989.0,0.31999087,Tenure,0.010777851566672325,None,0.0,Short customer tenure is increasing churn risk.
13992.0,0.6258776,Monetary,0.35061004757881165,Purchase_Interval_Std,0.21162112057209015,Low historical spending and irregular purchase behavior are increasing churn risk.
13993.0,0.20323397,None,0.0,None,0.0,No major behavioral factor is increasing the model's churn risk.
13995.0,0.2076267,None,0.0,None,0.0,No major behavioral factor is increasing the model's churn risk.
13997.0,0.3755931,Monetary,0.17807766795158386,Tenure,0.010777851566672325,Low historical spending and short customer tenure are increasing churn risk.
13998.0,0.5111604,Purchase_Interval_Std,0.19238349795341492,Monetary,0.1795663684606552,Irregular purchase behavior and low historical spending are increasing churn risk.
13999.0,0.1926174,None,0.0,None,0.0,No major behavioral factor is increasing the model's churn risk.
14000.0,0.2832919,Frequency,0.01675393246114254,None,0.0,Low purchase frequency is increasing churn risk.
14001.0,0.39721668,Purchase_Interval_Std,0.18116769194602966,Frequency,0.03591989725828171,Irregular purchase behavior and low purchase frequency are increasing churn risk.
14003.0,0.58301157,Monetary,0.18688896298408508,Recency,0.17835363745689392,Low historical spending and long time since last purchase are increasing churn risk.
14006.0,0.30002636,Recency,0.04118607938289642,None,0.0,Long time since last purchase is increasing churn risk.
14007.0,0.6258776,Monetary,0.3406812846660614,Purchase_Interval_Std,0.20622165501117706,Low historical spending and irregular purchase behavior are increasing churn risk.
14009.0,0.53613,Purchase_Interval_Std,0.19815191626548767,Monetary,0.1662539690732956,Irregular purchase behavior and low historical spending are increasing churn risk.
14010.0,0.4972824,Purchase_Interval_Std,0.18513453006744385,Monetary,0.12624379992485046,Irregular purchase behavior and low historical spending are increasing churn risk.
14011.0,0.4399365,Purchase_Interval_Std,0.1784611940383911,Frequency,0.017991412431001663,Irregular purchase behavior and low purchase frequency are increasing churn risk.
14013.0,0.5868716,Monetary,0.20490801334381104,Recency,0.16204257309436798,Low historical spending and long time since last purchase are increasing churn risk.
14014.0,0.55359805,Purchase_Interval_Std,0.17490141093730927,Monetary,0.1515703797340393,Irregular purchase behavior and low historical spending are increasing churn risk.
14016.0,0.1995446,Tenure,0.0011471714824438095,None,0.0,Short customer tenure is increasing churn risk.
14017.0,0.5553701,Monetary,0.18051978945732117,Purchase_Interval_Std,0.1805184930562973,Low historical spending and irregular purchase behavior are increasing churn risk.
14018.0,0.5673274,Recency,0.165321484208107,Frequency,0.14238299429416656,Long time since last purchase and low purchase frequency are increasing churn risk.
14020.0,0.43638772,Purchase_Interval_Std,0.1784611940383911,Tenure,0.015330223366618156,Irregular purchase behavior and short customer tenure are increasing churn risk.
14021.0,0.45092383,Purchase_Interval_Std,0.17306172847747803,Recency,0.013647838495671749,Irregular purchase behavior and long time since last purchase are increasing churn risk.
14022.0,0.5386663,Purchase_Interval_Std,0.19815191626548767,Monetary,0.17463397979736328,Irregular purchase behavior and low historical spending are increasing churn risk.
14025.0,0.21254645,Tenure,0.05610229820013046,None,0.0,Short customer tenure is increasing churn risk.
14026.0,0.4256461,Purchase_Interval_Std,0.1784611940383911,Frequency,0.01622084341943264,Irregular purchase behavior and low purchase frequency are increasing churn risk.
14028.0,0.41479883,Purchase_Interval_Std,0.18328595161437988,Recency,0.05363147705793381,Irregular purchase behavior and long time since last purchase are increasing churn risk.
14030.0,0.33966464,Recency,0.4234547019004822,None,0.0,Long time since last purchase is increasing churn risk.
14031.0,0.1926174,None,0.0,None,0.0,No major behavioral factor is increasing the model's churn risk.
14032.0,0.27592054,None,0.0,None,0.0,No major behavioral factor is increasing the model's churn risk.
14033.0,0.60664684,Monetary,0.3037063181400299,Purchase_Interval_Std,0.2176630198955536,Low historical spending and irregular purchase behavior are increasing churn risk.
14035.0,0.45248634,Purchase_Interval_Std,0.17306172847747803,Recency,0.016569549217820168,Irregular purchase behavior and long time since last purchase are increasing churn risk.
14037.0,0.3114918,None,0.0,None,0.0,No major behavioral factor is increasing the model's churn risk.
14038.0,0.5130012,Recency,0.20179156959056854,Frequency,0.14094135165214539,Long time since last purchase and low purchase frequency are increasing churn risk.
14039.0,0.6047469,Monetary,0.3037063181400299,Purchase_Interval_Std,0.19659759104251862,Low historical spending and irregular purchase behavior are increasing churn risk.
14040.0,0.1926174,None,0.0,None,0.0,No major behavioral factor is increasing the model's churn risk.
14042.0,0.57149357,Recency,0.18460208177566528,Frequency,0.1435750424861908,Long time since last purchase and low purchase frequency are increasing churn risk.
14043.0,0.5016905,Purchase_Interval_Std,0.19053399562835693,Monetary,0.1806102842092514,Irregular purchase behavior and low historical spending are increasing churn risk.
14044.0,0.26023102,None,0.0,None,0.0,No major behavioral factor is increasing the model's churn risk.
14045.0,0.19476347,Tenure,0.0011471714824438095,None,0.0,Short customer tenure is increasing churn risk.
14047.0,0.2219579,Tenure,0.0011471714824438095,None,0.0,Short customer tenure is increasing churn risk.
14049.0,0.25080788,Tenure,0.0155935138463974,None,0.0,Short customer tenure is increasing churn risk.
14051.0,0.19554989,None,0.0,None,0.0,No major behavioral factor is increasing the model's churn risk.
14053.0,0.5584976,Monetary,0.23911890387535095,Purchase_Interval_Std,0.21122625470161438,Low historical spending and irregular purchase behavior are increasing churn risk.
14055.0,0.4312421,Purchase_Interval_Std,0.15199629962444305,Recency,0.1061488464474678,Irregular purchase behavior and long time since last purchase are increasing churn risk.
14057.0,0.26185107,None,0.0,None,0.0,No major behavioral factor is increasing the model's churn risk.
14058.0,0.4399365,Purchase_Interval_Std,0.1784611940383911,Tenure,0.015330223366618156,Irregular purchase behavior and short customer tenure are increasing churn risk.
14060.0,0.2139863,Tenure,0.0011471714824438095,None,0.0,Short customer tenure is increasing churn risk.
14061.0,0.29717097,Frequency,0.015164494514465332,None,0.0,Low purchase frequency is increasing churn risk.
14062.0,0.19554989,None,0.0,None,0.0,No major behavioral factor is increasing the model's churn risk.
14063.0,0.35522625,Recency,0.459876149892807,None,0.0,Long time since last purchase is increasing churn risk.
14064.0,0.20360386,Tenure,0.0011471714824438095,None,0.0,Short customer tenure is increasing churn risk.
14068.0,0.42153373,Recency,0.38848546147346497,Frequency,0.010433448478579521,Long time since last purchase and low purchase frequency are increasing churn risk.
14069.0,0.5243245,Monetary,0.2054395079612732,Purchase_Interval_Std,0.20006915926933289,Low historical spending and irregular purchase behavior are increasing churn risk.
14070.0,0.57331216,Recency,0.18132317066192627,Monetary,0.147288978099823,Long time since last purchase and low historical spending are increasing churn risk.
14072.0,0.57331216,Recency,0.18460208177566528,Monetary,0.14401008188724518,Long time since last purchase and low historical spending are increasing churn risk.
14074.0,0.5793413,Monetary,0.18002305924892426,Recency,0.16204257309436798,Low historical spending and long time since last purchase are increasing churn risk.
14075.0,0.49913996,Purchase_Interval_Std,0.19053399562835693,Monetary,0.16738829016685486,Irregular purchase behavior and low historical spending are increasing churn risk.
14078.0,0.32908955,Tenure,0.006143640261143446,None,0.0,Short customer tenure is increasing churn risk.
14079.0,0.5852814,Monetary,0.18688896298408508,Recency,0.18132317066192627,Low historical spending and long time since last purchase are increasing churn risk.
14080.0,0.45128205,Recency,0.3566756844520569,None,0.0,Long time since last purchase is increasing churn risk.
14081.0,0.34408066,Recency,0.43664395809173584,None,0.0,Long time since last purchase is increasing churn risk.
14083.0,0.59972733,Monetary,0.3466576039791107,Purchase_Interval_Std,0.19860373437404633,Low historical spending and irregular purchase behavior are increasing churn risk.
14084.0,0.56992525,Monetary,0.26544034481048584,Purchase_Interval_Std,0.20813392102718353,Low historical spending and irregular purchase behavior are increasing churn risk.
14085.0,0.1926174,None,0.0,None,0.0,No major behavioral factor is increasing the model's churn risk.
14086.0,0.6258776,Monetary,0.35061004757881165,Purchase_Interval_Std,0.21162112057209015,Low historical spending and irregular purchase behavior are increasing churn risk.
14087.0,0.5771496,Monetary,0.18688896298408508,Recency,0.16511359810829163,Low historical spending and long time since last purchase are increasing churn risk.
14091.0,0.4478119,Recency,0.23656277358531952,Purchase_Interval_Std,0.13258765637874603,Long time since last purchase and irregular purchase behavior are increasing churn risk.
14092.0,0.20138475,None,0.0,None,0.0,No major behavioral factor is increasing the model's churn risk.
14095.0,0.65014994,Monetary,0.32326507568359375,Recency,0.16916228830814362,Low historical spending and long time since last purchase are increasing churn risk.
14097.0,0.49913996,Purchase_Interval_Std,0.19053399562835693,Monetary,0.17223027348518372,Irregular purchase behavior and low historical spending are increasing churn risk.
14099.0,0.21168412,None,0.0,None,0.0,No major behavioral factor is increasing the model's churn risk.
14101.0,0.20577191,Tenure,0.018745340406894684,None,0.0,Short customer tenure is increasing churn risk.
14104.0,0.49913996,Purchase_Interval_Std,0.18513453006744385,Monetary,0.13367408514022827,Irregular purchase behavior and low historical spending are increasing churn risk.
14105.0,0.44833127,Recency,0.21398603916168213,Purchase_Interval_Std,0.12946973741054535,Long time since last purchase and irregular purchase behavior are increasing churn risk.
14106.0,0.5771496,Monetary,0.18688896298408508,Recency,0.16511359810829163,Low historical spending and long time since last purchase are increasing churn risk.
14107.0,0.3071426,Frequency,0.015164494514465332,None,0.0,Low purchase frequency is increasing churn risk.
14108.0,0.47295675,Recency,0.18773065507411957,Purchase_Interval_Std,0.12049528956413269,Long time since last purchase and irregular purchase behavior are increasing churn risk.
14110.0,0.1926174,None,0.0,None,0.0,No major behavioral factor is increasing the model's churn risk.
14112.0,0.21167591,Tenure,0.0011471714824438095,None,0.0,Short customer tenure is increasing churn risk.
14113.0,0.2193235,None,0.0,None,0.0,No major behavioral factor is increasing the model's churn risk.
14114.0,0.45092383,Purchase_Interval_Std,0.17306172847747803,Recency,0.016569549217820168,Irregular purchase behavior and long time since last purchase are increasing churn risk.
14115.0,0.43638772,Purchase_Interval_Std,0.1784611940383911,Frequency,0.01622084341943264,Irregular purchase behavior and low purchase frequency are increasing churn risk.
14119.0,0.65014994,Monetary,0.32326507568359375,Recency,0.16916228830814362,Low historical spending and long time since last purchase are increasing churn risk.
14122.0,0.613542,Monetary,0.3243993818759918,Recency,0.16522067785263062,Low historical spending and long time since last purchase are increasing churn risk.
14123.0,0.5692038,Recency,0.18163254857063293,Frequency,0.1435750424861908,Long time since last purchase and low purchase frequency are increasing churn risk.
14128.0,0.5432114,Purchase_Interval_Std,0.19275245070457458,Frequency,0.15249210596084595,Irregular purchase behavior and low purchase frequency are increasing churn risk.
14129.0,0.2955656,Tenure,0.02022772654891014,Frequency,0.00933823361992836,Short customer tenure and low purchase frequency are increasing churn risk.
14130.0,0.57331216,Recency,0.18132317066192627,Monetary,0.147288978099823,Long time since last purchase and low historical spending are increasing churn risk.
14131.0,0.5868716,Monetary,0.2097500115633011,Recency,0.16204257309436798,Low historical spending and long time since last purchase are increasing churn risk.
14133.0,0.57102484,Recency,0.17835363745689392,Monetary,0.147288978099823,Long time since last purchase and low historical spending are increasing churn risk.
14134.0,0.20831193,None,0.0,None,0.0,No major behavioral factor is increasing the model's churn risk.
14135.0,0.2048724,None,0.0,None,0.0,No major behavioral factor is increasing the model's churn risk.
14136.0,0.30896991,Recency,0.08185158669948578,None,0.0,Long time since last purchase is increasing churn risk.
14137.0,0.57331216,Recency,0.18132317066192627,Monetary,0.147288978099823,Long time since last purchase and low historical spending are increasing churn risk.
14139.0,0.31636584,Tenure,0.010777851566672325,None,0.0,Short customer tenure is increasing churn risk.
14142.0,0.5673274,Recency,0.16204257309436798,Monetary,0.14526508748531342,Long time since last purchase and low historical spending are increasing churn risk.
14144.0,0.6258776,Monetary,0.35061004757881165,Purchase_Interval_Std,0.21162112057209015,Low historical spending and irregular purchase behavior are increasing churn risk.
14145.0,0.35904646,Purchase_Interval_Std,0.10782177001237869,Tenure,0.015924111008644104,Irregular purchase behavior and short customer tenure are increasing churn risk.
14146.0,0.41140556,Recency,0.4193408191204071,None,0.0,Long time since last purchase is increasing churn risk.
14147.0,0.32539493,Recency,0.049293674528598785,None,0.0,Long time since last purchase is increasing churn risk.
14151.0,0.46922472,Recency,0.20081950724124908,Purchase_Interval_Std,0.12236344814300537,Long time since last purchase and irregular purchase behavior are increasing churn risk.
14152.0,0.43638772,Purchase_Interval_Std,0.1784611940383911,Frequency,0.01622084341943264,Irregular purchase behavior and low purchase frequency are increasing churn risk.
14153.0,0.5508459,Monetary,0.21423396468162537,Purchase_Interval_Std,0.20513363182544708,Low historical spending and irregular purchase behavior are increasing churn risk.
14154.0,0.3029763,Frequency,0.013972442597150803,None,0.0,Low purchase frequency is increasing churn risk.
14156.0,0.2559601,Purchase_Interval_Std,0.059684839099645615,None,0.0,Irregular purchase behavior is increasing churn risk.
14157.0,0.5942845,Monetary,0.23017917573451996,Recency,0.16204257309436798,Low historical spending and long time since last purchase are increasing churn risk.
14159.0,0.21492046,None,0.0,None,0.0,No major behavioral factor is increasing the model's churn risk.
14160.0,0.40660816,Recency,0.37895098328590393,Purchase_Interval_Std,0.07992663234472275,Long time since last purchase and irregular purchase behavior are increasing churn risk.
14161.0,0.28244057,Frequency,0.015164494514465332,None,0.0,Low purchase frequency is increasing churn risk.
14163.0,0.5860814,Monetary,0.3374204933643341,Purchase_Interval_Std,0.21510957181453705,Low historical spending and irregular purchase behavior are increasing churn risk.
14166.0,0.5243245,Monetary,0.21433362364768982,Purchase_Interval_Std,0.20546863973140717,Low historical spending and irregular purchase behavior are increasing churn risk.
14167.0,0.2985073,Tenure,0.0013016442535445094,None,0.0,Short customer tenure is increasing churn risk.
14168.0,0.5432114,Purchase_Interval_Std,0.19275245070457458,Frequency,0.15249210596084595,Irregular purchase behavior and low purchase frequency are increasing churn risk.
14171.0,0.62688476,Monetary,0.3100755512714386,Recency,0.18132317066192627,Low historical spending and long time since last purchase are increasing churn risk.
14172.0,0.48478627,Recency,0.33884885907173157,Monetary,0.1637386530637741,Long time since last purchase and low historical spending are increasing churn risk.
14173.0,0.61253303,Monetary,0.32237550616264343,AOV,0.15362296998500824,Low historical spending and low average order value are increasing churn risk.
14175.0,0.25080788,Tenure,0.0155935138463974,None,0.0,Short customer tenure is increasing churn risk.
14177.0,0.36281976,Recency,0.24012312293052673,AOV,0.012668571434915066,Long time since last purchase and low average order value are increasing churn risk.
14180.0,0.40403864,Monetary,0.22169703245162964,AOV,0.18452557921409607,Low historical spending and low average order value are increasing churn risk.
14181.0,0.5553701,Purchase_Interval_Std,0.199734166264534,Monetary,0.18051978945732117,Irregular purchase behavior and low historical spending are increasing churn risk.
14182.0,0.36899447,Monetary,0.1880064457654953,Tenure,0.010777851566672325,Low historical spending and short customer tenure are increasing churn risk.
14183.0,0.59115326,Monetary,0.3374204933643341,Purchase_Interval_Std,0.21914413571357727,Low historical spending and irregular purchase behavior are increasing churn risk.
14186.0,0.2760421,None,0.0,None,0.0,No major behavioral factor is increasing the model's churn risk.
14187.0,0.5961112,Monetary,0.3374204933643341,Purchase_Interval_Std,0.22306248545646667,Low historical spending and irregular purchase behavior are increasing churn risk.
14190.0,0.65014994,Monetary,0.32326507568359375,Recency,0.16916228830814362,Low historical spending and long time since last purchase are increasing churn risk.
14191.0,0.65014994,Monetary,0.32326507568359375,Recency,0.16916228830814362,Low historical spending and long time since last purchase are increasing churn risk.
14194.0,0.1926174,None,0.0,None,0.0,No major behavioral factor is increasing the model's churn risk.
14195.0,0.3594394,Recency,0.1684081256389618,None,0.0,Long time since last purchase is increasing churn risk.
14198.0,0.31781214,Monetary,0.0016742097213864326,Tenure,0.00010959382052533329,Low historical spending and short customer tenure are increasing churn risk.
14199.0,0.5016905,Purchase_Interval_Std,0.18513453006744385,Monetary,0.1658395230770111,Irregular purchase behavior and low historical spending are increasing churn risk.
14200.0,0.5673274,Recency,0.165321484208107,Frequency,0.14238299429416656,Long time since last purchase and low purchase frequency are increasing churn risk.
14201.0,0.5111604,Purchase_Interval_Std,0.19238349795341492,Monetary,0.15578092634677887,Irregular purchase behavior and low historical spending are increasing churn risk.
14202.0,0.5016905,Purchase_Interval_Std,0.18513453006744385,Monetary,0.14205409586429596,Irregular purchase behavior and low historical spending are increasing churn risk.
14204.0,0.4408131,Purchase_Interval_Std,0.17119356989860535,Recency,0.012494794093072414,Irregular purchase behavior and long time since last purchase are increasing churn risk.
14205.0,0.2139863,Tenure,0.0011471714824438095,None,0.0,Short customer tenure is increasing churn risk.
14207.0,0.60015917,Monetary,0.23220308125019073,Recency,0.18132317066192627,Low historical spending and long time since last purchase are increasing churn risk.
14208.0,0.5406788,Purchase_Interval_Std,0.19275245070457458,Frequency,0.15249210596084595,Irregular purchase behavior and low purchase frequency are increasing churn risk.
14209.0,0.2139863,Tenure,0.0011471714824438095,None,0.0,Short customer tenure is increasing churn risk.
14210.0,0.1926174,None,0.0,None,0.0,No major behavioral factor is increasing the model's churn risk.
14211.0,0.2076267,None,0.0,None,0.0,No major behavioral factor is increasing the model's churn risk.
14215.0,0.29717097,Frequency,0.015164494514465332,None,0.0,Low purchase frequency is increasing churn risk.
14217.0,0.4256461,Purchase_Interval_Std,0.1784611940383911,Tenure,0.015330223366618156,Irregular purchase behavior and short customer tenure are increasing churn risk.
14219.0,0.53613,Purchase_Interval_Std,0.19815191626548767,Monetary,0.1662539690732956,Irregular purchase behavior and low historical spending are increasing churn risk.
14220.0,0.4303596,Purchase_Interval_Std,0.17576822638511658,Recency,0.05074299871921539,Irregular purchase behavior and long time since last purchase are increasing churn risk.
14221.0,0.2017988,Tenure,0.018745340406894684,None,0.0,Short customer tenure is increasing churn risk.
14224.0,0.31636584,Tenure,0.010777851566672325,None,0.0,Short customer tenure is increasing churn risk.
14225.0,0.28795344,Frequency,0.013972442597150803,None,0.0,Low purchase frequency is increasing churn risk.
14227.0,0.32426316,Recency,0.049293674528598785,None,0.0,Long time since last purchase is increasing churn risk.
14228.0,0.49913996,Purchase_Interval_Std,0.18513453006744385,Monetary,0.15327152609825134,Irregular purchase behavior and low historical spending are increasing churn risk.
14229.0,0.53613,Purchase_Interval_Std,0.19815191626548767,Monetary,0.1662539690732956,Irregular purchase behavior and low historical spending are increasing churn risk.
14230.0,0.49239483,Purchase_Interval_Std,0.18067964911460876,Frequency,0.15105047821998596,Irregular purchase behavior and low purchase frequency are increasing churn risk.
14233.0,0.2932764,Frequency,0.013972442597150803,None,0.0,Low purchase frequency is increasing churn risk.
14235.0,0.27438518,Tenure,0.0155935138463974,None,0.0,Short customer tenure is increasing churn risk.
14236.0,0.4399365,Purchase_Interval_Std,0.1784611940383911,Tenure,0.013345982879400253,Irregular purchase behavior and short customer tenure are increasing churn risk.
14237.0,0.55494606,Purchase_Interval_Std,0.1478191763162613,Monetary,0.13784970343112946,Irregular purchase behavior and low historical spending are increasing churn risk.
14238.0,0.529754,Recency,0.17738157510757446,Monetary,0.14842329919338226,Long time since last purchase and low historical spending are increasing churn risk.
14239.0,0.20455916,None,0.0,None,0.0,No major behavioral factor is increasing the model's churn risk.
14241.0,0.629411,Monetary,0.3100755512714386,Recency,0.18132317066192627,Low historical spending and long time since last purchase are increasing churn risk.
14243.0,0.42693028,Purchase_Interval_Std,0.1963033378124237,Frequency,0.18949054181575775,Irregular purchase behavior and low purchase frequency are increasing churn risk.
14244.0,0.57331216,Recency,0.18460208177566528,Monetary,0.14401008188724518,Long time since last purchase and low historical spending are increasing churn risk.
14247.0,0.5016905,Purchase_Interval_Std,0.18513453006744385,Monetary,0.16165153682231903,Irregular purchase behavior and low historical spending are increasing churn risk.
14248.0,0.42138225,Purchase_Interval_Std,0.1784611940383911,Tenure,0.013345982879400253,Irregular purchase behavior and short customer tenure are increasing churn risk.
14249.0,0.19476347,Tenure,0.0011471714824438095,None,0.0,Short customer tenure is increasing churn risk.
14253.0,0.49913996,Purchase_Interval_Std,0.19053399562835693,Monetary,0.16738829016685486,Irregular purchase behavior and low historical spending are increasing churn risk.
14255.0,0.47156364,Purchase_Interval_Std,0.18338613212108612,Frequency,0.1776212751865387,Irregular purchase behavior and low purchase frequency are increasing churn risk.
14256.0,0.29717097,Frequency,0.013972442597150803,None,0.0,Low purchase frequency is increasing churn risk.
14257.0,0.39112446,Purchase_Interval_Std,0.18868541717529297,Frequency,0.04279164597392082,Irregular purchase behavior and low purchase frequency are increasing churn risk.
14258.0,0.1926174,None,0.0,None,0.0,No major behavioral factor is increasing the model's churn risk.
14260.0,0.30168322,Tenure,0.02022772654891014,Frequency,0.00933823361992836,Short customer tenure and low purchase frequency are increasing churn risk.
14264.0,0.44656685,Purchase_Interval_Std,0.15384607017040253,Recency,0.051517292857170105,Irregular purchase behavior and long time since last purchase are increasing churn risk.
14265.0,0.39721668,Purchase_Interval_Std,0.18116769194602966,Frequency,0.04279164597392082,Irregular purchase behavior and low purchase frequency are increasing churn risk.
14268.0,0.5386663,Purchase_Interval_Std,0.19815191626548767,Monetary,0.17463397979736328,Irregular purchase behavior and low historical spending are increasing churn risk.
14272.0,0.45092383,Purchase_Interval_Std,0.17306172847747803,Recency,0.016569549217820168,Irregular purchase behavior and long time since last purchase are increasing churn risk.
14274.0,0.5852814,Monetary,0.18688896298408508,Recency,0.18132317066192627,Low historical spending and long time since last purchase are increasing churn risk.
14275.0,0.3755931,Monetary,0.1614963412284851,Tenure,0.004373071249574423,Low historical spending and short customer tenure are increasing churn risk.
14276.0,0.34088862,Tenure,0.0013016442535445094,None,0.0,Short customer tenure is increasing churn risk.
14277.0,0.25482327,None,0.0,None,0.0,No major behavioral factor is increasing the model's churn risk.
14279.0,0.571679,Monetary,0.24096599221229553,Purchase_Interval_Std,0.19302235543727875,Low historical spending and irregular purchase behavior are increasing churn risk.
14282.0,0.1995446,Tenure,0.0011471714824438095,None,0.0,Short customer tenure is increasing churn risk.
14283.0,0.30775964,Tenure,0.010777851566672325,None,0.0,Short customer tenure is increasing churn risk.
14284.0,0.5087011,Recency,0.18611782789230347,Frequency,0.14094135165214539,Long time since last purchase and low purchase frequency are increasing churn risk.
14285.0,0.27313867,None,0.0,None,0.0,No major behavioral factor is increasing the model's churn risk.
14286.0,0.41706398,Recency,0.39241889119148254,Frequency,0.006806542165577412,Long time since last purchase and low purchase frequency are increasing churn risk.
14290.0,0.44602135,Recency,0.21101650595664978,Purchase_Interval_Std,0.12195201963186264,Long time since last purchase and irregular purchase behavior are increasing churn risk.
14291.0,0.20700288,None,0.0,None,0.0,No major behavioral factor is increasing the model's churn risk.
14292.0,0.2668121,Tenure,0.0155935138463974,None,0.0,Short customer tenure is increasing churn risk.
14293.0,0.42153373,Recency,0.39555487036705017,Frequency,0.01162550039589405,Long time since last purchase and low purchase frequency are increasing churn risk.
14295.0,0.3234175,Recency,0.012033172883093357,Frequency,0.003277551382780075,Long time since last purchase and low purchase frequency are increasing churn risk.
14296.0,0.56300586,Monetary,0.20540471374988556,Purchase_Interval_Std,0.18366357684135437,Low historical spending and irregular purchase behavior are increasing churn risk.
14298.0,0.1926174,None,0.0,None,0.0,No major behavioral factor is increasing the model's churn risk.
14299.0,0.1926174,None,0.0,None,0.0,No major behavioral factor is increasing the model's churn risk.
14301.0,0.42411667,Purchase_Interval_Std,0.15655256807804108,Recency,0.06995868682861328,Irregular purchase behavior and long time since last purchase are increasing churn risk.
14302.0,0.4713844,Recency,0.18773065507411957,Purchase_Interval_Std,0.12049528956413269,Long time since last purchase and irregular purchase behavior are increasing churn risk.
14304.0,0.48799336,Purchase_Interval_Std,0.18067964911460876,Frequency,0.15105047821998596,Irregular purchase behavior and low purchase frequency are increasing churn risk.
14306.0,0.44149154,Purchase_Interval_Std,0.1784611940383911,Frequency,0.016768068075180054,Irregular purchase behavior and low purchase frequency are increasing churn risk.
14307.0,0.26933506,None,0.0,None,0.0,No major behavioral factor is increasing the model's churn risk.
14308.0,0.4303596,Purchase_Interval_Std,0.17576822638511658,Recency,0.04894430190324783,Irregular purchase behavior and long time since last purchase are increasing churn risk.
14309.0,0.4919126,Purchase_Interval_Std,0.18067964911460876,Frequency,0.15105047821998596,Irregular purchase behavior and low purchase frequency are increasing churn risk.
14311.0,0.5553701,Purchase_Interval_Std,0.199734166264534,Monetary,0.18051978945732117,Irregular purchase behavior and low historical spending are increasing churn risk.
14312.0,0.43318623,Frequency,0.1861812323331833,Purchase_Interval_Std,0.18607911467552185,Low purchase frequency and irregular purchase behavior are increasing churn risk.
14315.0,0.44656685,Purchase_Interval_Std,0.17306172847747803,Recency,0.032301612198352814,Irregular purchase behavior and long time since last purchase are increasing churn risk.
14316.0,0.31444335,Recency,0.0801490843296051,Tenure,0.0155935138463974,Long time since last purchase and short customer tenure are increasing churn risk.
14318.0,0.56604314,Monetary,0.25954803824424744,Purchase_Interval_Std,0.2135334014892578,Low historical spending and irregular purchase behavior are increasing churn risk.
14320.0,0.32858422,Recency,0.051092371344566345,None,0.0,Long time since last purchase is increasing churn risk.
14321.0,0.53613,Purchase_Interval_Std,0.19815191626548767,Monetary,0.1662539690732956,Irregular purchase behavior and low historical spending are increasing churn risk.
14322.0,0.59288585,Monetary,0.24450305104255676,AOV,0.15362296998500824,Low historical spending and low average order value are increasing churn risk.
14324.0,0.57331216,Recency,0.18460208177566528,Monetary,0.14401008188724518,Long time since last purchase and low historical spending are increasing churn risk.
14325.0,0.5553701,Purchase_Interval_Std,0.199734166264534,Monetary,0.18051978945732117,Irregular purchase behavior and low historical spending are increasing churn risk.
14326.0,0.42138225,Purchase_Interval_Std,0.1784611940383911,Tenure,0.015330223366618156,Irregular purchase behavior and short customer tenure are increasing churn risk.
14327.0,0.41908005,Recency,0.3852488696575165,Frequency,0.010433448478579521,Long time since last purchase and low purchase frequency are increasing churn risk.
14329.0,0.19735877,None,0.0,None,0.0,No major behavioral factor is increasing the model's churn risk.
14330.0,0.5793413,Monetary,0.18002305924892426,Recency,0.16204257309436798,Low historical spending and long time since last purchase are increasing churn risk.
14334.0,0.2885004,Tenure,0.02022772654891014,Frequency,0.011887574568390846,Short customer tenure and low purchase frequency are increasing churn risk.
14338.0,0.5432114,Purchase_Interval_Std,0.19275245070457458,Frequency,0.16055428981781006,Irregular purchase behavior and low purchase frequency are increasing churn risk.
14341.0,0.25285053,Recency,0.039458200335502625,None,0.0,Long time since last purchase is increasing churn risk.
14342.0,0.56604314,Monetary,0.25954803824424744,Purchase_Interval_Std,0.2135334014892578,Low historical spending and irregular purchase behavior are increasing churn risk.
14343.0,0.3021732,Frequency,0.013972442597150803,None,0.0,Low purchase frequency is increasing churn risk.
14344.0,0.21415877,Tenure,0.018745340406894684,None,0.0,Short customer tenure is increasing churn risk.
14346.0,0.462216,Purchase_Interval_Std,0.18607911467552185,Frequency,0.15961045026779175,Irregular purchase behavior and low purchase frequency are increasing churn risk.
14347.0,0.64251333,Monetary,0.32326507568359375,Purchase_Interval_Std,0.15365518629550934,Low historical spending and irregular purchase behavior are increasing churn risk.
14355.0,0.5673274,Recency,0.16204257309436798,Frequency,0.14238299429416656,Long time since last purchase and low purchase frequency are increasing churn risk.
14361.0,0.564932,Monetary,0.1813536137342453,Purchase_Interval_Std,0.17866872251033783,Low historical spending and irregular purchase behavior are increasing churn risk.
14365.0,0.57331216,Recency,0.18132317066192627,Monetary,0.147288978099823,Long time since last purchase and low historical spending are increasing churn risk.
14366.0,0.59350455,Monetary,0.323303759098053,Purchase_Interval_Std,0.21564653515815735,Low historical spending and irregular purchase behavior are increasing churn risk.
14369.0,0.47212216,Recency,0.17502643167972565,Purchase_Interval_Std,0.11924552917480469,Long time since last purchase and irregular purchase behavior are increasing churn risk.
14370.0,0.2219579,Tenure,0.0011471714824438095,None,0.0,Short customer tenure is increasing churn risk.
14372.0,0.50852126,Recency,0.14682962000370026,Frequency,0.13838417828083038,Long time since last purchase and low purchase frequency are increasing churn risk.
14374.0,0.60664684,Monetary,0.30662801861763,Purchase_Interval_Std,0.2176630198955536,Low historical spending and irregular purchase behavior are increasing churn risk.
14375.0,0.5432114,Purchase_Interval_Std,0.19275245070457458,Frequency,0.15249210596084595,Irregular purchase behavior and low purchase frequency are increasing churn risk.
14376.0,0.5852814,Monetary,0.18688896298408508,Recency,0.18132317066192627,Low historical spending and long time since last purchase are increasing churn risk.
14378.0,0.62115484,Monetary,0.3032096326351166,Recency,0.16204257309436798,Low historical spending and long time since last purchase are increasing churn risk.
14379.0,0.5386663,Purchase_Interval_Std,0.19815191626548767,Monetary,0.17463397979736328,Irregular purchase behavior and low historical spending are increasing churn risk.
14380.0,0.65014994,Monetary,0.32326507568359375,Recency,0.16916228830814362,Low historical spending and long time since last purchase are increasing churn risk.
14384.0,0.6258776,Monetary,0.35061004757881165,Purchase_Interval_Std,0.21162112057209015,Low historical spending and irregular purchase behavior are increasing churn risk.
14388.0,0.20546821,Tenure,0.0011471714824438095,None,0.0,Short customer tenure is increasing churn risk.
14389.0,0.44859874,Purchase_Interval_Std,0.17306172847747803,Tenure,0.01110844686627388,Irregular purchase behavior and short customer tenure are increasing churn risk.
14391.0,0.603908,Monetary,0.3006300926208496,Purchase_Interval_Std,0.19458110630512238,Low historical spending and irregular purchase behavior are increasing churn risk.
14394.0,0.63015354,Monetary,0.31689584255218506,Purchase_Interval_Std,0.20622165501117706,Low historical spending and irregular purchase behavior are increasing churn risk.
14395.0,0.20430705,Tenure,0.03750140219926834,None,0.0,Short customer tenure is increasing churn risk.
14396.0,0.22208764,None,0.0,None,0.0,No major behavioral factor is increasing the model's churn risk.
14398.0,0.4916235,Purchase_Interval_Std,0.18067964911460876,Frequency,0.15543809533119202,Irregular purchase behavior and low purchase frequency are increasing churn risk.
14399.0,0.2139863,Tenure,0.0011471714824438095,None,0.0,Short customer tenure is increasing churn risk.
14400.0,0.5154243,Recency,0.18036819994449615,Frequency,0.14094135165214539,Long time since last purchase and low purchase frequency are increasing churn risk.
14401.0,0.19554989,None,0.0,None,0.0,No major behavioral factor is increasing the model's churn risk.
14402.0,0.5673274,Recency,0.16204257309436798,Monetary,0.14526508748531342,Long time since last purchase and low historical spending are increasing churn risk.
14403.0,0.5135366,Purchase_Interval_Std,0.16574329137802124,Monetary,0.14445102214813232,Irregular purchase behavior and low historical spending are increasing churn risk.
14404.0,0.2076267,None,0.0,None,0.0,No major behavioral factor is increasing the model's churn risk.
14408.0,0.26023102,None,0.0,None,0.0,No major behavioral factor is increasing the model's churn risk.
14409.0,0.39721668,Purchase_Interval_Std,0.1784611940383911,Frequency,0.03815743327140808,Irregular purchase behavior and low purchase frequency are increasing churn risk.
14413.0,0.47641292,Recency,0.19070018827915192,Purchase_Interval_Std,0.12236344814300537,Long time since last purchase and irregular purchase behavior are increasing churn risk.
14415.0,0.19554989,None,0.0,None,0.0,No major behavioral factor is increasing the model's churn risk.
14420.0,0.4001565,Purchase_Interval_Std,0.17576822638511658,Frequency,0.04279164597392082,Irregular purchase behavior and low purchase frequency are increasing churn risk.
14421.0,0.28546873,None,0.0,None,0.0,No major behavioral factor is increasing the model's churn risk.
14422.0,0.1926174,None,0.0,None,0.0,No major behavioral factor is increasing the model's churn risk.
14423.0,0.5852814,Monetary,0.18688896298408508,Recency,0.18132317066192627,Low historical spending and long time since last purchase are increasing churn risk.
14425.0,0.524963,Recency,0.18066048622131348,Monetary,0.14514440298080444,Long time since last purchase and low historical spending are increasing churn risk.
14426.0,0.1995446,Tenure,0.0011471714824438095,None,0.0,Short customer tenure is increasing churn risk.
14427.0,0.39721668,Purchase_Interval_Std,0.18116769194602966,Frequency,0.04279164597392082,Irregular purchase behavior and low purchase frequency are increasing churn risk.
14430.0,0.31259832,Frequency,0.015743011608719826,Tenure,0.013822946697473526,Low purchase frequency and short customer tenure are increasing churn risk.
14431.0,0.39112446,Purchase_Interval_Std,0.18868541717529297,Frequency,0.04279164597392082,Irregular purchase behavior and low purchase frequency are increasing churn risk.
14433.0,0.5386663,Purchase_Interval_Std,0.19815191626548767,Monetary,0.17463397979736328,Irregular purchase behavior and low historical spending are increasing churn risk.
14435.0,0.6258776,Monetary,0.35061004757881165,Purchase_Interval_Std,0.21162112057209015,Low historical spending and irregular purchase behavior are increasing churn risk.
14436.0,0.56300586,Purchase_Interval_Std,0.2058267891407013,Monetary,0.20540471374988556,Irregular purchase behavior and low historical spending are increasing churn risk.
14437.0,0.3259146,Tenure,0.010777851566672325,None,0.0,Short customer tenure is increasing churn risk.
14439.0,0.3200467,Recency,0.056196652352809906,None,0.0,Long time since last purchase is increasing churn risk.
14440.0,0.3883825,Recency,0.37348073720932007,None,0.0,Long time since last purchase is increasing churn risk.
14441.0,0.20760325,Tenure,0.0011471714824438095,None,0.0,Short customer tenure is increasing churn risk.
14442.0,0.27556637,Frequency,0.016521785408258438,None,0.0,Low purchase frequency is increasing churn risk.
14444.0,0.59350455,Monetary,0.3374204933643341,Purchase_Interval_Std,0.22104600071907043,Low historical spending and irregular purchase behavior are increasing churn risk.
14445.0,0.5508459,Monetary,0.21423396468162537,Purchase_Interval_Std,0.20513363182544708,Low historical spending and irregular purchase behavior are increasing churn risk.
14450.0,0.5793413,Monetary,0.18002305924892426,Recency,0.16204257309436798,Low historical spending and long time since last purchase are increasing churn risk.
14451.0,0.2098965,Tenure,0.0011471714824438095,None,0.0,Short customer tenure is increasing churn risk.
14452.0,0.5961112,Monetary,0.323303759098053,Purchase_Interval_Std,0.2176630198955536,Low historical spending and irregular purchase behavior are increasing churn risk.
14454.0,0.35052297,Recency,0.018621427938342094,None,0.0,Long time since last purchase is increasing churn risk.
14455.0,0.36899447,Monetary,0.1880064457654953,Tenure,0.01301538571715355,Low historical spending and short customer tenure are increasing churn risk.
14459.0,0.48992813,Recency,0.2218610793352127,Frequency,0.17082147300243378,Long time since last purchase and low purchase frequency are increasing churn risk.
14460.0,0.41406757,Monetary,0.16506917774677277,Recency,0.12336654216051102,Low historical spending and long time since last purchase are increasing churn risk.
14461.0,0.19772062,Tenure,0.0011471714824438095,None,0.0,Short customer tenure is increasing churn risk.
14463.0,0.5508459,Monetary,0.21423396468162537,Purchase_Interval_Std,0.20513363182544708,Low historical spending and irregular purchase behavior are increasing churn risk.
14464.0,0.59972733,Monetary,0.31803014874458313,Purchase_Interval_Std,0.19860373437404633,Low historical spending and irregular purchase behavior are increasing churn risk.
14465.0,0.19829723,None,0.0,None,0.0,No major behavioral factor is increasing the model's churn risk.
14466.0,0.28179732,Recency,0.12303950637578964,None,0.0,Long time since last purchase is increasing churn risk.
14467.0,0.225469,None,0.0,None,0.0,No major behavioral factor is increasing the model's churn risk.
14468.0,0.58301157,Monetary,0.18688896298408508,Recency,0.17835363745689392,Low historical spending and long time since last purchase are increasing churn risk.
14469.0,0.2932764,Frequency,0.013972442597150803,None,0.0,Low purchase frequency is increasing churn risk.
14471.0,0.51120204,Monetary,0.14054712653160095,Purchase_Interval_Std,0.14020124077796936,Low historical spending and irregular purchase behavior are increasing churn risk.
14472.0,0.57331216,Recency,0.18132317066192627,Monetary,0.147288978099823,Long time since last purchase and low historical spending are increasing churn risk.
14474.0,0.49580348,Purchase_Interval_Std,0.1596142202615738,Frequency,0.14833541214466095,Irregular purchase behavior and low purchase frequency are increasing churn risk.
14477.0,0.44859874,Purchase_Interval_Std,0.17306172847747803,Frequency,0.0055259536020457745,Irregular purchase behavior and low purchase frequency are increasing churn risk.
14478.0,0.29717097,Frequency,0.015164494514465332,None,0.0,Low purchase frequency is increasing churn risk.
14479.0,0.57102484,Recency,0.17835363745689392,Monetary,0.147288978099823,Long time since last purchase and low historical spending are increasing churn risk.
14480.0,0.57331216,Recency,0.18132317066192627,Monetary,0.147288978099823,Long time since last purchase and low historical spending are increasing churn risk.
14481.0,0.44584185,Recency,0.21074944734573364,Purchase_Interval_Std,0.12195201963186264,Long time since last purchase and irregular purchase behavior are increasing churn risk.
14482.0,0.4399365,Purchase_Interval_Std,0.1784611940383911,Tenure,0.013345982879400253,Irregular purchase behavior and short customer tenure are increasing churn risk.
14483.0,0.6215851,Monetary,0.3100755512714386,Recency,0.16511359810829163,Low historical spending and long time since last purchase are increasing churn risk.
14484.0,0.47212216,Recency,0.17502643167972565,Purchase_Interval_Std,0.11924552917480469,Long time since last purchase and irregular purchase behavior are increasing churn risk.
14486.0,0.5739029,Monetary,0.24351400136947632,Purchase_Interval_Std,0.19472043216228485,Low historical spending and irregular purchase behavior are increasing churn risk.
14489.0,0.40256694,Purchase_Interval_Std,0.1784611940383911,Frequency,0.03956688195466995,Irregular purchase behavior and low purchase frequency are increasing churn risk.
14492.0,0.2221576,Tenure,0.018745340406894684,None,0.0,Short customer tenure is increasing churn risk.
14493.0,0.2529124,None,0.0,None,0.0,No major behavioral factor is increasing the model's churn risk.
14494.0,0.6272288,Monetary,0.3100755512714386,Recency,0.17835363745689392,Low historical spending and long time since last purchase are increasing churn risk.
14495.0,0.65014994,Monetary,0.32326507568359375,Recency,0.16916228830814362,Low historical spending and long time since last purchase are increasing churn risk.
14496.0,0.43999007,Purchase_Interval_Std,0.1547027975320816,Recency,0.10938544571399689,Irregular purchase behavior and long time since last purchase are increasing churn risk.
14497.0,0.5852814,Monetary,0.18688896298408508,Recency,0.18132317066192627,Low historical spending and long time since last purchase are increasing churn risk.
14498.0,0.37032133,Purchase_Interval_Std,0.10629666596651077,Tenure,0.020558323711156845,Irregular purchase behavior and short customer tenure are increasing churn risk.
14499.0,0.5386663,Purchase_Interval_Std,0.19815191626548767,Monetary,0.17463397979736328,Irregular purchase behavior and low historical spending are increasing churn risk.
14505.0,0.1926174,None,0.0,None,0.0,No major behavioral factor is increasing the model's churn risk.
14506.0,0.56005794,Purchase_Interval_Std,0.14444349706172943,Frequency,0.13982582092285156,Irregular purchase behavior and low purchase frequency are increasing churn risk.
14507.0,0.52390224,Recency,0.16434940695762634,Monetary,0.14312049746513367,Long time since last purchase and low historical spending are increasing churn risk.
14508.0,0.5016905,Purchase_Interval_Std,0.18513453006744385,Monetary,0.14497581124305725,Irregular purchase behavior and low historical spending are increasing churn risk.
14509.0,0.60664684,Monetary,0.3109104037284851,Purchase_Interval_Std,0.2176630198955536,Low historical spending and irregular purchase behavior are increasing churn risk.
14512.0,0.32910758,None,0.0,None,0.0,No major behavioral factor is increasing the model's churn risk.
14513.0,0.54741186,Purchase_Interval_Std,0.19596685469150543,Monetary,0.1546466052532196,Irregular purchase behavior and low historical spending are increasing churn risk.
14514.0,0.21307792,None,0.0,None,0.0,No major behavioral factor is increasing the model's churn risk.
14515.0,0.5553701,Purchase_Interval_Std,0.199734166264534,Monetary,0.18051978945732117,Irregular purchase behavior and low historical spending are increasing churn risk.
14516.0,0.5616394,Monetary,0.240205779671669,Purchase_Interval_Std,0.2058267891407013,Low historical spending and irregular purchase behavior are increasing churn risk.
14519.0,0.5548235,Monetary,0.18802328407764435,Recency,0.17520727217197418,Low historical spending and long time since last purchase are increasing churn risk.
14521.0,0.5508459,Monetary,0.21423396468162537,Purchase_Interval_Std,0.20513363182544708,Low historical spending and irregular purchase behavior are increasing churn risk.
14522.0,0.4325048,Recency,0.26523855328559875,Purchase_Interval_Std,0.07948783040046692,Long time since last purchase and irregular purchase behavior are increasing churn risk.
14525.0,0.19735877,None,0.0,None,0.0,No major behavioral factor is increasing the model's churn risk.
14527.0,0.26507217,Purchase_Interval_Std,0.10818097740411758,None,0.0,Irregular purchase behavior is increasing churn risk.
14530.0,0.21451728,Tenure,0.0011471714824438095,None,0.0,Short customer tenure is increasing churn risk.
14531.0,0.53613,Purchase_Interval_Std,0.19815191626548767,Monetary,0.1662539690732956,Irregular purchase behavior and low historical spending are increasing churn risk.
14532.0,0.2437107,Recency,0.04503363370895386,Tenure,0.0011471714824438095,Long time since last purchase and short customer tenure are increasing churn risk.
14533.0,0.29859197,Tenure,0.0155935138463974,Frequency,0.013972442597150803,Short customer tenure and low purchase frequency are increasing churn risk.
14534.0,0.31938395,Recency,0.01212936919182539,Frequency,0.002085500629618764,Long time since last purchase and low purchase frequency are increasing churn risk.
14535.0,0.2044448,Tenure,0.0011471714824438095,None,0.0,Short customer tenure is increasing churn risk.
14537.0,0.5673274,Recency,0.16204257309436798,Frequency,0.14238299429416656,Long time since last purchase and low purchase frequency are increasing churn risk.
14538.0,0.32547677,Recency,0.01940729469060898,Frequency,0.002085500629618764,Long time since last purchase and low purchase frequency are increasing churn risk.
14540.0,0.21333455,None,0.0,None,0.0,No major behavioral factor is increasing the model's churn risk.
14541.0,0.21959394,None,0.0,None,0.0,No major behavioral factor is increasing the model's churn risk.
14543.0,0.1926174,None,0.0,None,0.0,No major behavioral factor is increasing the model's churn risk.
14544.0,0.43318623,Purchase_Interval_Std,0.1887855976819992,Frequency,0.1861812323331833,Irregular purchase behavior and low purchase frequency are increasing churn risk.
14545.0,0.57331216,Recency,0.18132317066192627,Monetary,0.147288978099823,Long time since last purchase and low historical spending are increasing churn risk.
14546.0,0.26103705,None,0.0,None,0.0,No major behavioral factor is increasing the model's churn risk.
14548.0,0.21141784,None,0.0,None,0.0,No major behavioral factor is increasing the model's churn risk.
14549.0,0.45677853,Purchase_Interval_Std,0.12626028060913086,Recency,0.1222749650478363,Irregular purchase behavior and long time since last purchase are increasing churn risk.
14550.0,0.5386663,Purchase_Interval_Std,0.19815191626548767,Monetary,0.17463397979736328,Irregular purchase behavior and low historical spending are increasing churn risk.
14551.0,0.5739029,Monetary,0.2582847476005554,Purchase_Interval_Std,0.20011989772319794,Low historical spending and irregular purchase behavior are increasing churn risk.
14552.0,0.5746302,Monetary,0.20233461260795593,Purchase_Interval_Std,0.160893514752388,Low historical spending and irregular purchase behavior are increasing churn risk.
14553.0,0.4399365,Purchase_Interval_Std,0.17590707540512085,Tenure,0.013345982879400253,Irregular purchase behavior and short customer tenure are increasing churn risk.
14555.0,0.3234175,Recency,0.01033067237585783,Frequency,0.003277551382780075,Long time since last purchase and low purchase frequency are increasing churn risk.
14556.0,0.4109406,Recency,0.3423582911491394,Frequency,0.0138868298381567,Long time since last purchase and low purchase frequency are increasing churn risk.
14558.0,0.4459002,Recency,0.35799548029899597,None,0.0,Long time since last purchase is increasing churn risk.
14560.0,0.1926174,None,0.0,None,0.0,No major behavioral factor is increasing the model's churn risk.
14562.0,0.2098965,Tenure,0.0011471714824438095,None,0.0,Short customer tenure is increasing churn risk.
14563.0,0.42940858,Purchase_Interval_Std,0.17590707540512085,Frequency,0.011586634442210197,Irregular purchase behavior and low purchase frequency are increasing churn risk.
14564.0,0.48540094,Recency,0.21118569374084473,Frequency,0.16870421171188354,Long time since last purchase and low purchase frequency are increasing churn risk.
14565.0,0.45787776,Purchase_Interval_Std,0.18607911467552185,Frequency,0.16189536452293396,Irregular purchase behavior and low purchase frequency are increasing churn risk.
14566.0,0.39721668,Purchase_Interval_Std,0.18116769194602966,Frequency,0.033935658633708954,Irregular purchase behavior and low purchase frequency are increasing churn risk.
14569.0,0.5243245,Monetary,0.21536828577518463,Purchase_Interval_Std,0.20546863973140717,Low historical spending and irregular purchase behavior are increasing churn risk.
14572.0,0.4303596,Purchase_Interval_Std,0.17576822638511658,Recency,0.05074299871921539,Irregular purchase behavior and long time since last purchase are increasing churn risk.
14573.0,0.36155993,Recency,0.04777432233095169,Monetary,0.0027428630273789167,Long time since last purchase and low historical spending are increasing churn risk.
14574.0,0.6194572,Monetary,0.3100755512714386,Recency,0.17835363745689392,Low historical spending and long time since last purchase are increasing churn risk.
14575.0,0.47671506,Purchase_Interval_Std,0.18607911467552185,Frequency,0.15961045026779175,Irregular purchase behavior and low purchase frequency are increasing churn risk.
14577.0,0.52999,Recency,0.1803511083126068,Monetary,0.14842329919338226,Long time since last purchase and low historical spending are increasing churn risk.
14580.0,0.6258776,Monetary,0.3406812846660614,Purchase_Interval_Std,0.20622165501117706,Low historical spending and irregular purchase behavior are increasing churn risk.
14581.0,0.5432114,Purchase_Interval_Std,0.19275245070457458,Frequency,0.15249210596084595,Irregular purchase behavior and low purchase frequency are increasing churn risk.
14583.0,0.45092383,Purchase_Interval_Std,0.17306172847747803,Tenure,0.00647423742339015,Irregular purchase behavior and short customer tenure are increasing churn risk.
14584.0,0.35427132,Tenure,0.0013016442535445094,None,0.0,Short customer tenure is increasing churn risk.
14588.0,0.6072067,Monetary,0.30454015731811523,Purchase_Interval_Std,0.19458110630512238,Low historical spending and irregular purchase behavior are increasing churn risk.
14590.0,0.1926174,None,0.0,None,0.0,No major behavioral factor is increasing the model's churn risk.
14593.0,0.24528837,Recency,0.04503363370895386,None,0.0,Long time since last purchase is increasing churn risk.
14595.0,0.5852814,Monetary,0.18688896298408508,Recency,0.18132317066192627,Low historical spending and long time since last purchase are increasing churn risk.
14596.0,0.5793413,Monetary,0.18002305924892426,Recency,0.16204257309436798,Low historical spending and long time since last purchase are increasing churn risk.
14598.0,0.5690172,Monetary,0.22583387792110443,Purchase_Interval_Std,0.20813392102718353,Low historical spending and irregular purchase behavior are increasing churn risk.
14599.0,0.5584976,Monetary,0.2316679209470749,Purchase_Interval_Std,0.20867213606834412,Low historical spending and irregular purchase behavior are increasing churn risk.
14602.0,0.5852814,Monetary,0.18688896298408508,Recency,0.18132317066192627,Low historical spending and long time since last purchase are increasing churn risk.
14604.0,0.61589646,Monetary,0.3032096326351166,Recency,0.16204257309436798,Low historical spending and long time since last purchase are increasing churn risk.
14605.0,0.4511119,Recency,0.30366578698158264,None,0.0,Long time since last purchase is increasing churn risk.
14606.0,0.26507217,Purchase_Interval_Std,0.10818097740411758,None,0.0,Irregular purchase behavior is increasing churn risk.
14607.0,0.19554989,None,0.0,None,0.0,No major behavioral factor is increasing the model's churn risk.
14608.0,0.23706983,None,0.0,None,0.0,No major behavioral factor is increasing the model's churn risk.
14609.0,0.27671123,Monetary,0.030224133282899857,AOV,0.012011070735752583,Low historical spending and low average order value are increasing churn risk.
14610.0,0.6258776,Monetary,0.3406812846660614,Purchase_Interval_Std,0.20622165501117706,Low historical spending and irregular purchase behavior are increasing churn risk.
14611.0,0.56005794,Purchase_Interval_Std,0.14444349706172943,Monetary,0.14042308926582336,Irregular purchase behavior and low historical spending are increasing churn risk.
14613.0,0.65014994,Monetary,0.32326507568359375,Recency,0.16916228830814362,Low historical spending and long time since last purchase are increasing churn risk.
14615.0,0.32908955,Tenure,0.010777851566672325,None,0.0,Short customer tenure is increasing churn risk.
14616.0,0.63015354,Monetary,0.31689584255218506,Purchase_Interval_Std,0.20622165501117706,Low historical spending and irregular purchase behavior are increasing churn risk.
14618.0,0.5553701,Purchase_Interval_Std,0.199734166264534,Monetary,0.18051978945732117,Irregular purchase behavior and low historical spending are increasing churn risk.
14619.0,0.46845338,Purchase_Interval_Std,0.18338613212108612,Frequency,0.1776212751865387,Irregular purchase behavior and low purchase frequency are increasing churn risk.
14621.0,0.28930208,None,0.0,None,0.0,No major behavioral factor is increasing the model's churn risk.
14623.0,0.27438518,Tenure,0.013822946697473526,None,0.0,Short customer tenure is increasing churn risk.
14624.0,0.34533975,Tenure,0.004373071249574423,Recency,0.0016526614781469107,Short customer tenure and long time since last purchase are increasing churn risk.
14625.0,0.21119568,None,0.0,None,0.0,No major behavioral factor is increasing the model's churn risk.
14626.0,0.2053518,None,0.0,None,0.0,No major behavioral factor is increasing the model's churn risk.
14628.0,0.46494117,Recency,0.185145765542984,Purchase_Interval_Std,0.11924552917480469,Long time since last purchase and irregular purchase behavior are increasing churn risk.
14630.0,0.5386663,Purchase_Interval_Std,0.19815191626548767,Monetary,0.17463397979736328,Irregular purchase behavior and low historical spending are increasing churn risk.
14631.0,0.5386663,Purchase_Interval_Std,0.19815191626548767,Monetary,0.17463397979736328,Irregular purchase behavior and low historical spending are increasing churn risk.
14634.0,0.2876397,Tenure,0.02022772654891014,Frequency,0.00933823361992836,Short customer tenure and low purchase frequency are increasing churn risk.
14637.0,0.6316153,Monetary,0.3100755512714386,Recency,0.17617933452129364,Low historical spending and long time since last purchase are increasing churn risk.
14639.0,0.4001565,Purchase_Interval_Std,0.17576822638511658,Frequency,0.04279164597392082,Irregular purchase behavior and low purchase frequency are increasing churn risk.
14640.0,0.30167544,Frequency,0.013972442597150803,None,0.0,Low purchase frequency is increasing churn risk.
14643.0,0.43097255,Recency,0.3852488696575165,Frequency,0.009076159447431564,Long time since last purchase and low purchase frequency are increasing churn risk.
14644.0,0.41874516,Purchase_Interval_Std,0.17659303545951843,Frequency,0.01741289347410202,Irregular purchase behavior and low purchase frequency are increasing churn risk.
14645.0,0.5714811,Recency,0.16204257309436798,Monetary,0.15899191796779633,Long time since last purchase and low historical spending are increasing churn risk.
14646.0,0.1926174,None,0.0,None,0.0,No major behavioral factor is increasing the model's churn risk.
14647.0,0.5428734,Purchase_Interval_Std,0.19596685469150543,Monetary,0.17424406111240387,Irregular purchase behavior and low historical spending are increasing churn risk.
14648.0,0.20591827,None,0.0,None,0.0,No major behavioral factor is increasing the model's churn risk.
14649.0,0.31793848,Recency,0.049293674528598785,None,0.0,Long time since last purchase is increasing churn risk.
14650.0,0.6373977,Monetary,0.3177296817302704,Purchase_Interval_Std,0.18683041632175446,Low historical spending and irregular purchase behavior are increasing churn risk.
14651.0,0.2538934,Recency,0.039554402232170105,Tenure,0.018745340406894684,Long time since last purchase and short customer tenure are increasing churn risk.
14653.0,0.233701,None,0.0,None,0.0,No major behavioral factor is increasing the model's churn risk.
14654.0,0.5771496,Monetary,0.18688896298408508,Recency,0.16511359810829163,Low historical spending and long time since last purchase are increasing churn risk.
14655.0,0.40981635,Purchase_Interval_Std,0.17576822638511658,Frequency,0.03815743327140808,Irregular purchase behavior and low purchase frequency are increasing churn risk.
14656.0,0.5016905,Purchase_Interval_Std,0.18513453006744385,Monetary,0.1658395230770111,Irregular purchase behavior and low historical spending are increasing churn risk.
14662.0,0.5437845,Monetary,0.18599937856197357,Recency,0.15295711159706116,Low historical spending and long time since last purchase are increasing churn risk.
14665.0,0.55912626,Monetary,0.15157653391361237,Purchase_Interval_Std,0.15103356540203094,Low historical spending and irregular purchase behavior are increasing churn risk.
14667.0,0.1926174,None,0.0,None,0.0,No major behavioral factor is increasing the model's churn risk.
14669.0,0.41117665,Recency,0.41637128591537476,None,0.0,Long time since last purchase is increasing churn risk.
14670.0,0.58832324,Monetary,0.20438392460346222,Recency,0.17835363745689392,Low historical spending and long time since last purchase are increasing churn risk.
14671.0,0.4303596,Purchase_Interval_Std,0.17576822638511658,Recency,0.04894430190324783,Irregular purchase behavior and long time since last purchase are increasing churn risk.
14672.0,0.5016905,Purchase_Interval_Std,0.18513453006744385,Monetary,0.17068150639533997,Irregular purchase behavior and low historical spending are increasing churn risk.
14674.0,0.5584976,Monetary,0.2316679209470749,Purchase_Interval_Std,0.20867213606834412,Low historical spending and irregular purchase behavior are increasing churn risk.
14676.0,0.32138085,Recency,0.01760859787464142,Frequency,0.002085500629618764,Long time since last purchase and low purchase frequency are increasing churn risk.
14677.0,0.5746302,Monetary,0.20233461260795593,Purchase_Interval_Std,0.160893514752388,Low historical spending and irregular purchase behavior are increasing churn risk.
14678.0,0.55282426,Purchase_Interval_Std,0.1716870218515396,Frequency,0.14977703988552094,Irregular purchase behavior and low purchase frequency are increasing churn risk.
14679.0,0.40366027,Purchase_Interval_Std,0.17576822638511658,Frequency,0.04398369416594505,Irregular purchase behavior and low purchase frequency are increasing churn risk.
14680.0,0.20105988,None,0.0,None,0.0,No major behavioral factor is increasing the model's churn risk.
14681.0,0.5869658,Monetary,0.2240738868713379,AOV,0.15362296998500824,Low historical spending and low average order value are increasing churn risk.
14682.0,0.34208795,Tenure,0.0013016442535445094,None,0.0,Short customer tenure is increasing churn risk.
14683.0,0.6039347,Monetary,0.30454015731811523,Purchase_Interval_Std,0.19183512032032013,Low historical spending and irregular purchase behavior are increasing churn risk.
14685.0,0.29257435,Recency,0.25859081745147705,None,0.0,Long time since last purchase is increasing churn risk.
14686.0,0.52999,Recency,0.1803511083126068,Monetary,0.14842329919338226,Long time since last purchase and low historical spending are increasing churn risk.
14687.0,0.5432114,Purchase_Interval_Std,0.19275245070457458,Frequency,0.15249210596084595,Irregular purchase behavior and low purchase frequency are increasing churn risk.
14688.0,0.5386663,Purchase_Interval_Std,0.19815191626548767,Monetary,0.17463397979736328,Irregular purchase behavior and low historical spending are increasing churn risk.
14692.0,0.27671123,Monetary,0.025382135063409805,AOV,0.012011070735752583,Low historical spending and low average order value are increasing churn risk.
14693.0,0.30775964,Tenure,0.01301538571715355,None,0.0,Short customer tenure is increasing churn risk.
14694.0,0.5793413,Monetary,0.18002305924892426,Recency,0.16204257309436798,Low historical spending and long time since last purchase are increasing churn risk.
14695.0,0.31114024,Frequency,0.015164494514465332,None,0.0,Low purchase frequency is increasing churn risk.
14699.0,0.49913996,Purchase_Interval_Std,0.19053399562835693,Monetary,0.16738829016685486,Irregular purchase behavior and low historical spending are increasing churn risk.
14700.0,0.5386663,Purchase_Interval_Std,0.19815191626548767,Monetary,0.17463397979736328,Irregular purchase behavior and low historical spending are increasing churn risk.
14701.0,0.31427294,Frequency,0.013972442597150803,None,0.0,Low purchase frequency is increasing churn risk.
14702.0,0.1926174,None,0.0,None,0.0,No major behavioral factor is increasing the model's churn risk.
14704.0,0.62369657,Monetary,0.3032096326351166,Purchase_Interval_Std,0.16384682059288025,Low historical spending and irregular purchase behavior are increasing churn risk.
14706.0,0.5673274,Recency,0.165321484208107,Frequency,0.14238299429416656,Long time since last purchase and low purchase frequency are increasing churn risk.
14707.0,0.63220537,Monetary,0.31381961703300476,Purchase_Interval_Std,0.1851562261581421,Low historical spending and irregular purchase behavior are increasing churn risk.
14708.0,0.5386663,Purchase_Interval_Std,0.19815191626548767,Monetary,0.17463397979736328,Irregular purchase behavior and low historical spending are increasing churn risk.
14709.0,0.1926174,None,0.0,None,0.0,No major behavioral factor is increasing the model's churn risk.
14710.0,0.22935916,None,0.0,None,0.0,No major behavioral factor is increasing the model's churn risk.
14713.0,0.2076267,None,0.0,None,0.0,No major behavioral factor is increasing the model's churn risk.
14714.0,0.45530814,Purchase_Interval_Std,0.15199629962444305,Recency,0.056541264057159424,Irregular purchase behavior and long time since last purchase are increasing churn risk.
14715.0,0.3102832,Frequency,0.013972442597150803,None,0.0,Low purchase frequency is increasing churn risk.
14717.0,0.64802164,Monetary,0.32326507568359375,Recency,0.16619274020195007,Low historical spending and long time since last purchase are increasing churn risk.
14722.0,0.5016905,Purchase_Interval_Std,0.19053399562835693,Monetary,0.17576830089092255,Irregular purchase behavior and low historical spending are increasing churn risk.
14723.0,0.3870738,Monetary,0.16205593943595886,None,0.0,Low historical spending is increasing churn risk.
14724.0,0.55494606,Purchase_Interval_Std,0.1478191763162613,Monetary,0.13784970343112946,Irregular purchase behavior and low historical spending are increasing churn risk.
14725.0,0.51359314,Purchase_Interval_Std,0.19428536295890808,Monetary,0.16298501193523407,Irregular purchase behavior and low historical spending are increasing churn risk.
14726.0,0.629411,Monetary,0.3100755512714386,Recency,0.18132317066192627,Low historical spending and long time since last purchase are increasing churn risk.
14727.0,0.54475516,Purchase_Interval_Std,0.2023458331823349,Monetary,0.18165411055088043,Irregular purchase behavior and low historical spending are increasing churn risk.
14729.0,0.5333426,Recency,0.16107049584388733,Monetary,0.15528424084186554,Long time since last purchase and low historical spending are increasing churn risk.
14732.0,0.19838634,None,0.0,None,0.0,No major behavioral factor is increasing the model's churn risk.
14734.0,0.4972824,Purchase_Interval_Std,0.19053399562835693,Monetary,0.15995799005031586,Irregular purchase behavior and low historical spending are increasing churn risk.
14735.0,0.1926174,None,0.0,None,0.0,No major behavioral factor is increasing the model's churn risk.
14736.0,0.49913996,Purchase_Interval_Std,0.19053399562835693,Monetary,0.16738829016685486,Irregular purchase behavior and low historical spending are increasing churn risk.
14738.0,0.45092383,Purchase_Interval_Std,0.17306172847747803,Recency,0.018272049725055695,Irregular purchase behavior and long time since last purchase are increasing churn risk.
14739.0,0.1926174,None,0.0,None,0.0,No major behavioral factor is increasing the model's churn risk.
14740.0,0.21320859,Tenure,0.0011471714824438095,None,0.0,Short customer tenure is increasing churn risk.
14743.0,0.6373977,Monetary,0.313825786113739,Purchase_Interval_Std,0.16128836572170258,Low historical spending and irregular purchase behavior are increasing churn risk.
14744.0,0.3962161,Purchase_Interval_Std,0.10635070502758026,Recency,0.08221808820962906,Irregular purchase behavior and long time since last purchase are increasing churn risk.
14745.0,0.2098965,Tenure,0.0011471714824438095,None,0.0,Short customer tenure is increasing churn risk.
14748.0,0.33775628,Tenure,0.0013016442535445094,None,0.0,Short customer tenure is increasing churn risk.
14749.0,0.5386663,Purchase_Interval_Std,0.19815191626548767,Monetary,0.17463397979736328,Irregular purchase behavior and low historical spending are increasing churn risk.
14750.0,0.62380815,Monetary,0.3100755512714386,Purchase_Interval_Std,0.16509655117988586,Low historical spending and irregular purchase behavior are increasing churn risk.
14751.0,0.6183132,Monetary,0.3243993818759918,Recency,0.16819022595882416,Low historical spending and long time since last purchase are increasing churn risk.
14753.0,0.5386663,Purchase_Interval_Std,0.19815191626548767,Monetary,0.17463397979736328,Irregular purchase behavior and low historical spending are increasing churn risk.
14754.0,0.35427132,Tenure,0.0013016442535445094,None,0.0,Short customer tenure is increasing churn risk.
14755.0,0.1926174,None,0.0,None,0.0,No major behavioral factor is increasing the model's churn risk.
14758.0,0.39721668,Purchase_Interval_Std,0.18116769194602966,Frequency,0.04279164597392082,Irregular purchase behavior and low purchase frequency are increasing churn risk.
14762.0,0.62369657,Monetary,0.3032096326351166,Purchase_Interval_Std,0.16384682059288025,Low historical spending and irregular purchase behavior are increasing churn risk.
14766.0,0.37795764,Purchase_Interval_Std,0.18868541717529297,Tenure,0.020558323711156845,Irregular purchase behavior and short customer tenure are increasing churn risk.
14767.0,0.53613,Purchase_Interval_Std,0.19815191626548767,Monetary,0.1662539690732956,Irregular purchase behavior and low historical spending are increasing churn risk.
14769.0,0.19735877,None,0.0,None,0.0,No major behavioral factor is increasing the model's churn risk.
14770.0,0.1995446,Tenure,0.0011471714824438095,None,0.0,Short customer tenure is increasing churn risk.
14771.0,0.46709856,Recency,0.1720568984746933,Purchase_Interval_Std,0.117377370595932,Long time since last purchase and irregular purchase behavior are increasing churn risk.
14773.0,0.6069324,Monetary,0.30063626170158386,Purchase_Interval_Std,0.1688113957643509,Low historical spending and irregular purchase behavior are increasing churn risk.
14774.0,0.5553701,Purchase_Interval_Std,0.199734166264534,Monetary,0.19030416011810303,Irregular purchase behavior and low historical spending are increasing churn risk.
14783.0,0.57331216,Recency,0.18132317066192627,Monetary,0.147288978099823,Long time since last purchase and low historical spending are increasing churn risk.
14786.0,0.63015354,Monetary,0.31689584255218506,Purchase_Interval_Std,0.20622165501117706,Low historical spending and irregular purchase behavior are increasing churn risk.
14787.0,0.6022708,Monetary,0.3374204933643341,Purchase_Interval_Std,0.22306248545646667,Low historical spending and irregular purchase behavior are increasing churn risk.
14788.0,0.50852126,Recency,0.14682962000370026,Frequency,0.13538172841072083,Long time since last purchase and low purchase frequency are increasing churn risk.
14790.0,0.3150714,Recency,0.048464007675647736,None,0.0,Long time since last purchase is increasing churn risk.
14791.0,0.5651764,Recency,0.16204257309436798,Monetary,0.14042308926582336,Long time since last purchase and low historical spending are increasing churn risk.
14793.0,0.5406788,Purchase_Interval_Std,0.19275245070457458,Frequency,0.16055428981781006,Irregular purchase behavior and low purchase frequency are increasing churn risk.
14794.0,0.5961112,Monetary,0.3374204933643341,Purchase_Interval_Std,0.22306248545646667,Low historical spending and irregular purchase behavior are increasing churn risk.
14796.0,0.22208764,None,0.0,None,0.0,No major behavioral factor is increasing the model's churn risk.
14797.0,0.5386663,Purchase_Interval_Std,0.19815191626548767,Monetary,0.17359931766986847,Irregular purchase behavior and low historical spending are increasing churn risk.
14798.0,0.35392955,Recency,0.032508060336112976,Monetary,0.009946953505277634,Long time since last purchase and low historical spending are increasing churn risk.
14799.0,0.58469105,Monetary,0.21177391707897186,Recency,0.16511359810829163,Low historical spending and long time since last purchase are increasing churn risk.
14805.0,0.49913996,Purchase_Interval_Std,0.18513453006744385,Monetary,0.15745951235294342,Irregular purchase behavior and low historical spending are increasing churn risk.
14807.0,0.5673274,Recency,0.16204257309436798,Monetary,0.14526508748531342,Long time since last purchase and low historical spending are increasing churn risk.
14809.0,0.46494117,Recency,0.185145765542984,Purchase_Interval_Std,0.11924552917480469,Long time since last purchase and irregular purchase behavior are increasing churn risk.
14812.0,0.57968724,Monetary,0.20490801334381104,Purchase_Interval_Std,0.15751783549785614,Low historical spending and irregular purchase behavior are increasing churn risk.
14813.0,0.5159062,Recency,0.1759984940290451,Frequency,0.14094135165214539,Long time since last purchase and low purchase frequency are increasing churn risk.
14814.0,0.58210635,Monetary,0.22666770219802856,Purchase_Interval_Std,0.18874268233776093,Low historical spending and irregular purchase behavior are increasing churn risk.
14817.0,0.30949268,Tenure,0.0155935138463974,Frequency,0.013972442597150803,Short customer tenure and low purchase frequency are increasing churn risk.
14818.0,0.33667842,Monetary,0.0024248724803328514,Tenure,0.0013016442535445094,Low historical spending and short customer tenure are increasing churn risk.
14819.0,0.54475516,Monetary,0.2202102690935135,Purchase_Interval_Std,0.20774531364440918,Low historical spending and irregular purchase behavior are increasing churn risk.
14820.0,0.52542394,Monetary,0.1575528383255005,Purchase_Interval_Std,0.1493520885705948,Low historical spending and irregular purchase behavior are increasing churn risk.
14821.0,0.5279036,Recency,0.3234090805053711,Monetary,0.18020710349082947,Long time since last purchase and low historical spending are increasing churn risk.
14822.0,0.56604314,Monetary,0.25954803824424744,Purchase_Interval_Std,0.2135334014892578,Low historical spending and irregular purchase behavior are increasing churn risk.
14824.0,0.31793848,Recency,0.049293674528598785,None,0.0,Long time since last purchase is increasing churn risk.
14825.0,0.21415877,Tenure,0.018745340406894684,None,0.0,Short customer tenure is increasing churn risk.
14826.0,0.5135366,Purchase_Interval_Std,0.16574329137802124,Monetary,0.14445102214813232,Irregular purchase behavior and low historical spending are increasing churn risk.
14828.0,0.19554989,None,0.0,None,0.0,No major behavioral factor is increasing the model's churn risk.
14831.0,0.42759988,Recency,0.3925853371620178,Frequency,0.009076159447431564,Long time since last purchase and low purchase frequency are increasing churn risk.
14832.0,0.5673274,Recency,0.16204257309436798,Frequency,0.14238299429416656,Long time since last purchase and low purchase frequency are increasing churn risk.
14833.0,0.6258776,Monetary,0.35061004757881165,Purchase_Interval_Std,0.21162112057209015,Low historical spending and irregular purchase behavior are increasing churn risk.
14835.0,0.5016905,Purchase_Interval_Std,0.18513453006744385,Monetary,0.151838481426239,Irregular purchase behavior and low historical spending are increasing churn risk.
14837.0,0.26933506,None,0.0,None,0.0,No major behavioral factor is increasing the model's churn risk.
14838.0,0.6215851,Monetary,0.3100755512714386,Recency,0.16511359810829163,Low historical spending and long time since last purchase are increasing churn risk.
14839.0,0.45917457,Purchase_Interval_Std,0.15199629962444305,Recency,0.07939060032367706,Irregular purchase behavior and long time since last purchase are increasing churn risk.
14840.0,0.5432114,Purchase_Interval_Std,0.19275245070457458,Frequency,0.15249210596084595,Irregular purchase behavior and low purchase frequency are increasing churn risk.
14841.0,0.2048724,None,0.0,None,0.0,No major behavioral factor is increasing the model's churn risk.
14844.0,0.2831146,Tenure,0.013822946697473526,Frequency,0.013473395258188248,Short customer tenure and low purchase frequency are increasing churn risk.
14845.0,0.606879,Monetary,0.3032096326351166,Purchase_Interval_Std,0.16140113770961761,Low historical spending and irregular purchase behavior are increasing churn risk.
14847.0,0.5432114,Purchase_Interval_Std,0.19275245070457458,Frequency,0.15249210596084595,Irregular purchase behavior and low purchase frequency are increasing churn risk.
14849.0,0.19476347,Tenure,0.0011471714824438095,None,0.0,Short customer tenure is increasing churn risk.
14850.0,0.45092383,Purchase_Interval_Std,0.17306172847747803,Recency,0.016569549217820168,Irregular purchase behavior and long time since last purchase are increasing churn risk.
14851.0,0.5673274,Recency,0.16204257309436798,Frequency,0.14238299429416656,Long time since last purchase and low purchase frequency are increasing churn risk.
14852.0,0.19476347,Tenure,0.0011471714824438095,None,0.0,Short customer tenure is increasing churn risk.
14853.0,0.45092383,Purchase_Interval_Std,0.17306172847747803,Recency,0.016569549217820168,Irregular purchase behavior and long time since last purchase are increasing churn risk.
14854.0,0.2832919,Frequency,0.016521785408258438,None,0.0,Low purchase frequency is increasing churn risk.
14855.0,0.21596445,Tenure,0.018745340406894684,None,0.0,Short customer tenure is increasing churn risk.
14857.0,0.32858422,Recency,0.049293674528598785,None,0.0,Long time since last purchase is increasing churn risk.
14858.0,0.5584976,Monetary,0.23808424174785614,Purchase_Interval_Std,0.21122625470161438,Low historical spending and irregular purchase behavior are increasing churn risk.
14859.0,0.5432114,Purchase_Interval_Std,0.19275245070457458,Frequency,0.15249210596084595,Irregular purchase behavior and low purchase frequency are increasing churn risk.
14861.0,0.2223794,None,0.0,None,0.0,No major behavioral factor is increasing the model's churn risk.
14865.0,0.64251333,Monetary,0.32326507568359375,Purchase_Interval_Std,0.15365518629550934,Low historical spending and irregular purchase behavior are increasing churn risk.
14866.0,0.6258776,Monetary,0.35061004757881165,Purchase_Interval_Std,0.21162112057209015,Low historical spending and irregular purchase behavior are increasing churn risk.
14867.0,0.23336284,Recency,0.04673612862825394,None,0.0,Long time since last purchase is increasing churn risk.
14869.0,0.29717097,Frequency,0.015164494514465332,None,0.0,Low purchase frequency is increasing churn risk.
14870.0,0.28546873,None,0.0,None,0.0,No major behavioral factor is increasing the model's churn risk.
14871.0,0.26629078,None,0.0,None,0.0,No major behavioral factor is increasing the model's churn risk.
14872.0,0.29863888,Tenure,0.0155935138463974,Frequency,0.013972442597150803,Short customer tenure and low purchase frequency are increasing churn risk.
14873.0,0.5673274,Recency,0.16204257309436798,Frequency,0.14238299429416656,Long time since last purchase and low purchase frequency are increasing churn risk.
14874.0,0.60051006,Monetary,0.3109104037284851,Purchase_Interval_Std,0.2176630198955536,Low historical spending and irregular purchase behavior are increasing churn risk.
14876.0,0.5243245,Monetary,0.2012515366077423,Purchase_Interval_Std,0.20006915926933289,Low historical spending and irregular purchase behavior are increasing churn risk.
14877.0,0.5793413,Monetary,0.1848650574684143,Recency,0.16204257309436798,Low historical spending and long time since last purchase are increasing churn risk.
14878.0,0.20058072,Tenure,0.0011471714824438095,None,0.0,Short customer tenure is increasing churn risk.
14879.0,0.59278005,Monetary,0.21177391707897186,Recency,0.18132317066192627,Low historical spending and long time since last purchase are increasing churn risk.
14882.0,0.22547777,Tenure,0.018745340406894684,None,0.0,Short customer tenure is increasing churn risk.
14884.0,0.629411,Monetary,0.3100755512714386,Recency,0.18132317066192627,Low historical spending and long time since last purchase are increasing churn risk.
14885.0,0.5508459,Monetary,0.21423396468162537,Purchase_Interval_Std,0.20513363182544708,Low historical spending and irregular purchase behavior are increasing churn risk.
14890.0,0.46494117,Recency,0.185145765542984,Purchase_Interval_Std,0.11924552917480469,Long time since last purchase and irregular purchase behavior are increasing churn risk.
14892.0,0.5852814,Monetary,0.18688896298408508,Recency,0.18132317066192627,Low historical spending and long time since last purchase are increasing churn risk.
14893.0,0.5159062,Recency,0.1759984940290451,Frequency,0.14094135165214539,Long time since last purchase and low purchase frequency are increasing churn risk.
14894.0,0.56512016,Recency,0.16511359810829163,Monetary,0.147288978099823,Long time since last purchase and low historical spending are increasing churn risk.
14895.0,0.1926174,None,0.0,None,0.0,No major behavioral factor is increasing the model's churn risk.
14896.0,0.23137592,None,0.0,None,0.0,No major behavioral factor is increasing the model's churn risk.
14897.0,0.4613078,Recency,0.1296141892671585,Purchase_Interval_Std,0.12812843918800354,Long time since last purchase and irregular purchase behavior are increasing churn risk.
14898.0,0.2095182,None,0.0,None,0.0,No major behavioral factor is increasing the model's churn risk.
14900.0,0.6258776,Monetary,0.3364933133125305,Purchase_Interval_Std,0.20622165501117706,Low historical spending and irregular purchase behavior are increasing churn risk.
14901.0,0.5016905,Purchase_Interval_Std,0.19053399562835693,Monetary,0.17576830089092255,Irregular purchase behavior and low historical spending are increasing churn risk.
14902.0,0.5406788,Purchase_Interval_Std,0.19275245070457458,Frequency,0.15249210596084595,Irregular purchase behavior and low purchase frequency are increasing churn risk.
14905.0,0.26023102,None,0.0,None,0.0,No major behavioral factor is increasing the model's churn risk.
14907.0,0.56005794,Recency,0.14254890382289886,Monetary,0.14042308926582336,Long time since last purchase and low historical spending are increasing churn risk.
14908.0,0.6022708,Monetary,0.3374204933643341,Purchase_Interval_Std,0.22306248545646667,Low historical spending and irregular purchase behavior are increasing churn risk.
14909.0,0.42411667,Purchase_Interval_Std,0.17576822638511658,Recency,0.04894430190324783,Irregular purchase behavior and long time since last purchase are increasing churn risk.
14911.0,0.26507217,Purchase_Interval_Std,0.10818097740411758,None,0.0,Irregular purchase behavior is increasing churn risk.
14912.0,0.46178734,Purchase_Interval_Std,0.12812843918800354,Recency,0.12524449825286865,Irregular purchase behavior and long time since last purchase are increasing churn risk.
14913.0,0.47312027,Purchase_Interval_Std,0.18607911467552185,Frequency,0.15961045026779175,Irregular purchase behavior and low purchase frequency are increasing churn risk.
14915.0,0.21168412,None,0.0,None,0.0,No major behavioral factor is increasing the model's churn risk.
14916.0,0.3574475,Recency,0.16578872501850128,Tenure,0.01643776148557663,Long time since last purchase and short customer tenure are increasing churn risk.
14917.0,0.44949698,Recency,0.1848171353340149,Purchase_Interval_Std,0.12745924293994904,Long time since last purchase and irregular purchase behavior are increasing churn risk.
14918.0,0.20365085,Tenure,0.018745340406894684,None,0.0,Short customer tenure is increasing churn risk.
14919.0,0.5432114,Purchase_Interval_Std,0.19275245070457458,Frequency,0.15249210596084595,Irregular purchase behavior and low purchase frequency are increasing churn risk.
14920.0,0.4919126,Purchase_Interval_Std,0.18067964911460876,Frequency,0.15105047821998596,Irregular purchase behavior and low purchase frequency are increasing churn risk.
14922.0,0.47671506,Purchase_Interval_Std,0.18607911467552185,Frequency,0.15961045026779175,Irregular purchase behavior and low purchase frequency are increasing churn risk.
14924.0,0.47164127,Recency,0.1793961375951767,Purchase_Interval_Std,0.11924552917480469,Long time since last purchase and irregular purchase behavior are increasing churn risk.
14926.0,0.5721215,Monetary,0.18002305924892426,Purchase_Interval_Std,0.15142519772052765,Low historical spending and irregular purchase behavior are increasing churn risk.
14928.0,0.5793413,Monetary,0.18002305924892426,Recency,0.16204257309436798,Low historical spending and long time since last purchase are increasing churn risk.
14930.0,0.2779036,Tenure,0.013822946697473526,Frequency,0.013473395258188248,Short customer tenure and low purchase frequency are increasing churn risk.
14935.0,0.49834266,Recency,0.2149581015110016,Frequency,0.16751216351985931,Long time since last purchase and low purchase frequency are increasing churn risk.
14936.0,0.44210705,Purchase_Interval_Std,0.15637698769569397,Recency,0.11629843711853027,Irregular purchase behavior and long time since last purchase are increasing churn risk.
14938.0,0.4303596,Purchase_Interval_Std,0.18328595161437988,Recency,0.04894430190324783,Irregular purchase behavior and long time since last purchase are increasing churn risk.
14940.0,0.5905226,Monetary,0.21177391707897186,Recency,0.17835363745689392,Low historical spending and long time since last purchase are increasing churn risk.
14941.0,0.57253,Monetary,0.2062385380268097,Purchase_Interval_Std,0.18476136028766632,Low historical spending and irregular purchase behavior are increasing churn risk.
14942.0,0.4608561,Recency,0.26553165912628174,Monetary,0.1537349671125412,Long time since last purchase and low historical spending are increasing churn risk.
14943.0,0.6316153,Monetary,0.3100755512714386,Recency,0.17617933452129364,Low historical spending and long time since last purchase are increasing churn risk.
14944.0,0.257585,None,0.0,None,0.0,No major behavioral factor is increasing the model's churn risk.
14947.0,0.35096306,Tenure,0.006143640261143446,None,0.0,Short customer tenure is increasing churn risk.
14949.0,0.32822627,Monetary,0.014216579496860504,Tenure,0.00010959382052533329,Low historical spending and short customer tenure are increasing churn risk.
14952.0,0.1926174,None,0.0,None,0.0,No major behavioral factor is increasing the model's churn risk.
14954.0,0.59278005,Monetary,0.21177391707897186,Recency,0.18132317066192627,Low historical spending and long time since last purchase are increasing churn risk.
14955.0,0.5964266,Monetary,0.23220308125019073,Recency,0.17835363745689392,Low historical spending and long time since last purchase are increasing churn risk.
14957.0,0.5714811,Recency,0.16204257309436798,Monetary,0.15899191796779633,Long time since last purchase and low historical spending are increasing churn risk.
14958.0,0.44163612,Recency,0.290476530790329,None,0.0,Long time since last purchase is increasing churn risk.
14961.0,0.20301208,None,0.0,None,0.0,No major behavioral factor is increasing the model's churn risk.
14962.0,0.43372187,Monetary,0.19382616877555847,AOV,0.18452557921409607,Low historical spending and low average order value are increasing churn risk.
14963.0,0.5562555,Monetary,0.217612162232399,Purchase_Interval_Std,0.2041287124156952,Low historical spending and irregular purchase behavior are increasing churn risk.
14966.0,0.52999,Recency,0.1803511083126068,Monetary,0.14842329919338226,Long time since last purchase and low historical spending are increasing churn risk.
14967.0,0.44557476,Recency,0.21438933908939362,Purchase_Interval_Std,0.12049528956413269,Long time since last purchase and irregular purchase behavior are increasing churn risk.
14968.0,0.5386663,Purchase_Interval_Std,0.19815191626548767,Monetary,0.17463397979736328,Irregular purchase behavior and low historical spending are increasing churn risk.
14969.0,0.4937494,Recency,0.22739526629447937,Frequency,0.16870421171188354,Long time since last purchase and low purchase frequency are increasing churn risk.
14970.0,0.23572925,Recency,0.05193660408258438,Tenure,0.0011471714824438095,Long time since last purchase and short customer tenure are increasing churn risk.
14977.0,0.65014994,Monetary,0.32326507568359375,Recency,0.16916228830814362,Low historical spending and long time since last purchase are increasing churn risk.
14978.0,0.26517236,Tenure,0.02022772654891014,None,0.0,Short customer tenure is increasing churn risk.
14979.0,0.5632932,Recency,0.16839250922203064,Frequency,0.1435750424861908,Long time since last purchase and low purchase frequency are increasing churn risk.
14980.0,0.59593123,Monetary,0.24802418053150177,Recency,0.16511359810829163,Low historical spending and long time since last purchase are increasing churn risk.
14982.0,0.5553701,Monetary,0.18051978945732117,Purchase_Interval_Std,0.1805184930562973,Low historical spending and irregular purchase behavior are increasing churn risk.
14983.0,0.59278005,Monetary,0.21177391707897186,Recency,0.18132317066192627,Low historical spending and long time since last purchase are increasing churn risk.
14984.0,0.36072865,Recency,0.016918927431106567,Tenure,0.0013016442535445094,Long time since last purchase and short customer tenure are increasing churn risk.
14986.0,0.57331216,Recency,0.18132317066192627,Monetary,0.147288978099823,Long time since last purchase and low historical spending are increasing churn risk.
14987.0,0.43524197,Recency,0.3429853320121765,None,0.0,Long time since last purchase is increasing churn risk.
14988.0,0.46178734,Purchase_Interval_Std,0.15367048978805542,Recency,0.08193389326334,Irregular purchase behavior and long time since last purchase are increasing churn risk.
14989.0,0.57331216,Recency,0.18132317066192627,Monetary,0.147288978099823,Long time since last purchase and low historical spending are increasing churn risk.
14990.0,0.52390224,Recency,0.16107049584388733,Monetary,0.1463993936777115,Long time since last purchase and low historical spending are increasing churn risk.
14993.0,0.63015354,Monetary,0.31689584255218506,Purchase_Interval_Std,0.20622165501117706,Low historical spending and irregular purchase behavior are increasing churn risk.
14994.0,0.5135366,Purchase_Interval_Std,0.16574329137802124,Monetary,0.1428879350423813,Irregular purchase behavior and low historical spending are increasing churn risk.
14996.0,0.4972824,Purchase_Interval_Std,0.19053399562835693,Monetary,0.15995799005031586,Irregular purchase behavior and low historical spending are increasing churn risk.
14997.0,0.5852814,Monetary,0.18688896298408508,Recency,0.18132317066192627,Low historical spending and long time since last purchase are increasing churn risk.
14998.0,0.6216389,Monetary,0.3032096326351166,Purchase_Interval_Std,0.16384682059288025,Low historical spending and irregular purchase behavior are increasing churn risk.
14999.0,0.61182463,Monetary,0.30063626170158386,Purchase_Interval_Std,0.1727297455072403,Low historical spending and irregular purchase behavior are increasing churn risk.
15002.0,0.21458939,Tenure,0.0011471714824438095,None,0.0,Short customer tenure is increasing churn risk.
15003.0,0.22221087,Tenure,0.0011471714824438095,None,0.0,Short customer tenure is increasing churn risk.
15005.0,0.1926174,None,0.0,None,0.0,No major behavioral factor is increasing the model's churn risk.
15008.0,0.49913996,Purchase_Interval_Std,0.19053399562835693,Monetary,0.17223027348518372,Irregular purchase behavior and low historical spending are increasing churn risk.
15012.0,0.56153464,Purchase_Interval_Std,0.17866872251033783,Monetary,0.17744354903697968,Irregular purchase behavior and low historical spending are increasing churn risk.
15013.0,0.20680419,Tenure,0.0011471714824438095,None,0.0,Short customer tenure is increasing churn risk.
15015.0,0.19838634,None,0.0,None,0.0,No major behavioral factor is increasing the model's churn risk.
15016.0,0.5955695,Monetary,0.3037063181400299,Purchase_Interval_Std,0.21374467015266418,Low historical spending and irregular purchase behavior are increasing churn risk.
15021.0,0.5508459,Monetary,0.21423396468162537,Purchase_Interval_Std,0.20513363182544708,Low historical spending and irregular purchase behavior are increasing churn risk.
15022.0,0.57745117,Recency,0.18132317066192627,Monetary,0.1610158234834671,Long time since last purchase and low historical spending are increasing churn risk.
15023.0,0.19772062,Tenure,0.0011471714824438095,None,0.0,Short customer tenure is increasing churn risk.
15025.0,0.4919126,Purchase_Interval_Std,0.18067964911460876,Frequency,0.15105047821998596,Irregular purchase behavior and low purchase frequency are increasing churn risk.
15027.0,0.31444335,Recency,0.0801490843296051,Tenure,0.0155935138463974,Long time since last purchase and short customer tenure are increasing churn risk.
15029.0,0.5673274,Recency,0.165321484208107,Frequency,0.14238299429416656,Long time since last purchase and low purchase frequency are increasing churn risk.
15030.0,0.32858422,Recency,0.051092371344566345,None,0.0,Long time since last purchase is increasing churn risk.
15031.0,0.25775358,Recency,0.11557724326848984,None,0.0,Long time since last purchase is increasing churn risk.
15032.0,0.26830426,Frequency,0.01544421911239624,None,0.0,Low purchase frequency is increasing churn risk.
15034.0,0.40981635,Purchase_Interval_Std,0.17576822638511658,Frequency,0.03815743327140808,Irregular purchase behavior and low purchase frequency are increasing churn risk.
15039.0,0.1926174,None,0.0,None,0.0,No major behavioral factor is increasing the model's churn risk.
15040.0,0.63015354,Monetary,0.31981757283210754,Purchase_Interval_Std,0.20622165501117706,Low historical spending and irregular purchase behavior are increasing churn risk.
15042.0,0.57968724,Monetary,0.20490801334381104,Purchase_Interval_Std,0.160893514752388,Low historical spending and irregular purchase behavior are increasing churn risk.
15043.0,0.23045555,Tenure,0.08169133961200714,None,0.0,Short customer tenure is increasing churn risk.
15044.0,0.20591827,None,0.0,None,0.0,No major behavioral factor is increasing the model's churn risk.
15046.0,0.20058072,Tenure,0.0011471714824438095,None,0.0,Short customer tenure is increasing churn risk.
15050.0,0.43318623,Purchase_Interval_Std,0.1887855976819992,Frequency,0.1861812323331833,Irregular purchase behavior and low purchase frequency are increasing churn risk.
15051.0,0.27219662,None,0.0,None,0.0,No major behavioral factor is increasing the model's churn risk.
15055.0,0.32908955,Monetary,0.0024248724803328514,Tenure,0.00010959382052533329,Low historical spending and short customer tenure are increasing churn risk.
15056.0,0.59350455,Monetary,0.32749173045158386,Purchase_Interval_Std,0.21564653515815735,Low historical spending and irregular purchase behavior are increasing churn risk.
15057.0,0.4435344,Recency,0.2077799141407013,Purchase_Interval_Std,0.12195201963186264,Long time since last purchase and irregular purchase behavior are increasing churn risk.
15058.0,0.30100584,Frequency,0.010747678577899933,None,0.0,Low purchase frequency is increasing churn risk.
15059.0,0.2076267,None,0.0,None,0.0,No major behavioral factor is increasing the model's churn risk.
15061.0,0.1926174,None,0.0,None,0.0,No major behavioral factor is increasing the model's churn risk.
15062.0,0.2955656,Tenure,0.0155935138463974,Frequency,0.013972442597150803,Short customer tenure and low purchase frequency are increasing churn risk.
15064.0,0.29028162,Frequency,0.015164494514465332,None,0.0,Low purchase frequency is increasing churn risk.
15067.0,0.49410567,Recency,0.20265717804431915,Frequency,0.16167914867401123,Long time since last purchase and low purchase frequency are increasing churn risk.
15068.0,0.5673274,Recency,0.16204257309436798,Frequency,0.14238299429416656,Long time since last purchase and low purchase frequency are increasing churn risk.
15070.0,0.4613078,Recency,0.1296141892671585,Purchase_Interval_Std,0.12812843918800354,Long time since last purchase and irregular purchase behavior are increasing churn risk.
15071.0,0.56614053,Monetary,0.21642036736011505,Purchase_Interval_Std,0.2058267891407013,Low historical spending and irregular purchase behavior are increasing churn risk.
15072.0,0.5584976,Monetary,0.23911890387535095,Purchase_Interval_Std,0.21122625470161438,Low historical spending and irregular purchase behavior are increasing churn risk.
15073.0,0.4587889,Recency,0.1600494682788849,Purchase_Interval_Std,0.12475276738405228,Long time since last purchase and irregular purchase behavior are increasing churn risk.
15074.0,0.53613,Purchase_Interval_Std,0.19815191626548767,Monetary,0.1662539690732956,Irregular purchase behavior and low historical spending are increasing churn risk.
15076.0,0.4399365,Purchase_Interval_Std,0.1784611940383911,Tenure,0.013345982879400253,Irregular purchase behavior and short customer tenure are increasing churn risk.
15077.0,0.38242462,Purchase_Interval_Std,0.18868541717529297,Frequency,0.041714075952768326,Irregular purchase behavior and low purchase frequency are increasing churn risk.
15078.0,0.1926174,None,0.0,None,0.0,No major behavioral factor is increasing the model's churn risk.
15079.0,0.20301208,None,0.0,None,0.0,No major behavioral factor is increasing the model's churn risk.
15080.0,0.53613,Purchase_Interval_Std,0.19815191626548767,Monetary,0.1662539690732956,Irregular purchase behavior and low historical spending are increasing churn risk.
15081.0,0.26517236,Tenure,0.02022772654891014,None,0.0,Short customer tenure is increasing churn risk.
15082.0,0.65014994,Monetary,0.32326507568359375,Recency,0.16916228830814362,Low historical spending and long time since last purchase are increasing churn risk.
15084.0,0.5673274,Recency,0.16204257309436798,Monetary,0.14526508748531342,Long time since last purchase and low historical spending are increasing churn risk.
15085.0,0.57331216,Recency,0.18132317066192627,Monetary,0.147288978099823,Long time since last purchase and low historical spending are increasing churn risk.
15086.0,0.530717,Purchase_Interval_Std,0.20006915926933289,Monetary,0.18165411055088043,Irregular purchase behavior and low historical spending are increasing churn risk.
15091.0,0.47641292,Recency,0.19070018827915192,Purchase_Interval_Std,0.12236344814300537,Long time since last purchase and irregular purchase behavior are increasing churn risk.
15092.0,0.5386663,Purchase_Interval_Std,0.19815191626548767,Monetary,0.17463397979736328,Irregular purchase behavior and low historical spending are increasing churn risk.
15093.0,0.1926174,None,0.0,None,0.0,No major behavioral factor is increasing the model's churn risk.
15094.0,0.59972733,Monetary,0.35658636689186096,Purchase_Interval_Std,0.2040032148361206,Low historical spending and irregular purchase behavior are increasing churn risk.
15095.0,0.26933506,None,0.0,None,0.0,No major behavioral factor is increasing the model's churn risk.
15097.0,0.4613078,Purchase_Interval_Std,0.15367048978805542,Recency,0.08630359172821045,Irregular purchase behavior and long time since last purchase are increasing churn risk.
15100.0,0.5852814,Monetary,0.18688896298408508,Recency,0.18132317066192627,Low historical spending and long time since last purchase are increasing churn risk.
15101.0,0.27823296,Tenure,0.02022772654891014,None,0.0,Short customer tenure is increasing churn risk.
15102.0,0.45092383,Purchase_Interval_Std,0.17306172847747803,Tenure,0.01110844686627388,Irregular purchase behavior and short customer tenure are increasing churn risk.
15105.0,0.5673274,Recency,0.16204257309436798,Frequency,0.14238299429416656,Long time since last purchase and low purchase frequency are increasing churn risk.
15109.0,0.45464858,Purchase_Interval_Std,0.15012812614440918,Recency,0.07205136120319366,Irregular purchase behavior and long time since last purchase are increasing churn risk.
15110.0,0.5386663,Purchase_Interval_Std,0.19815191626548767,Monetary,0.17463397979736328,Irregular purchase behavior and low historical spending are increasing churn risk.
15111.0,0.55494606,Purchase_Interval_Std,0.1478191763162613,Monetary,0.13784970343112946,Irregular purchase behavior and low historical spending are increasing churn risk.
15112.0,0.5793413,Monetary,0.18002305924892426,Recency,0.16204257309436798,Low historical spending and long time since last purchase are increasing churn risk.
15115.0,0.58832324,Monetary,0.20438392460346222,Recency,0.17835363745689392,Low historical spending and long time since last purchase are increasing churn risk.
15117.0,0.52390224,Recency,0.16434940695762634,Monetary,0.14312049746513367,Long time since last purchase and low historical spending are increasing churn risk.
15122.0,0.20966442,Tenure,0.018745340406894684,None,0.0,Short customer tenure is increasing churn risk.
15123.0,0.5159062,Recency,0.1759984940290451,Frequency,0.14094135165214539,Long time since last purchase and low purchase frequency are increasing churn risk.
15124.0,0.51359314,Purchase_Interval_Std,0.19968484342098236,Monetary,0.1943371295928955,Irregular purchase behavior and low historical spending are increasing churn risk.
15125.0,0.19879577,Tenure,0.018745340406894684,None,0.0,Short customer tenure is increasing churn risk.
15126.0,0.45248634,Purchase_Interval_Std,0.17306172847747803,Frequency,0.004881128203123808,Irregular purchase behavior and low purchase frequency are increasing churn risk.
15127.0,0.5386663,Purchase_Interval_Std,0.19275245070457458,Monetary,0.16470520198345184,Irregular purchase behavior and low historical spending are increasing churn risk.
15129.0,0.19879577,Tenure,0.018745340406894684,None,0.0,Short customer tenure is increasing churn risk.
15133.0,0.47893348,Purchase_Interval_Std,0.18067964911460876,Frequency,0.15961045026779175,Irregular purchase behavior and low purchase frequency are increasing churn risk.
15135.0,0.56614053,Monetary,0.21642036736011505,Purchase_Interval_Std,0.2058267891407013,Low historical spending and irregular purchase behavior are increasing churn risk.
15137.0,0.4001565,Purchase_Interval_Std,0.17306172847747803,Frequency,0.04279164597392082,Irregular purchase behavior and low purchase frequency are increasing churn risk.
15141.0,0.21415877,Tenure,0.018745340406894684,None,0.0,Short customer tenure is increasing churn risk.
15142.0,0.39721668,Purchase_Interval_Std,0.18116769194602966,Frequency,0.03591989725828171,Irregular purchase behavior and low purchase frequency are increasing churn risk.
15144.0,0.19554989,None,0.0,None,0.0,No major behavioral factor is increasing the model's churn risk.
15149.0,0.35277116,Recency,0.19364897906780243,None,0.0,Long time since last purchase is increasing churn risk.
15150.0,0.2831146,Tenure,0.02022772654891014,Frequency,0.007068617269396782,Short customer tenure and low purchase frequency are increasing churn risk.
15151.0,0.4402915,Purchase_Interval_Std,0.18623147904872894,Frequency,0.1861812323331833,Irregular purchase behavior and low purchase frequency are increasing churn risk.
15152.0,0.52020276,Recency,0.19167225062847137,Frequency,0.14213339984416962,Long time since last purchase and low purchase frequency are increasing churn risk.
15154.0,0.39721668,Purchase_Interval_Std,0.18116769194602966,Frequency,0.03591989725828171,Irregular purchase behavior and low purchase frequency are increasing churn risk.
15157.0,0.44656685,Purchase_Interval_Std,0.17306172847747803,Recency,0.032301612198352814,Irregular purchase behavior and long time since last purchase are increasing churn risk.
15162.0,0.57102484,Recency,0.17835363745689392,Monetary,0.147288978099823,Long time since last purchase and low historical spending are increasing churn risk.
15164.0,0.30877164,Tenure,0.0013016442535445094,None,0.0,Short customer tenure is increasing churn risk.
15166.0,0.5584976,Monetary,0.23911890387535095,Purchase_Interval_Std,0.21122625470161438,Low historical spending and irregular purchase behavior are increasing churn risk.
15167.0,0.5130012,Recency,0.20179156959056854,Frequency,0.14094135165214539,Long time since last purchase and low purchase frequency are increasing churn risk.
15169.0,0.57331216,Recency,0.18132317066192627,Monetary,0.147288978099823,Long time since last purchase and low historical spending are increasing churn risk.
15173.0,0.25567728,Recency,0.04503363370895386,Tenure,0.018745340406894684,Long time since last purchase and short customer tenure are increasing churn risk.
15176.0,0.4937494,Recency,0.22739526629447937,Frequency,0.16751216351985931,Long time since last purchase and low purchase frequency are increasing churn risk.
15179.0,0.21333754,None,0.0,None,0.0,No major behavioral factor is increasing the model's churn risk.
15180.0,0.5049187,Purchase_Interval_Std,0.16128841042518616,Frequency,0.1488826423883438,Irregular purchase behavior and low purchase frequency are increasing churn risk.
15181.0,0.5964266,Monetary,0.23220308125019073,Recency,0.17835363745689392,Low historical spending and long time since last purchase are increasing churn risk.
15182.0,0.27219662,None,0.0,None,0.0,No major behavioral factor is increasing the model's churn risk.
15183.0,0.426031,Purchase_Interval_Std,0.10547453910112381,Recency,0.02335762418806553,Irregular purchase behavior and long time since last purchase are increasing churn risk.
15184.0,0.629411,Monetary,0.3100755512714386,Recency,0.18132317066192627,Low historical spending and long time since last purchase are increasing churn risk.
15186.0,0.2832919,Frequency,0.016521785408258438,None,0.0,Low purchase frequency is increasing churn risk.
15188.0,0.57331216,Recency,0.18132317066192627,Monetary,0.147288978099823,Long time since last purchase and low historical spending are increasing churn risk.
15189.0,0.49913996,Purchase_Interval_Std,0.19053399562835693,Monetary,0.16738829016685486,Irregular purchase behavior and low historical spending are increasing churn risk.
15191.0,0.344135,Monetary,0.0024248724803328514,Tenure,0.0013016442535445094,Low historical spending and short customer tenure are increasing churn risk.
15192.0,0.4548296,Purchase_Interval_Std,0.15199629962444305,Recency,0.06091095507144928,Irregular purchase behavior and long time since last purchase are increasing churn risk.
15194.0,0.20536703,None,0.0,None,0.0,No major behavioral factor is increasing the model's churn risk.
15196.0,0.60015917,Monetary,0.23220308125019073,Recency,0.18132317066192627,Low historical spending and long time since last purchase are increasing churn risk.
15197.0,0.629411,Monetary,0.3100755512714386,Recency,0.18132317066192627,Low historical spending and long time since last purchase are increasing churn risk.
15198.0,0.5487836,Monetary,0.18599937856197357,Recency,0.1559266597032547,Low historical spending and long time since last purchase are increasing churn risk.
15199.0,0.26517236,Tenure,0.02022772654891014,None,0.0,Short customer tenure is increasing churn risk.
15200.0,0.47671506,Purchase_Interval_Std,0.18607911467552185,Frequency,0.15961045026779175,Irregular purchase behavior and low purchase frequency are increasing churn risk.
15201.0,0.5673274,Recency,0.16204257309436798,Frequency,0.14238299429416656,Long time since last purchase and low purchase frequency are increasing churn risk.
15203.0,0.20138475,None,0.0,None,0.0,No major behavioral factor is increasing the model's churn risk.
15207.0,0.5406788,Purchase_Interval_Std,0.19275245070457458,Frequency,0.15249210596084595,Irregular purchase behavior and low purchase frequency are increasing churn risk.
15209.0,0.59278005,Monetary,0.21177391707897186,Recency,0.18132317066192627,Low historical spending and long time since last purchase are increasing churn risk.
15210.0,0.5475981,Purchase_Interval_Std,0.1716870218515396,Frequency,0.14977703988552094,Irregular purchase behavior and low purchase frequency are increasing churn risk.
15215.0,0.46178734,Purchase_Interval_Std,0.15367048978805542,Recency,0.08193389326334,Irregular purchase behavior and long time since last purchase are increasing churn risk.
15216.0,0.5673274,Recency,0.165321484208107,Frequency,0.14238299429416656,Long time since last purchase and low purchase frequency are increasing churn risk.
15217.0,0.5406788,Purchase_Interval_Std,0.19275245070457458,Frequency,0.15249210596084595,Irregular purchase behavior and low purchase frequency are increasing churn risk.
15218.0,0.19476347,Tenure,0.0011471714824438095,None,0.0,Short customer tenure is increasing churn risk.
15219.0,0.5673274,Recency,0.165321484208107,Frequency,0.14238299429416656,Long time since last purchase and low purchase frequency are increasing churn risk.
15221.0,0.4383694,Recency,0.16658024489879608,Purchase_Interval_Std,0.12812843918800354,Long time since last purchase and irregular purchase behavior are increasing churn risk.
15222.0,0.1926174,None,0.0,None,0.0,No major behavioral factor is increasing the model's churn risk.
15223.0,0.4459002,Recency,0.35092607140541077,None,0.0,Long time since last purchase is increasing churn risk.
15224.0,0.34830204,Tenure,0.0013016442535445094,None,0.0,Short customer tenure is increasing churn risk.
15227.0,0.2885004,Tenure,0.0155935138463974,Frequency,0.01556188054382801,Short customer tenure and low purchase frequency are increasing churn risk.
15228.0,0.43318623,Purchase_Interval_Std,0.1887855976819992,Frequency,0.1861812323331833,Irregular purchase behavior and low purchase frequency are increasing churn risk.
15229.0,0.58210635,Monetary,0.22666770219802856,Purchase_Interval_Std,0.18874268233776093,Low historical spending and irregular purchase behavior are increasing churn risk.
15231.0,0.5793413,Monetary,0.18002305924892426,Recency,0.16204257309436798,Low historical spending and long time since last purchase are increasing churn risk.
15240.0,0.32138085,Recency,0.019311098381876945,Frequency,0.003277551382780075,Long time since last purchase and low purchase frequency are increasing churn risk.
15241.0,0.42411667,Purchase_Interval_Std,0.17576822638511658,Recency,0.05074299871921539,Irregular purchase behavior and long time since last purchase are increasing churn risk.
15244.0,0.57745117,Recency,0.18132317066192627,Monetary,0.1610158234834671,Long time since last purchase and low historical spending are increasing churn risk.
15245.0,0.26517236,Tenure,0.02022772654891014,None,0.0,Short customer tenure is increasing churn risk.
15246.0,0.54741186,Purchase_Interval_Std,0.19596685469150543,Monetary,0.1546466052532196,Irregular purchase behavior and low historical spending are increasing churn risk.
15247.0,0.43638772,Purchase_Interval_Std,0.1784611940383911,Frequency,0.011586634442210197,Irregular purchase behavior and low purchase frequency are increasing churn risk.
15248.0,0.39721668,Purchase_Interval_Std,0.18116769194602966,Frequency,0.033935658633708954,Irregular purchase behavior and low purchase frequency are increasing churn risk.
15249.0,0.2705933,Tenure,0.0155935138463974,None,0.0,Short customer tenure is increasing churn risk.
15250.0,0.6445749,Monetary,0.32124119997024536,Purchase_Interval_Std,0.15240545570850372,Low historical spending and irregular purchase behavior are increasing churn risk.
15251.0,0.19476347,Tenure,0.0011471714824438095,None,0.0,Short customer tenure is increasing churn risk.
15252.0,0.43751025,Purchase_Interval_Std,0.1547027975320816,Recency,0.10315367579460144,Irregular purchase behavior and long time since last purchase are increasing churn risk.
15253.0,0.40981635,Purchase_Interval_Std,0.17576822638511658,Frequency,0.03815743327140808,Irregular purchase behavior and low purchase frequency are increasing churn risk.
15254.0,0.4303596,Purchase_Interval_Std,0.17306172847747803,Recency,0.05074299871921539,Irregular purchase behavior and long time since last purchase are increasing churn risk.
15255.0,0.27592054,None,0.0,None,0.0,No major behavioral factor is increasing the model's churn risk.
15256.0,0.63015354,Monetary,0.31689584255218506,Purchase_Interval_Std,0.20622165501117706,Low historical spending and irregular purchase behavior are increasing churn risk.
15259.0,0.28546873,None,0.0,None,0.0,No major behavioral factor is increasing the model's churn risk.
15260.0,0.1926174,None,0.0,None,0.0,No major behavioral factor is increasing the model's churn risk.
15262.0,0.5961112,Monetary,0.3374204933643341,Purchase_Interval_Std,0.22306248545646667,Low historical spending and irregular purchase behavior are increasing churn risk.
15264.0,0.49239483,Purchase_Interval_Std,0.18067964911460876,Frequency,0.15489086508750916,Irregular purchase behavior and low purchase frequency are increasing churn risk.
15265.0,0.44334823,Recency,0.21101650595664978,Purchase_Interval_Std,0.12760156393051147,Long time since last purchase and irregular purchase behavior are increasing churn risk.
15266.0,0.53208107,Recency,0.1803511083126068,Monetary,0.14842329919338226,Long time since last purchase and low historical spending are increasing churn risk.
15268.0,0.3025269,Frequency,0.015743011608719826,Tenure,0.013822946697473526,Low purchase frequency and short customer tenure are increasing churn risk.
15270.0,0.36321372,Recency,0.4972721040248871,None,0.0,Long time since last purchase is increasing churn risk.
15271.0,0.2885004,Tenure,0.022465260699391365,Frequency,0.009650038555264473,Short customer tenure and low purchase frequency are increasing churn risk.
15272.0,0.29688436,Frequency,0.016521785408258438,None,0.0,Low purchase frequency is increasing churn risk.
15273.0,0.5721215,Monetary,0.18002305924892426,Purchase_Interval_Std,0.15142519772052765,Low historical spending and irregular purchase behavior are increasing churn risk.
15278.0,0.3572504,Recency,0.04777432233095169,Monetary,0.0027428630273789167,Long time since last purchase and low historical spending are increasing churn risk.
15279.0,0.2932764,Frequency,0.013972442597150803,None,0.0,Low purchase frequency is increasing churn risk.
15280.0,0.50378954,Purchase_Interval_Std,0.1920502632856369,Monetary,0.17576830089092255,Irregular purchase behavior and low historical spending are increasing churn risk.
15282.0,0.5432114,Purchase_Interval_Std,0.19275245070457458,Frequency,0.15249210596084595,Irregular purchase behavior and low purchase frequency are increasing churn risk.
15283.0,0.59972733,Monetary,0.3517443537712097,Purchase_Interval_Std,0.2040032148361206,Low historical spending and irregular purchase behavior are increasing churn risk.
15284.0,0.6258776,Monetary,0.35061004757881165,Purchase_Interval_Std,0.21162112057209015,Low historical spending and irregular purchase behavior are increasing churn risk.
15287.0,0.64251333,Monetary,0.32326507568359375,Purchase_Interval_Std,0.15365518629550934,Low historical spending and irregular purchase behavior are increasing churn risk.
15288.0,0.44117197,Recency,0.1691405326128006,Purchase_Interval_Std,0.12812843918800354,Long time since last purchase and irregular purchase behavior are increasing churn risk.
15289.0,0.43638772,Purchase_Interval_Std,0.1784611940383911,Frequency,0.01622084341943264,Irregular purchase behavior and low purchase frequency are increasing churn risk.
15290.0,0.2139863,Tenure,0.0011471714824438095,None,0.0,Short customer tenure is increasing churn risk.
15291.0,0.1926174,None,0.0,None,0.0,No major behavioral factor is increasing the model's churn risk.
15293.0,0.5852814,Monetary,0.18688896298408508,Recency,0.18132317066192627,Low historical spending and long time since last purchase are increasing churn risk.
15295.0,0.5852814,Monetary,0.18688896298408508,Recency,0.18132317066192627,Low historical spending and long time since last purchase are increasing churn risk.
15296.0,0.257585,None,0.0,None,0.0,No major behavioral factor is increasing the model's churn risk.
15298.0,0.1926174,None,0.0,None,0.0,No major behavioral factor is increasing the model's churn risk.
15299.0,0.51201355,Recency,0.20586416125297546,Frequency,0.14094135165214539,Long time since last purchase and low purchase frequency are increasing churn risk.
15302.0,0.57331216,Recency,0.18132317066192627,Monetary,0.147288978099823,Long time since last purchase and low historical spending are increasing churn risk.
15303.0,0.4504461,Purchase_Interval_Std,0.17306172847747803,Recency,0.020939243957400322,Irregular purchase behavior and long time since last purchase are increasing churn risk.
15305.0,0.63015354,Monetary,0.31689584255218506,Purchase_Interval_Std,0.20622165501117706,Low historical spending and irregular purchase behavior are increasing churn risk.
15306.0,0.20546821,Tenure,0.0011471714824438095,None,0.0,Short customer tenure is increasing churn risk.
15309.0,0.4216298,Recency,0.41313469409942627,None,0.0,Long time since last purchase is increasing churn risk.
15310.0,0.43318623,Purchase_Interval_Std,0.1887855976819992,Frequency,0.1861812323331833,Irregular purchase behavior and low purchase frequency are increasing churn risk.
15311.0,0.26507217,Purchase_Interval_Std,0.10818097740411758,None,0.0,Irregular purchase behavior is increasing churn risk.
15312.0,0.3098658,Recency,0.2573024034500122,None,0.0,Long time since last purchase is increasing churn risk.
15317.0,0.629411,Monetary,0.3100755512714386,Recency,0.18132317066192627,Low historical spending and long time since last purchase are increasing churn risk.
15321.0,0.25907943,Recency,0.12994246184825897,Tenure,0.0011471714824438095,Long time since last purchase and short customer tenure are increasing churn risk.
15322.0,0.462216,Purchase_Interval_Std,0.18607911467552185,Frequency,0.15961045026779175,Irregular purchase behavior and low purchase frequency are increasing churn risk.
15323.0,0.4746046,Monetary,0.14070263504981995,Purchase_Interval_Std,0.1190635934472084,Low historical spending and irregular purchase behavior are increasing churn risk.
15324.0,0.6246044,Monetary,0.3100755512714386,Recency,0.18132317066192627,Low historical spending and long time since last purchase are increasing churn risk.
15325.0,0.2139863,Tenure,0.0011471714824438095,None,0.0,Short customer tenure is increasing churn risk.
15326.0,0.4091448,Recency,0.41637128591537476,None,0.0,Long time since last purchase is increasing churn risk.
15329.0,0.27927718,Recency,0.11387474089860916,None,0.0,Long time since last purchase is increasing churn risk.
15331.0,0.31039307,Tenure,0.0155935138463974,Frequency,0.010747678577899933,Short customer tenure and low purchase frequency are increasing churn risk.
15332.0,0.44248372,Frequency,0.1861812323331833,Purchase_Interval_Std,0.18338613212108612,Low purchase frequency and irregular purchase behavior are increasing churn risk.
15338.0,0.57745117,Recency,0.18132317066192627,Monetary,0.1610158234834671,Long time since last purchase and low historical spending are increasing churn risk.
15339.0,0.344135,Monetary,0.0024248724803328514,Tenure,0.0013016442535445094,Low historical spending and short customer tenure are increasing churn risk.
15340.0,0.60664684,Monetary,0.3037063181400299,Purchase_Interval_Std,0.2176630198955536,Low historical spending and irregular purchase behavior are increasing churn risk.
15352.0,0.60051006,Monetary,0.3037063181400299,Purchase_Interval_Std,0.2176630198955536,Low historical spending and irregular purchase behavior are increasing churn risk.
15353.0,0.27592054,None,0.0,None,0.0,No major behavioral factor is increasing the model's churn risk.
15354.0,0.57269156,Recency,0.17967675626277924,Monetary,0.15723001956939697,Long time since last purchase and low historical spending are increasing churn risk.
15358.0,0.1926174,None,0.0,None,0.0,No major behavioral factor is increasing the model's churn risk.
15359.0,0.53011775,Recency,0.4359690546989441,Monetary,0.23931778967380524,Long time since last purchase and low historical spending are increasing churn risk.
15361.0,0.5313861,Monetary,0.1981848031282425,AOV,0.1662360429763794,Low historical spending and low average order value are increasing churn risk.
15362.0,0.56512016,Recency,0.16511359810829163,Monetary,0.147288978099823,Long time since last purchase and low historical spending are increasing churn risk.
15363.0,0.5386663,Purchase_Interval_Std,0.19815191626548767,Monetary,0.17463397979736328,Irregular purchase behavior and low historical spending are increasing churn risk.
15365.0,0.27592054,None,0.0,None,0.0,No major behavioral factor is increasing the model's churn risk.
15366.0,0.38879168,Purchase_Interval_Std,0.0596848763525486,Recency,0.05039803683757782,Irregular purchase behavior and long time since last purchase are increasing churn risk.
15367.0,0.20724332,None,0.0,None,0.0,No major behavioral factor is increasing the model's churn risk.
15369.0,0.19791059,None,0.0,None,0.0,No major behavioral factor is increasing the model's churn risk.
15371.0,0.65014994,Monetary,0.32326507568359375,Recency,0.16916228830814362,Low historical spending and long time since last purchase are increasing churn risk.
15372.0,0.20951004,Tenure,0.0011471714824438095,None,0.0,Short customer tenure is increasing churn risk.
15373.0,0.31083933,Tenure,0.010777851566672325,Monetary,0.009374581277370453,Short customer tenure and low historical spending are increasing churn risk.
15374.0,0.6188608,Monetary,0.3032096326351166,Recency,0.16204257309436798,Low historical spending and long time since last purchase are increasing churn risk.
15375.0,0.65014994,Monetary,0.32326507568359375,Recency,0.16916228830814362,Low historical spending and long time since last purchase are increasing churn risk.
15378.0,0.5243245,Monetary,0.21536828577518463,Purchase_Interval_Std,0.20546863973140717,Low historical spending and irregular purchase behavior are increasing churn risk.
15380.0,0.27242908,Recency,0.12474200874567032,None,0.0,Long time since last purchase is increasing churn risk.
15381.0,0.4273013,Purchase_Interval_Std,0.17576822638511658,Recency,0.03977953642606735,Irregular purchase behavior and long time since last purchase are increasing churn risk.
15382.0,0.40183917,Recency,0.1281391978263855,Purchase_Interval_Std,0.09393564611673355,Long time since last purchase and irregular purchase behavior are increasing churn risk.
15384.0,0.55912626,Monetary,0.15157653391361237,Purchase_Interval_Std,0.15103356540203094,Low historical spending and irregular purchase behavior are increasing churn risk.
15385.0,0.57331216,Recency,0.18132317066192627,Monetary,0.147288978099823,Long time since last purchase and low historical spending are increasing churn risk.
15387.0,0.47671506,Purchase_Interval_Std,0.18607911467552185,Frequency,0.15961045026779175,Irregular purchase behavior and low purchase frequency are increasing churn risk.
15389.0,0.32426316,Recency,0.049293674528598785,None,0.0,Long time since last purchase is increasing churn risk.
15391.0,0.55494606,Purchase_Interval_Std,0.17336121201515198,Frequency,0.14977703988552094,Irregular purchase behavior and low purchase frequency are increasing churn risk.
15393.0,0.35598105,Recency,0.021288622170686722,Tenure,0.00010959382052533329,Long time since last purchase and short customer tenure are increasing churn risk.
15394.0,0.2155292,None,0.0,None,0.0,No major behavioral factor is increasing the model's churn risk.
15396.0,0.5033416,Purchase_Interval_Std,0.16128841042518616,Frequency,0.14833541214466095,Irregular purchase behavior and low purchase frequency are increasing churn risk.
15400.0,0.4399365,Purchase_Interval_Std,0.1784611940383911,Frequency,0.011586634442210197,Irregular purchase behavior and low purchase frequency are increasing churn risk.
15401.0,0.5955695,Monetary,0.3037063181400299,Purchase_Interval_Std,0.21374467015266418,Low historical spending and irregular purchase behavior are increasing churn risk.
15402.0,0.2885004,Tenure,0.02022772654891014,Frequency,0.011887574568390846,Short customer tenure and low purchase frequency are increasing churn risk.
15403.0,0.5739029,Monetary,0.2582847476005554,Purchase_Interval_Std,0.20011989772319794,Low historical spending and irregular purchase behavior are increasing churn risk.
15405.0,0.5494077,Purchase_Interval_Std,0.1716870218515396,Frequency,0.14977703988552094,Irregular purchase behavior and low purchase frequency are increasing churn risk.
15409.0,0.62688476,Monetary,0.3100755512714386,Recency,0.18132317066192627,Low historical spending and long time since last purchase are increasing churn risk.
15410.0,0.4303596,Purchase_Interval_Std,0.17576822638511658,Recency,0.04894430190324783,Irregular purchase behavior and long time since last purchase are increasing churn risk.
15413.0,0.36672336,Recency,0.5013719797134399,None,0.0,Long time since last purchase is increasing churn risk.
15416.0,0.344135,Monetary,0.0024248724803328514,Tenure,0.0013016442535445094,Low historical spending and short customer tenure are increasing churn risk.
15418.0,0.56704146,Monetary,0.1813536137342453,Purchase_Interval_Std,0.1803429126739502,Low historical spending and irregular purchase behavior are increasing churn risk.
15420.0,0.3269902,Recency,0.09673696756362915,Monetary,0.024993473663926125,Long time since last purchase and low historical spending are increasing churn risk.
15421.0,0.2053518,None,0.0,None,0.0,No major behavioral factor is increasing the model's churn risk.
15422.0,0.4455901,Purchase_Interval_Std,0.17306172847747803,Recency,0.03637421876192093,Irregular purchase behavior and long time since last purchase are increasing churn risk.
15423.0,0.5384825,Monetary,0.18248793482780457,Purchase_Interval_Std,0.18067792057991028,Low historical spending and irregular purchase behavior are increasing churn risk.
15424.0,0.5508459,Monetary,0.21423396468162537,Purchase_Interval_Std,0.20513363182544708,Low historical spending and irregular purchase behavior are increasing churn risk.
15425.0,0.31105337,Recency,0.01033067237585783,Frequency,0.002085500629618764,Long time since last purchase and low purchase frequency are increasing churn risk.
15426.0,0.4399365,Purchase_Interval_Std,0.1784611940383911,Frequency,0.011586634442210197,Irregular purchase behavior and low purchase frequency are increasing churn risk.
15428.0,0.52390224,Recency,0.16434940695762634,Monetary,0.14312049746513367,Long time since last purchase and low historical spending are increasing churn risk.
15430.0,0.39721668,Purchase_Interval_Std,0.18116769194602966,Frequency,0.033935658633708954,Irregular purchase behavior and low purchase frequency are increasing churn risk.
15431.0,0.56604314,Monetary,0.25954803824424744,Purchase_Interval_Std,0.2135334014892578,Low historical spending and irregular purchase behavior are increasing churn risk.
15432.0,0.5905145,Monetary,0.30662801861763,Purchase_Interval_Std,0.20971009135246277,Low historical spending and irregular purchase behavior are increasing churn risk.
15434.0,0.57331216,Recency,0.18132317066192627,Monetary,0.147288978099823,Long time since last purchase and low historical spending are increasing churn risk.
15437.0,0.58466643,Monetary,0.20236001908779144,Recency,0.16204257309436798,Low historical spending and long time since last purchase are increasing churn risk.
15439.0,0.46395794,Recency,0.18921835720539093,Purchase_Interval_Std,0.11924552917480469,Long time since last purchase and irregular purchase behavior are increasing churn risk.
15441.0,0.57331216,Recency,0.18132317066192627,Monetary,0.147288978099823,Long time since last purchase and low historical spending are increasing churn risk.
15443.0,0.20360386,Tenure,0.0011471714824438095,None,0.0,Short customer tenure is increasing churn risk.
15445.0,0.5746302,Monetary,0.20233461260795593,Purchase_Interval_Std,0.160893514752388,Low historical spending and irregular purchase behavior are increasing churn risk.
15446.0,0.54643947,Monetary,0.18599937856197357,Recency,0.16107049584388733,Low historical spending and long time since last purchase are increasing churn risk.
15447.0,0.44059232,Monetary,0.19251103699207306,AOV,0.18452557921409607,Low historical spending and low average order value are increasing churn risk.
15448.0,0.57331216,Recency,0.18132317066192627,Monetary,0.147288978099823,Long time since last purchase and low historical spending are increasing churn risk.
15451.0,0.61896855,Monetary,0.3032096326351166,Purchase_Interval_Std,0.16935406625270844,Low historical spending and irregular purchase behavior are increasing churn risk.
15452.0,0.39721668,Purchase_Interval_Std,0.18116769194602966,Frequency,0.03591989725828171,Irregular purchase behavior and low purchase frequency are increasing churn risk.
15454.0,0.62369657,Monetary,0.3032096326351166,Purchase_Interval_Std,0.16384682059288025,Low historical spending and irregular purchase behavior are increasing churn risk.
15455.0,0.6421732,Monetary,0.3163991868495941,Purchase_Interval_Std,0.15791268646717072,Low historical spending and irregular purchase behavior are increasing churn risk.
15456.0,0.2095182,None,0.0,None,0.0,No major behavioral factor is increasing the model's churn risk.
15459.0,0.6258776,Monetary,0.35061004757881165,Purchase_Interval_Std,0.2156132310628891,Low historical spending and irregular purchase behavior are increasing churn risk.
15461.0,0.49913996,Purchase_Interval_Std,0.19053399562835693,Monetary,0.16738829016685486,Irregular purchase behavior and low historical spending are increasing churn risk.
15465.0,0.20359695,None,0.0,None,0.0,No major behavioral factor is increasing the model's churn risk.
15466.0,0.44086435,Recency,0.2077799141407013,Purchase_Interval_Std,0.12008386105298996,Long time since last purchase and irregular purchase behavior are increasing churn risk.
15470.0,0.63050467,Monetary,0.31689584255218506,Purchase_Interval_Std,0.1851562261581421,Low historical spending and irregular purchase behavior are increasing churn risk.
15471.0,0.54741186,Purchase_Interval_Std,0.19596685469150543,Monetary,0.1546466052532196,Irregular purchase behavior and low historical spending are increasing churn risk.
15474.0,0.585638,Monetary,0.2253371775150299,Purchase_Interval_Std,0.16320064663887024,Low historical spending and irregular purchase behavior are increasing churn risk.
15477.0,0.5673274,Recency,0.165321484208107,Frequency,0.14238299429416656,Long time since last purchase and low purchase frequency are increasing churn risk.
15478.0,0.4968176,Purchase_Interval_Std,0.1596142202615738,Frequency,0.14833541214466095,Irregular purchase behavior and low purchase frequency are increasing churn risk.
15479.0,0.6194572,Monetary,0.3100755512714386,Recency,0.17835363745689392,Low historical spending and long time since last purchase are increasing churn risk.
15480.0,0.26118076,None,0.0,None,0.0,No major behavioral factor is increasing the model's churn risk.
15482.0,0.34455806,Recency,0.4336744248867035,None,0.0,Long time since last purchase is increasing churn risk.
15483.0,0.4487932,Monetary,0.19049036502838135,AOV,0.18452557921409607,Low historical spending and low average order value are increasing churn risk.
15484.0,0.42106995,Purchase_Interval_Std,0.17576822638511658,Recency,0.04148203134536743,Irregular purchase behavior and long time since last purchase are increasing churn risk.
15485.0,0.42759988,Recency,0.3925853371620178,Frequency,0.009076159447431564,Long time since last purchase and low purchase frequency are increasing churn risk.
15486.0,0.60664684,Monetary,0.31349068880081177,Purchase_Interval_Std,0.2176630198955536,Low historical spending and irregular purchase behavior are increasing churn risk.
15487.0,0.5852814,Monetary,0.18688896298408508,Recency,0.18132317066192627,Low historical spending and long time since last purchase are increasing churn risk.
15488.0,0.41887254,Monetary,0.2164408415555954,AOV,0.18452557921409607,Low historical spending and low average order value are increasing churn risk.
15489.0,0.26023102,None,0.0,None,0.0,No major behavioral factor is increasing the model's churn risk.
15493.0,0.2932764,Frequency,0.013972442597150803,None,0.0,Low purchase frequency is increasing churn risk.
15494.0,0.2817377,Frequency,0.012894878163933754,None,0.0,Low purchase frequency is increasing churn risk.
15496.0,0.61589646,Monetary,0.3032096326351166,Recency,0.16204257309436798,Low historical spending and long time since last purchase are increasing churn risk.
15497.0,0.2048724,None,0.0,None,0.0,No major behavioral factor is increasing the model's churn risk.
15498.0,0.1926174,None,0.0,None,0.0,No major behavioral factor is increasing the model's churn risk.
15499.0,0.60015917,Monetary,0.23220308125019073,Recency,0.18132317066192627,Low historical spending and long time since last purchase are increasing churn risk.
15502.0,0.47156364,Purchase_Interval_Std,0.18338613212108612,Frequency,0.1776212751865387,Irregular purchase behavior and low purchase frequency are increasing churn risk.
15503.0,0.629411,Monetary,0.3100755512714386,Recency,0.18132317066192627,Low historical spending and long time since last purchase are increasing churn risk.
15504.0,0.3755931,Monetary,0.18291965126991272,Tenure,0.0013016442535445094,Low historical spending and short customer tenure are increasing churn risk.
15506.0,0.5508459,Monetary,0.21423396468162537,Purchase_Interval_Std,0.20513363182544708,Low historical spending and irregular purchase behavior are increasing churn risk.
15512.0,0.65014994,Monetary,0.32326507568359375,Recency,0.16916228830814362,Low historical spending and long time since last purchase are increasing churn risk.
15513.0,0.20817432,Tenure,0.0011471714824438095,None,0.0,Short customer tenure is increasing churn risk.
15514.0,0.34743413,Recency,0.4135822057723999,None,0.0,Long time since last purchase is increasing churn risk.
15518.0,0.21413289,None,0.0,None,0.0,No major behavioral factor is increasing the model's churn risk.
15521.0,0.20700288,None,0.0,None,0.0,No major behavioral factor is increasing the model's churn risk.
15523.0,0.1926174,None,0.0,None,0.0,No major behavioral factor is increasing the model's churn risk.
15524.0,0.5959864,Monetary,0.24115827679634094,Recency,0.16204257309436798,Low historical spending and long time since last purchase are increasing churn risk.
15527.0,0.1926174,None,0.0,None,0.0,No major behavioral factor is increasing the model's churn risk.
15530.0,0.5386663,Purchase_Interval_Std,0.19275245070457458,Monetary,0.16470520198345184,Irregular purchase behavior and low historical spending are increasing churn risk.
15532.0,0.30186242,Tenure,0.020558323711156845,Frequency,0.008644040673971176,Short customer tenure and low purchase frequency are increasing churn risk.
15534.0,0.59867376,Monetary,0.23220308125019073,Recency,0.18132317066192627,Low historical spending and long time since last purchase are increasing churn risk.
15538.0,0.25888228,Recency,0.12077771127223969,Tenure,0.0011471714824438095,Long time since last purchase and short customer tenure are increasing churn risk.
15542.0,0.31114024,Frequency,0.015164494514465332,None,0.0,Low purchase frequency is increasing churn risk.
15543.0,0.5961112,Monetary,0.3374204933643341,Purchase_Interval_Std,0.22306248545646667,Low historical spending and irregular purchase behavior are increasing churn risk.
15544.0,0.19476347,Tenure,0.0011471714824438095,None,0.0,Short customer tenure is increasing churn risk.
15546.0,0.45464927,Recency,0.21398603916168213,Purchase_Interval_Std,0.12195201963186264,Long time since last purchase and irregular purchase behavior are increasing churn risk.
15547.0,0.1926174,None,0.0,None,0.0,No major behavioral factor is increasing the model's churn risk.
15548.0,0.58713835,Monetary,0.2253371775150299,Purchase_Interval_Std,0.16320064663887024,Low historical spending and irregular purchase behavior are increasing churn risk.
15549.0,0.3433096,Recency,0.04777432233095169,Monetary,0.0027428630273789167,Long time since last purchase and low historical spending are increasing churn risk.
15550.0,0.22533827,None,0.0,None,0.0,No major behavioral factor is increasing the model's churn risk.
15551.0,0.5432114,Purchase_Interval_Std,0.19275245070457458,Frequency,0.15249210596084595,Irregular purchase behavior and low purchase frequency are increasing churn risk.
15552.0,0.59279203,Monetary,0.2253371775150299,Recency,0.16204257309436798,Low historical spending and long time since last purchase are increasing churn risk.
15555.0,0.1926174,None,0.0,None,0.0,No major behavioral factor is increasing the model's churn risk.
15558.0,0.5793413,Monetary,0.1848650574684143,Recency,0.16204257309436798,Low historical spending and long time since last purchase are increasing churn risk.
15559.0,0.47156364,Purchase_Interval_Std,0.18338613212108612,Frequency,0.1776212751865387,Irregular purchase behavior and low purchase frequency are increasing churn risk.
15561.0,0.32291326,Recency,0.049293674528598785,None,0.0,Long time since last purchase is increasing churn risk.
15562.0,0.57331216,Recency,0.18460208177566528,Monetary,0.14401008188724518,Long time since last purchase and low historical spending are increasing churn risk.
15563.0,0.29688436,Frequency,0.016521785408258438,None,0.0,Low purchase frequency is increasing churn risk.
15564.0,0.59972733,Monetary,0.35658636689186096,Purchase_Interval_Std,0.2040032148361206,Low historical spending and irregular purchase behavior are increasing churn risk.
15566.0,0.6246044,Monetary,0.3100755512714386,Recency,0.18132317066192627,Low historical spending and long time since last purchase are increasing churn risk.
15569.0,0.31086043,Recency,0.01760859787464142,Frequency,0.0046348413452506065,Long time since last purchase and low purchase frequency are increasing churn risk.
15570.0,0.2017988,Tenure,0.018745340406894684,None,0.0,Short customer tenure is increasing churn risk.
15571.0,0.3271379,Recency,0.08479375392198563,None,0.0,Long time since last purchase is increasing churn risk.
15572.0,0.5651764,Recency,0.16204257309436798,Monetary,0.14042308926582336,Long time since last purchase and low historical spending are increasing churn risk.
15573.0,0.4486873,Recency,0.34952592849731445,Tenure,0.0009538417216390371,Long time since last purchase and short customer tenure are increasing churn risk.
15574.0,0.56604314,Monetary,0.25954803824424744,Purchase_Interval_Std,0.2135334014892578,Low historical spending and irregular purchase behavior are increasing churn risk.
15575.0,0.6445749,Monetary,0.3163991868495941,Purchase_Interval_Std,0.15240545570850372,Low historical spending and irregular purchase behavior are increasing churn risk.
15577.0,0.6183132,Monetary,0.3243993818759918,Recency,0.16819022595882416,Low historical spending and long time since last purchase are increasing churn risk.
15580.0,0.21180315,Tenure,0.0011471714824438095,None,0.0,Short customer tenure is increasing churn risk.
15581.0,0.1926174,None,0.0,None,0.0,No major behavioral factor is increasing the model's churn risk.
15584.0,0.57331216,Recency,0.18132317066192627,Monetary,0.147288978099823,Long time since last purchase and low historical spending are increasing churn risk.
15586.0,0.4027914,Recency,0.32078102231025696,Frequency,0.012975884601473808,Long time since last purchase and low purchase frequency are increasing churn risk.
15587.0,0.5584976,Monetary,0.23911890387535095,Purchase_Interval_Std,0.21122625470161438,Low historical spending and irregular purchase behavior are increasing churn risk.
15588.0,0.52020276,Recency,0.19167225062847137,Frequency,0.14094135165214539,Long time since last purchase and low purchase frequency are increasing churn risk.
15590.0,0.3752191,Recency,0.1497756540775299,Tenure,0.00521731935441494,Long time since last purchase and short customer tenure are increasing churn risk.
15591.0,0.46706042,Monetary,0.19658026099205017,AOV,0.17709015309810638,Low historical spending and low average order value are increasing churn risk.
15595.0,0.5386663,Purchase_Interval_Std,0.19815191626548767,Monetary,0.17463397979736328,Irregular purchase behavior and low historical spending are increasing churn risk.
15596.0,0.47671506,Purchase_Interval_Std,0.18607911467552185,Frequency,0.15961045026779175,Irregular purchase behavior and low purchase frequency are increasing churn risk.
15597.0,0.55973476,Monetary,0.18051978945732117,Purchase_Interval_Std,0.17866872251033783,Low historical spending and irregular purchase behavior are increasing churn risk.
15600.0,0.44348305,Purchase_Interval_Std,0.17306172847747803,Recency,0.02313685230910778,Irregular purchase behavior and long time since last purchase are increasing churn risk.
15601.0,0.1926174,None,0.0,None,0.0,No major behavioral factor is increasing the model's churn risk.
15602.0,0.31572554,None,0.0,None,0.0,No major behavioral factor is increasing the model's churn risk.
15603.0,0.6445749,Monetary,0.32124119997024536,Purchase_Interval_Std,0.15240545570850372,Low historical spending and irregular purchase behavior are increasing churn risk.
15605.0,0.3772422,Recency,0.16489897668361664,Tenure,0.002145892009139061,Long time since last purchase and short customer tenure are increasing churn risk.
15606.0,0.2139863,Tenure,0.0011471714824438095,None,0.0,Short customer tenure is increasing churn risk.
15607.0,0.2703044,Recency,0.12303950637578964,Tenure,0.0011471714824438095,Long time since last purchase and short customer tenure are increasing churn risk.
15611.0,0.22105911,AOV,0.07067625224590302,Tenure,0.0011471714824438095,Low average order value and short customer tenure are increasing churn risk.
15613.0,0.5655026,Recency,0.165321484208107,Frequency,0.14238299429416656,Long time since last purchase and low purchase frequency are increasing churn risk.
15614.0,0.39721668,Purchase_Interval_Std,0.18868541717529297,Frequency,0.04279164597392082,Irregular purchase behavior and low purchase frequency are increasing churn risk.
15615.0,0.1926174,None,0.0,None,0.0,No major behavioral factor is increasing the model's churn risk.
15617.0,0.5508459,Monetary,0.21319930255413055,Purchase_Interval_Std,0.20513363182544708,Low historical spending and irregular purchase behavior are increasing churn risk.
15622.0,0.25907943,Recency,0.12994246184825897,Tenure,0.0011471714824438095,Long time since last purchase and short customer tenure are increasing churn risk.
15623.0,0.20323397,None,0.0,None,0.0,No major behavioral factor is increasing the model's churn risk.
15625.0,0.26517236,Tenure,0.02022772654891014,None,0.0,Short customer tenure is increasing churn risk.
15627.0,0.4399365,Purchase_Interval_Std,0.1784611940383911,Tenure,0.013345982879400253,Irregular purchase behavior and short customer tenure are increasing churn risk.
15628.0,0.20323397,None,0.0,None,0.0,No major behavioral factor is increasing the model's churn risk.
15629.0,0.39721668,Purchase_Interval_Std,0.18116769194602966,Frequency,0.033935658633708954,Irregular purchase behavior and low purchase frequency are increasing churn risk.
15630.0,0.5673274,Recency,0.16204257309436798,Monetary,0.14526508748531342,Long time since last purchase and low historical spending are increasing churn risk.
15631.0,0.5159062,Recency,0.1759984940290451,Frequency,0.14094135165214539,Long time since last purchase and low purchase frequency are increasing churn risk.
15633.0,0.20210887,None,0.0,None,0.0,No major behavioral factor is increasing the model's churn risk.
15636.0,0.5406788,Purchase_Interval_Std,0.19275245070457458,Frequency,0.15249210596084595,Irregular purchase behavior and low purchase frequency are increasing churn risk.
15637.0,0.33667842,Monetary,0.0024248724803328514,Tenure,0.00010959382052533329,Low historical spending and short customer tenure are increasing churn risk.
15638.0,0.46178734,Purchase_Interval_Std,0.12812843918800354,Recency,0.12524449825286865,Irregular purchase behavior and long time since last purchase are increasing churn risk.
15639.0,0.5651764,Recency,0.165321484208107,Frequency,0.13977473974227905,Long time since last purchase and low purchase frequency are increasing churn risk.
15640.0,0.1926174,None,0.0,None,0.0,No major behavioral factor is increasing the model's churn risk.
15641.0,0.19735877,None,0.0,None,0.0,No major behavioral factor is increasing the model's churn risk.
15642.0,0.6316153,Monetary,0.3100755512714386,Recency,0.17617933452129364,Low historical spending and long time since last purchase are increasing churn risk.
15650.0,0.4457265,Purchase_Interval_Std,0.17306172847747803,Frequency,0.01622084341943264,Irregular purchase behavior and low purchase frequency are increasing churn risk.
15651.0,0.56005794,Purchase_Interval_Std,0.14444349706172943,Monetary,0.14042308926582336,Irregular purchase behavior and low historical spending are increasing churn risk.
15652.0,0.5961112,Monetary,0.3374204933643341,Purchase_Interval_Std,0.22306248545646667,Low historical spending and irregular purchase behavior are increasing churn risk.
15658.0,0.4230018,Purchase_Interval_Std,0.17659303545951843,Frequency,0.01741289347410202,Irregular purchase behavior and low purchase frequency are increasing churn risk.
15659.0,0.6259147,Monetary,0.3080516457557678,Purchase_Interval_Std,0.16384682059288025,Low historical spending and irregular purchase behavior are increasing churn risk.
15660.0,0.3433096,Recency,0.032508060336112976,Monetary,0.009946953505277634,Long time since last purchase and low historical spending are increasing churn risk.
15661.0,0.32908955,Tenure,0.010777851566672325,None,0.0,Short customer tenure is increasing churn risk.
15662.0,0.53440106,Recency,0.17738157510757446,Monetary,0.16215014457702637,Long time since last purchase and low historical spending are increasing churn risk.
15664.0,0.46178734,Purchase_Interval_Std,0.15367048978805542,Recency,0.08193389326334,Irregular purchase behavior and long time since last purchase are increasing churn risk.
15665.0,0.39112446,Purchase_Interval_Std,0.18116769194602966,Frequency,0.04279164597392082,Irregular purchase behavior and low purchase frequency are increasing churn risk.
15666.0,0.43638772,Purchase_Interval_Std,0.1784611940383911,Tenure,0.013345982879400253,Irregular purchase behavior and short customer tenure are increasing churn risk.
15670.0,0.5744058,Monetary,0.24165496230125427,Purchase_Interval_Std,0.20813392102718353,Low historical spending and irregular purchase behavior are increasing churn risk.
15672.0,0.65014994,Monetary,0.32326507568359375,Recency,0.16916228830814362,Low historical spending and long time since last purchase are increasing churn risk.
15673.0,0.2618383,None,0.0,None,0.0,No major behavioral factor is increasing the model's churn risk.
15674.0,0.19554989,None,0.0,None,0.0,No major behavioral factor is increasing the model's churn risk.
15677.0,0.5386663,Purchase_Interval_Std,0.19815191626548767,Monetary,0.17463397979736328,Irregular purchase behavior and low historical spending are increasing churn risk.
15678.0,0.47089842,Purchase_Interval_Std,0.18067964911460876,Frequency,0.15961045026779175,Irregular purchase behavior and low purchase frequency are increasing churn risk.
15680.0,0.20323397,None,0.0,None,0.0,No major behavioral factor is increasing the model's churn risk.
15681.0,0.32782856,Tenure,0.010777851566672325,None,0.0,Short customer tenure is increasing churn risk.
15682.0,0.51871157,Monetary,0.1463993936777115,Purchase_Interval_Std,0.1368255615234375,Low historical spending and irregular purchase behavior are increasing churn risk.
15683.0,0.5386663,Purchase_Interval_Std,0.19815191626548767,Monetary,0.17463397979736328,Irregular purchase behavior and low historical spending are increasing churn risk.
15684.0,0.45034003,Monetary,0.2051425725221634,AOV,0.18452557921409607,Low historical spending and low average order value are increasing churn risk.
15689.0,0.5714811,Recency,0.16204257309436798,Monetary,0.15414991974830627,Long time since last purchase and low historical spending are increasing churn risk.
15691.0,0.51120204,Purchase_Interval_Std,0.16574329137802124,Monetary,0.14772991836071014,Irregular purchase behavior and low historical spending are increasing churn risk.
15693.0,0.65014994,Monetary,0.32326507568359375,Recency,0.16916228830814362,Low historical spending and long time since last purchase are increasing churn risk.
15694.0,0.2155292,None,0.0,None,0.0,No major behavioral factor is increasing the model's churn risk.
15695.0,0.45977062,Recency,0.15597684681415558,Purchase_Interval_Std,0.12475276738405228,Long time since last purchase and irregular purchase behavior are increasing churn risk.
15696.0,0.31212077,Recency,0.08194778114557266,None,0.0,Long time since last purchase is increasing churn risk.
15697.0,0.5852814,Monetary,0.18688896298408508,Recency,0.18132317066192627,Low historical spending and long time since last purchase are increasing churn risk.
15698.0,0.6445749,Monetary,0.3163991868495941,Purchase_Interval_Std,0.15240545570850372,Low historical spending and irregular purchase behavior are increasing churn risk.
15702.0,0.59972733,Monetary,0.35658636689186096,Purchase_Interval_Std,0.2040032148361206,Low historical spending and irregular purchase behavior are increasing churn risk.
15704.0,0.39721668,Purchase_Interval_Std,0.18116769194602966,Frequency,0.03815743327140808,Irregular purchase behavior and low purchase frequency are increasing churn risk.
15709.0,0.56704146,Monetary,0.1813536137342453,Purchase_Interval_Std,0.1803429126739502,Low historical spending and irregular purchase behavior are increasing churn risk.
15711.0,0.49913996,Purchase_Interval_Std,0.18513453006744385,Monetary,0.13851609826087952,Irregular purchase behavior and low historical spending are increasing churn risk.
15712.0,0.21308896,None,0.0,None,0.0,No major behavioral factor is increasing the model's churn risk.
15713.0,0.47212216,Recency,0.17502643167972565,Purchase_Interval_Std,0.11924552917480469,Long time since last purchase and irregular purchase behavior are increasing churn risk.
15714.0,0.5016905,Purchase_Interval_Std,0.18513453006744385,Monetary,0.14205409586429596,Irregular purchase behavior and low historical spending are increasing churn risk.
15715.0,0.32463774,Recency,0.09503446519374847,Monetary,0.020151477307081223,Long time since last purchase and low historical spending are increasing churn risk.
15716.0,0.2095182,None,0.0,None,0.0,No major behavioral factor is increasing the model's churn risk.
15717.0,0.3773802,Monetary,0.196386456489563,AOV,0.02035628631711006,Low historical spending and low average order value are increasing churn risk.
15718.0,0.5432114,Purchase_Interval_Std,0.19275245070457458,Frequency,0.15249210596084595,Irregular purchase behavior and low purchase frequency are increasing churn risk.
15719.0,0.1926174,None,0.0,None,0.0,No major behavioral factor is increasing the model's churn risk.
15720.0,0.59254324,Monetary,0.3037063181400299,Purchase_Interval_Std,0.21122635900974274,Low historical spending and irregular purchase behavior are increasing churn risk.
15722.0,0.21786165,Tenure,0.0011471714824438095,None,0.0,Short customer tenure is increasing churn risk.
15723.0,0.5553701,Monetary,0.18051978945732117,Purchase_Interval_Std,0.17757093906402588,Low historical spending and irregular purchase behavior are increasing churn risk.
15727.0,0.20951004,Tenure,0.0011471714824438095,None,0.0,Short customer tenure is increasing churn risk.
15731.0,0.60051006,Monetary,0.3037063181400299,Purchase_Interval_Std,0.2176630198955536,Low historical spending and irregular purchase behavior are increasing churn risk.
15732.0,0.2098965,Tenure,0.0011471714824438095,None,0.0,Short customer tenure is increasing churn risk.
15734.0,0.5432114,Purchase_Interval_Std,0.19275245070457458,Frequency,0.15249210596084595,Irregular purchase behavior and low purchase frequency are increasing churn risk.
15738.0,0.1926174,None,0.0,None,0.0,No major behavioral factor is increasing the model's churn risk.
15741.0,0.530717,Monetary,0.21536828577518463,Purchase_Interval_Std,0.20546863973140717,Low historical spending and irregular purchase behavior are increasing churn risk.
15742.0,0.5942845,Monetary,0.2253371775150299,Recency,0.16204257309436798,Low historical spending and long time since last purchase are increasing churn risk.
15747.0,0.26023102,None,0.0,None,0.0,No major behavioral factor is increasing the model's churn risk.
15750.0,0.2155292,None,0.0,None,0.0,No major behavioral factor is increasing the model's churn risk.
15751.0,0.21418166,AOV,0.01444518007338047,None,0.0,Low average order value is increasing churn risk.
15752.0,0.47312027,Purchase_Interval_Std,0.18607911467552185,Frequency,0.15961045026779175,Irregular purchase behavior and low purchase frequency are increasing churn risk.
15754.0,0.20951004,Tenure,0.0011471714824438095,None,0.0,Short customer tenure is increasing churn risk.
15755.0,0.1926174,None,0.0,None,0.0,No major behavioral factor is increasing the model's churn risk.
15757.0,0.39721668,Purchase_Interval_Std,0.18116769194602966,Frequency,0.03815743327140808,Irregular purchase behavior and low purchase frequency are increasing churn risk.
15759.0,0.3364644,Monetary,0.008733293041586876,None,0.0,Low historical spending is increasing churn risk.
15760.0,0.4498661,Recency,0.22088901698589325,Purchase_Interval_Std,0.12946973741054535,Long time since last purchase and irregular purchase behavior are increasing churn risk.
15764.0,0.43318623,Purchase_Interval_Std,0.1887855976819992,Frequency,0.1861812323331833,Irregular purchase behavior and low purchase frequency are increasing churn risk.
15765.0,0.57331216,Recency,0.18460208177566528,Monetary,0.14401008188724518,Long time since last purchase and low historical spending are increasing churn risk.
15766.0,0.4399365,Purchase_Interval_Std,0.1784611940383911,Frequency,0.01622084341943264,Irregular purchase behavior and low purchase frequency are increasing churn risk.
15768.0,0.20105988,None,0.0,None,0.0,No major behavioral factor is increasing the model's churn risk.
15769.0,0.1926174,None,0.0,None,0.0,No major behavioral factor is increasing the model's churn risk.
15770.0,0.5673274,Recency,0.16204257309436798,Frequency,0.14238299429416656,Long time since last purchase and low purchase frequency are increasing churn risk.
15771.0,0.4334439,Recency,0.38848546147346497,Frequency,0.00788410846143961,Long time since last purchase and low purchase frequency are increasing churn risk.
15774.0,0.2985073,Tenure,0.0013016442535445094,None,0.0,Short customer tenure is increasing churn risk.
15775.0,0.6445749,Monetary,0.3163991868495941,Purchase_Interval_Std,0.15240545570850372,Low historical spending and irregular purchase behavior are increasing churn risk.
15777.0,0.63015354,Monetary,0.31689584255218506,Purchase_Interval_Std,0.20622165501117706,Low historical spending and irregular purchase behavior are increasing churn risk.
15779.0,0.59972733,Monetary,0.3517443537712097,Purchase_Interval_Std,0.2040032148361206,Low historical spending and irregular purchase behavior are increasing churn risk.
15784.0,0.39112446,Purchase_Interval_Std,0.18116769194602966,Frequency,0.04279164597392082,Irregular purchase behavior and low purchase frequency are increasing churn risk.
15785.0,0.20138475,None,0.0,None,0.0,No major behavioral factor is increasing the model's churn risk.
15786.0,0.46338916,Purchase_Interval_Std,0.19090387225151062,Frequency,0.1856834590435028,Irregular purchase behavior and low purchase frequency are increasing churn risk.
15788.0,0.5508459,Monetary,0.21319930255413055,Purchase_Interval_Std,0.20513363182544708,Low historical spending and irregular purchase behavior are increasing churn risk.
15789.0,0.27438518,Tenure,0.0155935138463974,None,0.0,Short customer tenure is increasing churn risk.
15791.0,0.3007212,Recency,0.01033067237585783,Frequency,0.0046348413452506065,Long time since last purchase and low purchase frequency are increasing churn risk.
15792.0,0.5159062,Recency,0.1759984940290451,Frequency,0.14094135165214539,Long time since last purchase and low purchase frequency are increasing churn risk.
15793.0,0.27219662,None,0.0,None,0.0,No major behavioral factor is increasing the model's churn risk.
15794.0,0.44184288,Recency,0.21021363139152527,Purchase_Interval_Std,0.12049528956413269,Long time since last purchase and irregular purchase behavior are increasing churn risk.
15795.0,0.3078683,Recency,0.2540658116340637,Tenure,0.001991419354453683,Long time since last purchase and short customer tenure are increasing churn risk.
15796.0,0.27823296,Tenure,0.0155935138463974,None,0.0,Short customer tenure is increasing churn risk.
15797.0,0.4613078,Purchase_Interval_Std,0.15367048978805542,Recency,0.08630359172821045,Irregular purchase behavior and long time since last purchase are increasing churn risk.
15798.0,0.29717097,Frequency,0.013972442597150803,None,0.0,Low purchase frequency is increasing churn risk.
15800.0,0.5680734,Recency,0.21381106972694397,Monetary,0.16081596910953522,Long time since last purchase and low historical spending are increasing churn risk.
15803.0,0.39112446,Purchase_Interval_Std,0.18116769194602966,Frequency,0.04279164597392082,Irregular purchase behavior and low purchase frequency are increasing churn risk.
15805.0,0.20301208,None,0.0,None,0.0,No major behavioral factor is increasing the model's churn risk.
15807.0,0.57331216,Recency,0.18460208177566528,Monetary,0.14401008188724518,Long time since last purchase and low historical spending are increasing churn risk.
15808.0,0.1926174,None,0.0,None,0.0,No major behavioral factor is increasing the model's churn risk.
15809.0,0.42138225,Purchase_Interval_Std,0.1784611940383911,Frequency,0.013871550559997559,Irregular purchase behavior and low purchase frequency are increasing churn risk.
15810.0,0.29717097,Frequency,0.013972442597150803,None,0.0,Low purchase frequency is increasing churn risk.
15812.0,0.19735877,None,0.0,None,0.0,No major behavioral factor is increasing the model's churn risk.
15814.0,0.5651764,Recency,0.16204257309436798,Monetary,0.14042308926582336,Long time since last purchase and low historical spending are increasing churn risk.
15816.0,0.59972733,Monetary,0.3209518790245056,Purchase_Interval_Std,0.19860373437404633,Low historical spending and irregular purchase behavior are increasing churn risk.
15817.0,0.39721668,Purchase_Interval_Std,0.18868541717529297,Frequency,0.03815743327140808,Irregular purchase behavior and low purchase frequency are increasing churn risk.
15818.0,0.55494606,Purchase_Interval_Std,0.17336121201515198,Frequency,0.14977703988552094,Irregular purchase behavior and low purchase frequency are increasing churn risk.
15819.0,0.25567728,Recency,0.04503363370895386,Tenure,0.018745340406894684,Long time since last purchase and short customer tenure are increasing churn risk.
15822.0,0.27219662,None,0.0,None,0.0,No major behavioral factor is increasing the model's churn risk.
15823.0,0.44550246,Recency,0.23359324038028717,Purchase_Interval_Std,0.13258765637874603,Long time since last purchase and irregular purchase behavior are increasing churn risk.
15824.0,0.5406788,Purchase_Interval_Std,0.19275245070457458,Frequency,0.15633250772953033,Irregular purchase behavior and low purchase frequency are increasing churn risk.
15826.0,0.47156364,Purchase_Interval_Std,0.18338613212108612,Frequency,0.1776212751865387,Irregular purchase behavior and low purchase frequency are increasing churn risk.
15827.0,0.20680419,Tenure,0.0011471714824438095,AOV,4.497473128139973e-05,Short customer tenure and low average order value are increasing churn risk.
15833.0,0.64251333,Monetary,0.32326507568359375,Purchase_Interval_Std,0.15365518629550934,Low historical spending and irregular purchase behavior are increasing churn risk.
15837.0,0.53613,Purchase_Interval_Std,0.19815191626548767,Monetary,0.1662539690732956,Irregular purchase behavior and low historical spending are increasing churn risk.
15838.0,0.19735877,None,0.0,None,0.0,No major behavioral factor is increasing the model's churn risk.
15841.0,0.31427294,Frequency,0.015164494514465332,None,0.0,Low purchase frequency is increasing churn risk.
15842.0,0.56300586,Monetary,0.2151890993118286,Purchase_Interval_Std,0.2058267891407013,Low historical spending and irregular purchase behavior are increasing churn risk.
15845.0,0.33856696,Recency,0.01114167645573616,Tenure,0.0013016442535445094,Long time since last purchase and short customer tenure are increasing churn risk.
15847.0,0.6445749,Monetary,0.32124119997024536,Purchase_Interval_Std,0.15240545570850372,Low historical spending and irregular purchase behavior are increasing churn risk.
15848.0,0.6188608,Monetary,0.3032096326351166,Recency,0.16204257309436798,Low historical spending and long time since last purchase are increasing churn risk.
15850.0,0.5243245,Purchase_Interval_Std,0.20006915926933289,Monetary,0.1937001645565033,Irregular purchase behavior and low historical spending are increasing churn risk.
15851.0,0.6022708,Monetary,0.323303759098053,Purchase_Interval_Std,0.2176630198955536,Low historical spending and irregular purchase behavior are increasing churn risk.
15852.0,0.6258776,Monetary,0.3364933133125305,Purchase_Interval_Std,0.210213765501976,Low historical spending and irregular purchase behavior are increasing churn risk.
15854.0,0.21091251,None,0.0,None,0.0,No major behavioral factor is increasing the model's churn risk.
15855.0,0.5386663,Purchase_Interval_Std,0.19815191626548767,Monetary,0.17463397979736328,Irregular purchase behavior and low historical spending are increasing churn risk.
15856.0,0.1926174,None,0.0,None,0.0,No major behavioral factor is increasing the model's churn risk.
15858.0,0.2076267,None,0.0,None,0.0,No major behavioral factor is increasing the model's churn risk.
15860.0,0.33736464,Recency,0.09673696756362915,Monetary,0.024993473663926125,Long time since last purchase and low historical spending are increasing churn risk.
15861.0,0.27219662,None,0.0,None,0.0,No major behavioral factor is increasing the model's churn risk.
15862.0,0.21542633,None,0.0,None,0.0,No major behavioral factor is increasing the model's churn risk.
15863.0,0.5279036,Recency,0.3234090805053711,Monetary,0.18020710349082947,Long time since last purchase and low historical spending are increasing churn risk.
15865.0,0.5130012,Recency,0.20179156959056854,Frequency,0.14213339984416962,Long time since last purchase and low purchase frequency are increasing churn risk.
15867.0,0.1926174,None,0.0,None,0.0,No major behavioral factor is increasing the model's churn risk.
15868.0,0.6373977,Monetary,0.3177296817302704,Purchase_Interval_Std,0.18683041632175446,Low historical spending and irregular purchase behavior are increasing churn risk.
15869.0,0.5868716,Monetary,0.20490801334381104,Recency,0.16204257309436798,Low historical spending and long time since last purchase are increasing churn risk.
15872.0,0.60051006,Monetary,0.3037063181400299,Purchase_Interval_Std,0.2176630198955536,Low historical spending and irregular purchase behavior are increasing churn risk.
15873.0,0.5198609,Monetary,0.19830574095249176,Purchase_Interval_Std,0.18521523475646973,Low historical spending and irregular purchase behavior are increasing churn risk.
15874.0,0.1926174,None,0.0,None,0.0,No major behavioral factor is increasing the model's churn risk.
15875.0,0.6259147,Monetary,0.3080516457557678,Purchase_Interval_Std,0.16384682059288025,Low historical spending and irregular purchase behavior are increasing churn risk.
15878.0,0.5016905,Purchase_Interval_Std,0.18513453006744385,Monetary,0.1468961089849472,Irregular purchase behavior and low historical spending are increasing churn risk.
15879.0,0.34524316,Tenure,0.00010959382052533329,None,0.0,Short customer tenure is increasing churn risk.
15882.0,0.35427132,Tenure,0.00010959382052533329,None,0.0,Short customer tenure is increasing churn risk.
15884.0,0.5771496,Monetary,0.18688896298408508,Recency,0.16511359810829163,Low historical spending and long time since last purchase are increasing churn risk.
15885.0,0.20680419,Tenure,0.0011471714824438095,AOV,4.497473128139973e-05,Short customer tenure and low average order value are increasing churn risk.
15886.0,0.56005794,Purchase_Interval_Std,0.14444349706172943,Monetary,0.14042308926582336,Irregular purchase behavior and low historical spending are increasing churn risk.
15887.0,0.43638772,Purchase_Interval_Std,0.1784611940383911,Frequency,0.011586634442210197,Irregular purchase behavior and low purchase frequency are increasing churn risk.
15888.0,0.6258776,Monetary,0.3364933133125305,Purchase_Interval_Std,0.20622165501117706,Low historical spending and irregular purchase behavior are increasing churn risk.
15889.0,0.32413375,Recency,0.2540658116340637,None,0.0,Long time since last purchase is increasing churn risk.
15890.0,0.52080745,Monetary,0.14155741035938263,Purchase_Interval_Std,0.13834182918071747,Low historical spending and irregular purchase behavior are increasing churn risk.
15892.0,0.629411,Monetary,0.3100755512714386,Recency,0.18132317066192627,Low historical spending and long time since last purchase are increasing churn risk.
15893.0,0.5386663,Purchase_Interval_Std,0.19815191626548767,Monetary,0.17463397979736328,Irregular purchase behavior and low historical spending are increasing churn risk.
15898.0,0.1926174,None,0.0,None,0.0,No major behavioral factor is increasing the model's churn risk.
15900.0,0.5955695,Monetary,0.3037063181400299,Purchase_Interval_Std,0.21374467015266418,Low historical spending and irregular purchase behavior are increasing churn risk.
15901.0,0.5243245,Monetary,0.21536828577518463,Purchase_Interval_Std,0.20546863973140717,Low historical spending and irregular purchase behavior are increasing churn risk.
15903.0,0.5016905,Purchase_Interval_Std,0.19053399562835693,Monetary,0.1806102842092514,Irregular purchase behavior and low historical spending are increasing churn risk.
15905.0,0.60051006,Monetary,0.3037063181400299,Purchase_Interval_Std,0.2176630198955536,Low historical spending and irregular purchase behavior are increasing churn risk.
15908.0,0.40256694,Purchase_Interval_Std,0.1784611940383911,Frequency,0.03269513323903084,Irregular purchase behavior and low purchase frequency are increasing churn risk.
15910.0,0.21180315,Tenure,0.0011471714824438095,None,0.0,Short customer tenure is increasing churn risk.
15911.0,0.37665677,Recency,0.49036914110183716,None,0.0,Long time since last purchase is increasing churn risk.
15912.0,0.34132153,Recency,0.09798354655504227,AOV,0.02915814518928528,Long time since last purchase and low average order value are increasing churn risk.
15913.0,0.63015354,Monetary,0.32409995794296265,Purchase_Interval_Std,0.20622165501117706,Low historical spending and irregular purchase behavior are increasing churn risk.
15916.0,0.30896991,Recency,0.0801490843296051,None,0.0,Long time since last purchase is increasing churn risk.
15917.0,0.49355784,Recency,0.3615908622741699,Monetary,0.16317319869995117,Long time since last purchase and low historical spending are increasing churn risk.
15918.0,0.5793413,Monetary,0.18002305924892426,Recency,0.16204257309436798,Low historical spending and long time since last purchase are increasing churn risk.
15920.0,0.44416732,Monetary,0.2000289261341095,AOV,0.18452557921409607,Low historical spending and low average order value are increasing churn risk.
15921.0,0.6287954,Monetary,0.3080516457557678,Purchase_Interval_Std,0.16612349450588226,Low historical spending and irregular purchase behavior are increasing churn risk.
15924.0,0.6294385,Monetary,0.3100755512714386,Recency,0.1732097864151001,Low historical spending and long time since last purchase are increasing churn risk.
15926.0,0.59791267,Monetary,0.30662801861763,Purchase_Interval_Std,0.21564653515815735,Low historical spending and irregular purchase behavior are increasing churn risk.
15927.0,0.62369657,Monetary,0.3080516457557678,Purchase_Interval_Std,0.16384682059288025,Low historical spending and irregular purchase behavior are increasing churn risk.
15928.0,0.57331216,Recency,0.18132317066192627,Monetary,0.147288978099823,Long time since last purchase and low historical spending are increasing churn risk.
15929.0,0.5159062,Recency,0.1759984940290451,Frequency,0.14094135165214539,Long time since last purchase and low purchase frequency are increasing churn risk.
15936.0,0.5584976,Monetary,0.23911890387535095,Purchase_Interval_Std,0.21122625470161438,Low historical spending and irregular purchase behavior are increasing churn risk.
15938.0,0.40403864,Monetary,0.2164408415555954,AOV,0.18452557921409607,Low historical spending and low average order value are increasing churn risk.
15941.0,0.5673274,Recency,0.165321484208107,Frequency,0.14238299429416656,Long time since last purchase and low purchase frequency are increasing churn risk.
15943.0,0.5357653,Recency,0.16107049584388733,Monetary,0.1601262390613556,Long time since last purchase and low historical spending are increasing churn risk.
15944.0,0.39112446,Purchase_Interval_Std,0.18116769194602966,Frequency,0.04398369416594505,Irregular purchase behavior and low purchase frequency are increasing churn risk.
15945.0,0.524963,Recency,0.17738157510757446,Monetary,0.14842329919338226,Long time since last purchase and low historical spending are increasing churn risk.
15946.0,0.29449233,Tenure,0.0155935138463974,Frequency,0.013972442597150803,Short customer tenure and low purchase frequency are increasing churn risk.
15950.0,0.24604453,None,0.0,None,0.0,No major behavioral factor is increasing the model's churn risk.
15953.0,0.21959394,None,0.0,None,0.0,No major behavioral factor is increasing the model's churn risk.
15954.0,0.57240736,Monetary,0.19884854555130005,Purchase_Interval_Std,0.18473747372627258,Low historical spending and irregular purchase behavior are increasing churn risk.
15955.0,0.2646619,None,0.0,None,0.0,No major behavioral factor is increasing the model's churn risk.
15956.0,0.4504461,Purchase_Interval_Std,0.17306172847747803,Recency,0.020939243957400322,Irregular purchase behavior and long time since last purchase are increasing churn risk.
15958.0,0.63015354,Monetary,0.31689584255218506,Purchase_Interval_Std,0.20622165501117706,Low historical spending and irregular purchase behavior are increasing churn risk.
15959.0,0.48177773,Recency,0.22146736085414886,Purchase_Interval_Std,0.12236344814300537,Long time since last purchase and irregular purchase behavior are increasing churn risk.
15964.0,0.57745117,Recency,0.18132317066192627,Monetary,0.1610158234834671,Long time since last purchase and low historical spending are increasing churn risk.
15965.0,0.22880864,None,0.0,None,0.0,No major behavioral factor is increasing the model's churn risk.
15967.0,0.2095182,None,0.0,None,0.0,No major behavioral factor is increasing the model's churn risk.
15969.0,0.6022708,Monetary,0.323303759098053,Purchase_Interval_Std,0.2176630198955536,Low historical spending and irregular purchase behavior are increasing churn risk.
15970.0,0.50131243,Recency,0.15694890916347504,Frequency,0.13838417828083038,Long time since last purchase and low purchase frequency are increasing churn risk.
15971.0,0.47565588,Recency,0.18773065507411957,Purchase_Interval_Std,0.12236344814300537,Long time since last purchase and irregular purchase behavior are increasing churn risk.
15972.0,0.22567376,Tenure,0.03750140219926834,None,0.0,Short customer tenure is increasing churn risk.
15976.0,0.2885004,Tenure,0.02022772654891014,Frequency,0.011887574568390846,Short customer tenure and low purchase frequency are increasing churn risk.
15978.0,0.5159062,Recency,0.1759984940290451,Frequency,0.14094135165214539,Long time since last purchase and low purchase frequency are increasing churn risk.
15979.0,0.56005794,Recency,0.14254890382289886,Monetary,0.14042308926582336,Long time since last purchase and low historical spending are increasing churn risk.
15980.0,0.25969797,Tenure,0.02022772654891014,None,0.0,Short customer tenure is increasing churn risk.
15981.0,0.19879577,Tenure,0.018745340406894684,None,0.0,Short customer tenure is increasing churn risk.
15982.0,0.5651764,Recency,0.16204257309436798,Monetary,0.14042308926582336,Long time since last purchase and low historical spending are increasing churn risk.
15983.0,0.45233867,Recency,0.28286856412887573,Purchase_Interval_Std,0.07825963944196701,Long time since last purchase and irregular purchase behavior are increasing churn risk.
15984.0,0.1926174,None,0.0,None,0.0,No major behavioral factor is increasing the model's churn risk.
15985.0,0.2885004,Tenure,0.02022772654891014,Frequency,0.011887574568390846,Short customer tenure and low purchase frequency are increasing churn risk.
15988.0,0.4504461,Purchase_Interval_Std,0.17306172847747803,Recency,0.020939243957400322,Irregular purchase behavior and long time since last purchase are increasing churn risk.
15989.0,0.6137682,Monetary,0.3100755512714386,Recency,0.16511359810829163,Low historical spending and long time since last purchase are increasing churn risk.
15990.0,0.2219579,Tenure,0.0011471714824438095,None,0.0,Short customer tenure is increasing churn risk.
15991.0,0.5744058,Monetary,0.24885906279087067,Purchase_Interval_Std,0.20813392102718353,Low historical spending and irregular purchase behavior are increasing churn risk.
15994.0,0.5673274,Recency,0.165321484208107,Frequency,0.14238299429416656,Long time since last purchase and low purchase frequency are increasing churn risk.
15998.0,0.19554989,None,0.0,None,0.0,No major behavioral factor is increasing the model's churn risk.
15999.0,0.64251333,Monetary,0.32326507568359375,Purchase_Interval_Std,0.15365518629550934,Low historical spending and irregular purchase behavior are increasing churn risk.
16002.0,0.5868716,Monetary,0.20490801334381104,Recency,0.16204257309436798,Low historical spending and long time since last purchase are increasing churn risk.
16003.0,0.43327287,Recency,0.38227933645248413,Frequency,0.009076159447431564,Long time since last purchase and low purchase frequency are increasing churn risk.
16004.0,0.21540225,Tenure,0.0011471714824438095,None,0.0,Short customer tenure is increasing churn risk.
16007.0,0.5406788,Purchase_Interval_Std,0.19275245070457458,Frequency,0.15249210596084595,Irregular purchase behavior and low purchase frequency are increasing churn risk.
16008.0,0.22978288,Tenure,0.018745340406894684,None,0.0,Short customer tenure is increasing churn risk.
16011.0,0.20455916,None,0.0,None,0.0,No major behavioral factor is increasing the model's churn risk.
16012.0,0.46105373,Purchase_Interval_Std,0.18338613212108612,Frequency,0.18146167695522308,Irregular purchase behavior and low purchase frequency are increasing churn risk.
16013.0,0.1926174,None,0.0,None,0.0,No major behavioral factor is increasing the model's churn risk.
16014.0,0.5852814,Monetary,0.18688896298408508,Recency,0.18132317066192627,Low historical spending and long time since last purchase are increasing churn risk.
16017.0,0.41908005,Recency,0.3852488696575165,Frequency,0.010665595531463623,Long time since last purchase and low purchase frequency are increasing churn risk.
16018.0,0.58301157,Monetary,0.18688896298408508,Recency,0.17835363745689392,Low historical spending and long time since last purchase are increasing churn risk.
16019.0,0.19791059,None,0.0,None,0.0,No major behavioral factor is increasing the model's churn risk.
16021.0,0.5744058,Monetary,0.24165496230125427,Purchase_Interval_Std,0.20813392102718353,Low historical spending and irregular purchase behavior are increasing churn risk.
16027.0,0.22454213,AOV,0.01444518007338047,Tenure,0.0011471714824438095,Low average order value and short customer tenure are increasing churn risk.
16028.0,0.6421732,Monetary,0.3163991868495941,Purchase_Interval_Std,0.16128836572170258,Low historical spending and irregular purchase behavior are increasing churn risk.
16029.0,0.1926174,None,0.0,None,0.0,No major behavioral factor is increasing the model's churn risk.
16032.0,0.22815314,Tenure,0.07970710098743439,None,0.0,Short customer tenure is increasing churn risk.
16033.0,0.4399365,Purchase_Interval_Std,0.1784611940383911,Tenure,0.013345982879400253,Irregular purchase behavior and short customer tenure are increasing churn risk.
16035.0,0.5553701,Purchase_Interval_Std,0.199734166264534,Monetary,0.18051978945732117,Irregular purchase behavior and low historical spending are increasing churn risk.
16036.0,0.4958251,Recency,0.2117215096950531,Frequency,0.16751216351985931,Long time since last purchase and low purchase frequency are increasing churn risk.
16037.0,0.4504461,Purchase_Interval_Std,0.17306172847747803,Recency,0.020939243957400322,Irregular purchase behavior and long time since last purchase are increasing churn risk.
16039.0,0.61589646,Monetary,0.3032096326351166,Recency,0.16204257309436798,Low historical spending and long time since last purchase are increasing churn risk.
16040.0,0.3593604,Purchase_Interval_Std,0.05509403720498085,Tenure,0.015924111008644104,Irregular purchase behavior and short customer tenure are increasing churn risk.
16043.0,0.47671506,Purchase_Interval_Std,0.18607911467552185,Frequency,0.15961045026779175,Irregular purchase behavior and low purchase frequency are increasing churn risk.
16045.0,0.39721668,Purchase_Interval_Std,0.18116769194602966,Frequency,0.03591989725828171,Irregular purchase behavior and low purchase frequency are increasing churn risk.
16046.0,0.5553701,Purchase_Interval_Std,0.199734166264534,Monetary,0.18051978945732117,Irregular purchase behavior and low historical spending are increasing churn risk.
16047.0,0.6316153,Monetary,0.3100755512714386,Recency,0.17617933452129364,Low historical spending and long time since last purchase are increasing churn risk.
16048.0,0.5553701,Purchase_Interval_Std,0.199734166264534,Monetary,0.18051978945732117,Irregular purchase behavior and low historical spending are increasing churn risk.
16049.0,0.5508459,Monetary,0.20430518686771393,Purchase_Interval_Std,0.199734166264534,Low historical spending and irregular purchase behavior are increasing churn risk.
16051.0,0.5905844,Monetary,0.20438392460346222,Recency,0.18132317066192627,Low historical spending and long time since last purchase are increasing churn risk.
16053.0,0.5154243,Recency,0.18036819994449615,Frequency,0.14094135165214539,Long time since last purchase and low purchase frequency are increasing churn risk.
16054.0,0.4062956,Purchase_Interval_Std,0.17576822638511658,Frequency,0.04279164597392082,Irregular purchase behavior and low purchase frequency are increasing churn risk.
16057.0,0.3071426,Frequency,0.015164494514465332,None,0.0,Low purchase frequency is increasing churn risk.
16059.0,0.26517236,Tenure,0.02022772654891014,None,0.0,Short customer tenure is increasing churn risk.
16060.0,0.5386663,Purchase_Interval_Std,0.19815191626548767,Monetary,0.17463397979736328,Irregular purchase behavior and low historical spending are increasing churn risk.
16062.0,0.49239483,Purchase_Interval_Std,0.18067964911460876,Frequency,0.15911266207695007,Irregular purchase behavior and low purchase frequency are increasing churn risk.
16064.0,0.6316153,Monetary,0.3100755512714386,Recency,0.17617933452129364,Low historical spending and long time since last purchase are increasing churn risk.
16065.0,0.5342816,Purchase_Interval_Std,0.19815191626548767,Frequency,0.16105207800865173,Irregular purchase behavior and low purchase frequency are increasing churn risk.
16067.0,0.39260253,Purchase_Interval_Std,0.10970612615346909,Recency,0.05826565623283386,Irregular purchase behavior and long time since last purchase are increasing churn risk.
16068.0,0.61182463,Monetary,0.30063626170158386,Purchase_Interval_Std,0.1727297455072403,Low historical spending and irregular purchase behavior are increasing churn risk.
16071.0,0.34652066,Recency,0.007936353795230389,Tenure,0.0013016442535445094,Long time since last purchase and short customer tenure are increasing churn risk.
16072.0,0.47156364,Purchase_Interval_Std,0.19090387225151062,Frequency,0.1776212751865387,Irregular purchase behavior and low purchase frequency are increasing churn risk.
16075.0,0.42138225,Purchase_Interval_Std,0.1784611940383911,Frequency,0.011586634442210197,Irregular purchase behavior and low purchase frequency are increasing churn risk.
16077.0,0.49834266,Recency,0.2149581015110016,Frequency,0.16751216351985931,Long time since last purchase and low purchase frequency are increasing churn risk.
16078.0,0.57745117,Recency,0.18132317066192627,Monetary,0.1610158234834671,Long time since last purchase and low historical spending are increasing churn risk.
16081.0,0.5111604,Purchase_Interval_Std,0.170220285654068,Monetary,0.16062292456626892,Irregular purchase behavior and low historical spending are increasing churn risk.
16082.0,0.6316153,Monetary,0.3100755512714386,Recency,0.17617933452129364,Low historical spending and long time since last purchase are increasing churn risk.
16085.0,0.21971615,Tenure,0.0011471714824438095,None,0.0,Short customer tenure is increasing churn risk.
16086.0,0.32858422,Recency,0.052794866263866425,None,0.0,Long time since last purchase is increasing churn risk.
16087.0,0.42742208,Recency,0.3852488696575165,Frequency,0.00788410846143961,Long time since last purchase and low purchase frequency are increasing churn risk.
16088.0,0.43470228,Purchase_Interval_Std,0.1547027975320816,Recency,0.08891602605581284,Irregular purchase behavior and long time since last purchase are increasing churn risk.
16089.0,0.56604314,Monetary,0.25209707021713257,Purchase_Interval_Std,0.21097926795482635,Low historical spending and irregular purchase behavior are increasing churn risk.
16090.0,0.5793413,Monetary,0.18002305924892426,Recency,0.16204257309436798,Low historical spending and long time since last purchase are increasing churn risk.
16092.0,0.30640075,Tenure,0.02022772654891014,Frequency,0.00611346960067749,Short customer tenure and low purchase frequency are increasing churn risk.
16094.0,0.21830869,Tenure,0.01697477325797081,None,0.0,Short customer tenure is increasing churn risk.
16095.0,0.47828913,Purchase_Interval_Std,0.18607911467552185,Frequency,0.1601576805114746,Irregular purchase behavior and low purchase frequency are increasing churn risk.
16096.0,0.43334955,Purchase_Interval_Std,0.15637698769569397,Recency,0.11306183785200119,Irregular purchase behavior and long time since last purchase are increasing churn risk.
16098.0,0.20323397,None,0.0,None,0.0,No major behavioral factor is increasing the model's churn risk.
16099.0,0.31636584,Tenure,0.0013016442535445094,None,0.0,Short customer tenure is increasing churn risk.
16100.0,0.47671506,Purchase_Interval_Std,0.18607911467552185,Frequency,0.15961045026779175,Irregular purchase behavior and low purchase frequency are increasing churn risk.
16101.0,0.39721668,Purchase_Interval_Std,0.18116769194602966,Frequency,0.03815743327140808,Irregular purchase behavior and low purchase frequency are increasing churn risk.
16103.0,0.19476347,Tenure,0.0011471714824438095,None,0.0,Short customer tenure is increasing churn risk.
16104.0,0.21141784,None,0.0,None,0.0,No major behavioral factor is increasing the model's churn risk.
16105.0,0.2885004,Frequency,0.01829235441982746,Tenure,0.013822946697473526,Low purchase frequency and short customer tenure are increasing churn risk.
16108.0,0.43962464,Purchase_Interval_Std,0.15637698769569397,Recency,0.11306183785200119,Irregular purchase behavior and long time since last purchase are increasing churn risk.
16109.0,0.57331216,Recency,0.18132317066192627,Monetary,0.147288978099823,Long time since last purchase and low historical spending are increasing churn risk.
16110.0,0.48257205,Purchase_Interval_Std,0.18067964911460876,Frequency,0.15961045026779175,Irregular purchase behavior and low purchase frequency are increasing churn risk.
16115.0,0.31636584,Tenure,0.010777851566672325,None,0.0,Short customer tenure is increasing churn risk.
16117.0,0.6092529,Monetary,0.30063626170158386,Purchase_Interval_Std,0.17071326076984406,Low historical spending and irregular purchase behavior are increasing churn risk.
16118.0,0.48992813,Recency,0.2218610793352127,Frequency,0.17082147300243378,Long time since last purchase and low purchase frequency are increasing churn risk.
16119.0,0.28546873,None,0.0,None,0.0,No major behavioral factor is increasing the model's churn risk.
16121.0,0.5705336,Monetary,0.22583387792110443,Purchase_Interval_Std,0.20813392102718353,Low historical spending and irregular purchase behavior are increasing churn risk.
16124.0,0.43105647,Purchase_Interval_Std,0.15637698769569397,Recency,0.11009229719638824,Irregular purchase behavior and long time since last purchase are increasing churn risk.
16125.0,0.1926174,None,0.0,None,0.0,No major behavioral factor is increasing the model's churn risk.
16126.0,0.19554989,None,0.0,None,0.0,No major behavioral factor is increasing the model's churn risk.
16127.0,0.6216574,Monetary,0.3100755512714386,Recency,0.18132317066192627,Low historical spending and long time since last purchase are increasing churn risk.
16128.0,0.42138225,Purchase_Interval_Std,0.1784611940383911,Tenure,0.013345982879400253,Irregular purchase behavior and short customer tenure are increasing churn risk.
16129.0,0.47828913,Purchase_Interval_Std,0.18607911467552185,Frequency,0.1601576805114746,Irregular purchase behavior and low purchase frequency are increasing churn risk.
16130.0,0.3413687,Recency,0.03265099227428436,Tenure,0.006143640261143446,Long time since last purchase and short customer tenure are increasing churn risk.
16131.0,0.43347338,Recency,0.18875057995319366,Purchase_Interval_Std,0.13310880959033966,Long time since last purchase and irregular purchase behavior are increasing churn risk.
16132.0,0.4504461,Purchase_Interval_Std,0.17306172847747803,Recency,0.020939243957400322,Irregular purchase behavior and long time since last purchase are increasing churn risk.
16133.0,0.19879577,Tenure,0.018745340406894684,None,0.0,Short customer tenure is increasing churn risk.
16134.0,0.39721668,Purchase_Interval_Std,0.18116769194602966,Frequency,0.03815743327140808,Irregular purchase behavior and low purchase frequency are increasing churn risk.
16135.0,0.55494606,Purchase_Interval_Std,0.17336121201515198,Frequency,0.14977703988552094,Irregular purchase behavior and low purchase frequency are increasing churn risk.
16136.0,0.5852814,Monetary,0.18688896298408508,Recency,0.18132317066192627,Low historical spending and long time since last purchase are increasing churn risk.
16137.0,0.57331216,Recency,0.18460208177566528,Monetary,0.14401008188724518,Long time since last purchase and low historical spending are increasing churn risk.
16138.0,0.44859874,Purchase_Interval_Std,0.17306172847747803,Tenure,0.01110844686627388,Irregular purchase behavior and short customer tenure are increasing churn risk.
16139.0,0.4713844,Recency,0.18773065507411957,Purchase_Interval_Std,0.12049528956413269,Long time since last purchase and irregular purchase behavior are increasing churn risk.
16143.0,0.27313867,None,0.0,None,0.0,No major behavioral factor is increasing the model's churn risk.
16145.0,0.25776324,Tenure,0.02022772654891014,None,0.0,Short customer tenure is increasing churn risk.
16147.0,0.42411667,Purchase_Interval_Std,0.17576822638511658,Recency,0.04894430190324783,Irregular purchase behavior and long time since last purchase are increasing churn risk.
16150.0,0.2053518,None,0.0,None,0.0,No major behavioral factor is increasing the model's churn risk.
16153.0,0.21667372,Tenure,0.05610229820013046,None,0.0,Short customer tenure is increasing churn risk.
16155.0,0.49913996,Purchase_Interval_Std,0.19053399562835693,Monetary,0.16738829016685486,Irregular purchase behavior and low historical spending are increasing churn risk.
16156.0,0.20901175,None,0.0,None,0.0,No major behavioral factor is increasing the model's churn risk.
16158.0,0.32686758,AOV,0.19848336279392242,Monetary,0.033029139041900635,Low average order value and low historical spending are increasing churn risk.
16159.0,0.2932764,Frequency,0.015164494514465332,None,0.0,Low purchase frequency is increasing churn risk.
16161.0,0.19476347,Tenure,0.0011471714824438095,None,0.0,Short customer tenure is increasing churn risk.
16163.0,0.33272693,Recency,0.050996169447898865,None,0.0,Long time since last purchase is increasing churn risk.
16165.0,0.6258776,Monetary,0.349575400352478,Purchase_Interval_Std,0.21162112057209015,Low historical spending and irregular purchase behavior are increasing churn risk.
16166.0,0.5852814,Monetary,0.18688896298408508,Recency,0.18132317066192627,Low historical spending and long time since last purchase are increasing churn risk.
16167.0,0.44086435,Recency,0.2077799141407013,Purchase_Interval_Std,0.12008386105298996,Long time since last purchase and irregular purchase behavior are increasing churn risk.
16168.0,0.1926174,None,0.0,None,0.0,No major behavioral factor is increasing the model's churn risk.
16170.0,0.19476347,Tenure,0.0011471714824438095,None,0.0,Short customer tenure is increasing churn risk.
16172.0,0.31260088,Tenure,0.01301538571715355,None,0.0,Short customer tenure is increasing churn risk.
16174.0,0.26517236,Tenure,0.013822946697473526,None,0.0,Short customer tenure is increasing churn risk.
16175.0,0.29153058,Tenure,0.02022772654891014,Frequency,0.011887574568390846,Short customer tenure and low purchase frequency are increasing churn risk.
16176.0,0.31432363,Tenure,0.0155935138463974,Recency,0.01033067237585783,Short customer tenure and long time since last purchase are increasing churn risk.
16177.0,0.2139863,Tenure,0.0011471714824438095,None,0.0,Short customer tenure is increasing churn risk.
16180.0,0.22401465,Tenure,0.08169133961200714,None,0.0,Short customer tenure is increasing churn risk.
16182.0,0.24604453,None,0.0,None,0.0,No major behavioral factor is increasing the model's churn risk.
16185.0,0.60051006,Monetary,0.3037063181400299,Purchase_Interval_Std,0.2176630198955536,Low historical spending and irregular purchase behavior are increasing churn risk.
16186.0,0.1926174,None,0.0,None,0.0,No major behavioral factor is increasing the model's churn risk.
16190.0,0.21959394,None,0.0,None,0.0,No major behavioral factor is increasing the model's churn risk.
16191.0,0.42411667,Purchase_Interval_Std,0.18328595161437988,Recency,0.04894430190324783,Irregular purchase behavior and long time since last purchase are increasing churn risk.
16192.0,0.56512016,Recency,0.16511359810829163,Monetary,0.147288978099823,Long time since last purchase and low historical spending are increasing churn risk.
16195.0,0.57331216,Recency,0.18132317066192627,Monetary,0.147288978099823,Long time since last purchase and low historical spending are increasing churn risk.
16196.0,0.6258776,Monetary,0.35061004757881165,Purchase_Interval_Std,0.21162112057209015,Low historical spending and irregular purchase behavior are increasing churn risk.
16197.0,0.20379804,None,0.0,None,0.0,No major behavioral factor is increasing the model's churn risk.
16199.0,0.3687068,Monetary,0.23164567351341248,AOV,0.2069629728794098,Low historical spending and low average order value are increasing churn risk.
16200.0,0.20543985,None,0.0,None,0.0,No major behavioral factor is increasing the model's churn risk.
16202.0,0.27916804,Recency,0.12474200874567032,None,0.0,Long time since last purchase is increasing churn risk.
16203.0,0.5428734,Purchase_Interval_Std,0.20136632025241852,Monetary,0.18836082518100739,Irregular purchase behavior and low historical spending are increasing churn risk.
16204.0,0.58301157,Monetary,0.18688896298408508,Recency,0.17835363745689392,Low historical spending and long time since last purchase are increasing churn risk.
16205.0,0.5553701,Purchase_Interval_Std,0.199734166264534,Monetary,0.18344150483608246,Irregular purchase behavior and low historical spending are increasing churn risk.
16206.0,0.27219662,None,0.0,None,0.0,No major behavioral factor is increasing the model's churn risk.
16208.0,0.20760325,Tenure,0.0011471714824438095,None,0.0,Short customer tenure is increasing churn risk.
16209.0,0.30223736,Tenure,0.02022772654891014,Frequency,0.011887574568390846,Short customer tenure and low purchase frequency are increasing churn risk.
16210.0,0.1926174,None,0.0,None,0.0,No major behavioral factor is increasing the model's churn risk.
16212.0,0.47164127,Recency,0.1793961375951767,Purchase_Interval_Std,0.11924552917480469,Long time since last purchase and irregular purchase behavior are increasing churn risk.
16218.0,0.60051006,Monetary,0.3037063181400299,Purchase_Interval_Std,0.2176630198955536,Low historical spending and irregular purchase behavior are increasing churn risk.
16219.0,0.6258776,Monetary,0.35061004757881165,Purchase_Interval_Std,0.21162112057209015,Low historical spending and irregular purchase behavior are increasing churn risk.
16221.0,0.31636584,Tenure,0.01301538571715355,None,0.0,Short customer tenure is increasing churn risk.
16222.0,0.52020276,Recency,0.19167225062847137,Frequency,0.14213339984416962,Long time since last purchase and low purchase frequency are increasing churn risk.
16225.0,0.20680419,Tenure,0.0011471714824438095,None,0.0,Short customer tenure is increasing churn risk.
16227.0,0.4256461,Purchase_Interval_Std,0.1784611940383911,Frequency,0.011586634442210197,Irregular purchase behavior and low purchase frequency are increasing churn risk.
16229.0,0.38605645,Purchase_Interval_Std,0.10818102210760117,Tenure,0.020558323711156845,Irregular purchase behavior and short customer tenure are increasing churn risk.
16231.0,0.56005794,Purchase_Interval_Std,0.14444349706172943,Monetary,0.14042308926582336,Irregular purchase behavior and low historical spending are increasing churn risk.
16232.0,0.39721668,Purchase_Interval_Std,0.18116769194602966,Frequency,0.03815743327140808,Irregular purchase behavior and low purchase frequency are increasing churn risk.
16233.0,0.26933506,None,0.0,None,0.0,No major behavioral factor is increasing the model's churn risk.
16234.0,0.3773802,Monetary,0.196386456489563,AOV,0.02035628631711006,Low historical spending and low average order value are increasing churn risk.
16235.0,0.42138225,Purchase_Interval_Std,0.1784611940383911,Tenure,0.013345982879400253,Irregular purchase behavior and short customer tenure are increasing churn risk.
16239.0,0.5428734,Purchase_Interval_Std,0.20136632025241852,Monetary,0.18836082518100739,Irregular purchase behavior and low historical spending are increasing churn risk.
16242.0,0.2529124,None,0.0,None,0.0,No major behavioral factor is increasing the model's churn risk.
16246.0,0.39112446,Purchase_Interval_Std,0.1784611940383911,Frequency,0.04279164597392082,Irregular purchase behavior and low purchase frequency are increasing churn risk.
16251.0,0.5961112,Monetary,0.32749173045158386,Purchase_Interval_Std,0.2176630198955536,Low historical spending and irregular purchase behavior are increasing churn risk.
16253.0,0.3215333,Recency,0.041831403970718384,None,0.0,Long time since last purchase is increasing churn risk.
16254.0,0.49913996,Purchase_Interval_Std,0.19053399562835693,Monetary,0.16738829016685486,Irregular purchase behavior and low historical spending are increasing churn risk.
16255.0,0.21180315,Tenure,0.0011471714824438095,None,0.0,Short customer tenure is increasing churn risk.
16256.0,0.39721668,Purchase_Interval_Std,0.18116769194602966,Frequency,0.04115990176796913,Irregular purchase behavior and low purchase frequency are increasing churn risk.
16258.0,0.19772062,Tenure,0.0011471714824438095,None,0.0,Short customer tenure is increasing churn risk.
16259.0,0.59288585,Monetary,0.2396610528230667,AOV,0.15362296998500824,Low historical spending and low average order value are increasing churn risk.
16266.0,0.26209095,AOV,0.012011070735752583,Tenure,0.004453470930457115,Low average order value and short customer tenure are increasing churn risk.
16267.0,0.5746302,Monetary,0.20233461260795593,Purchase_Interval_Std,0.160893514752388,Low historical spending and irregular purchase behavior are increasing churn risk.
16271.0,0.213494,Tenure,0.0011471714824438095,None,0.0,Short customer tenure is increasing churn risk.
16273.0,0.52390224,Recency,0.16107049584388733,Monetary,0.1463993936777115,Long time since last purchase and low historical spending are increasing churn risk.
16275.0,0.3065417,Frequency,0.05870847404003143,None,0.0,Low purchase frequency is increasing churn risk.
16276.0,0.39721668,Purchase_Interval_Std,0.18868541717529297,Frequency,0.044562213122844696,Irregular purchase behavior and low purchase frequency are increasing churn risk.
16277.0,0.58832324,Monetary,0.20438392460346222,Recency,0.17835363745689392,Low historical spending and long time since last purchase are increasing churn risk.
16278.0,0.4399365,Purchase_Interval_Std,0.1784611940383911,Tenure,0.013345982879400253,Irregular purchase behavior and short customer tenure are increasing churn risk.
16279.0,0.25080788,Tenure,0.02022772654891014,None,0.0,Short customer tenure is increasing churn risk.
16280.0,0.5852814,Monetary,0.18688896298408508,Recency,0.18132317066192627,Low historical spending and long time since last purchase are increasing churn risk.
16281.0,0.4937494,Recency,0.22739526629447937,Frequency,0.16751216351985931,Long time since last purchase and low purchase frequency are increasing churn risk.
16282.0,0.39112446,Purchase_Interval_Std,0.18116769194602966,Frequency,0.04398369416594505,Irregular purchase behavior and low purchase frequency are increasing churn risk.
16283.0,0.4138361,Purchase_Interval_Std,0.17576822638511658,Frequency,0.030904702842235565,Irregular purchase behavior and low purchase frequency are increasing churn risk.
16285.0,0.5868716,Monetary,0.2097500115633011,Recency,0.16204257309436798,Low historical spending and long time since last purchase are increasing churn risk.
16286.0,0.5016905,Purchase_Interval_Std,0.19053399562835693,Monetary,0.17576830089092255,Irregular purchase behavior and low historical spending are increasing churn risk.
16287.0,0.52390224,Recency,0.16434940695762634,Monetary,0.14312049746513367,Long time since last purchase and low historical spending are increasing churn risk.
16288.0,0.5961112,Monetary,0.3374204933643341,Purchase_Interval_Std,0.22306248545646667,Low historical spending and irregular purchase behavior are increasing churn risk.
16289.0,0.59115326,Monetary,0.3374204933643341,Purchase_Interval_Std,0.21914413571357727,Low historical spending and irregular purchase behavior are increasing churn risk.
16290.0,0.25776324,Tenure,0.02022772654891014,None,0.0,Short customer tenure is increasing churn risk.
16291.0,0.629411,Monetary,0.3100755512714386,Recency,0.18132317066192627,Low historical spending and long time since last purchase are increasing churn risk.
16292.0,0.29153058,Frequency,0.01829235441982746,Tenure,0.013822946697473526,Low purchase frequency and short customer tenure are increasing churn risk.
16293.0,0.4504461,Purchase_Interval_Std,0.17306172847747803,Recency,0.020939243957400322,Irregular purchase behavior and long time since last purchase are increasing churn risk.
16294.0,0.5961112,Monetary,0.3374204933643341,Purchase_Interval_Std,0.22306248545646667,Low historical spending and irregular purchase behavior are increasing churn risk.
16296.0,0.41140556,Recency,0.4193408191204071,None,0.0,Long time since last purchase is increasing churn risk.
16299.0,0.5508459,Monetary,0.21423396468162537,Purchase_Interval_Std,0.20513363182544708,Low historical spending and irregular purchase behavior are increasing churn risk.
16300.0,0.44584185,Recency,0.21074944734573364,Purchase_Interval_Std,0.12195201963186264,Long time since last purchase and irregular purchase behavior are increasing churn risk.
16301.0,0.62380815,Monetary,0.3100755512714386,Purchase_Interval_Std,0.16509655117988586,Low historical spending and irregular purchase behavior are increasing churn risk.
16303.0,0.4303596,Purchase_Interval_Std,0.17576822638511658,Recency,0.04894430190324783,Irregular purchase behavior and long time since last purchase are increasing churn risk.
16304.0,0.57331216,Recency,0.18460208177566528,Monetary,0.14401008188724518,Long time since last purchase and low historical spending are increasing churn risk.
16307.0,0.4273013,Purchase_Interval_Std,0.17306172847747803,Recency,0.04157823324203491,Irregular purchase behavior and long time since last purchase are increasing churn risk.
16308.0,0.42411667,Purchase_Interval_Std,0.17576822638511658,Recency,0.04894430190324783,Irregular purchase behavior and long time since last purchase are increasing churn risk.
16310.0,0.58466643,Monetary,0.20236001908779144,Recency,0.16204257309436798,Low historical spending and long time since last purchase are increasing churn risk.
16314.0,0.39721668,Purchase_Interval_Std,0.1784611940383911,Frequency,0.03591989725828171,Irregular purchase behavior and low purchase frequency are increasing churn risk.
16315.0,0.56300586,Monetary,0.21260879933834076,Purchase_Interval_Std,0.2058267891407013,Low historical spending and irregular purchase behavior are increasing churn risk.
16316.0,0.43318623,Purchase_Interval_Std,0.1887855976819992,Frequency,0.1861812323331833,Irregular purchase behavior and low purchase frequency are increasing churn risk.
16317.0,0.4303596,Purchase_Interval_Std,0.17576822638511658,Recency,0.05074299871921539,Irregular purchase behavior and long time since last purchase are increasing churn risk.
16320.0,0.2989142,Frequency,0.011702826246619225,None,0.0,Low purchase frequency is increasing churn risk.
16321.0,0.54143614,Monetary,0.18599937856197357,Recency,0.15810096263885498,Low historical spending and long time since last purchase are increasing churn risk.
16323.0,0.60187876,Monetary,0.30454015731811523,Purchase_Interval_Std,0.19016093015670776,Low historical spending and irregular purchase behavior are increasing churn risk.
16325.0,0.21736936,None,0.0,None,0.0,No major behavioral factor is increasing the model's churn risk.
16326.0,0.20680419,Tenure,0.0011471714824438095,None,0.0,Short customer tenure is increasing churn risk.
16327.0,0.1926174,None,0.0,None,0.0,No major behavioral factor is increasing the model's churn risk.
16328.0,0.5432114,Purchase_Interval_Std,0.19275245070457458,Frequency,0.15249210596084595,Irregular purchase behavior and low purchase frequency are increasing churn risk.
16329.0,0.4599274,Recency,0.18217623233795166,Purchase_Interval_Std,0.117377370595932,Long time since last purchase and irregular purchase behavior are increasing churn risk.
16330.0,0.65014994,Monetary,0.32326507568359375,Recency,0.16916228830814362,Low historical spending and long time since last purchase are increasing churn risk.
16331.0,0.29717097,Frequency,0.013972442597150803,None,0.0,Low purchase frequency is increasing churn risk.
16332.0,0.4433606,Monetary,0.22461861371994019,AOV,0.18452557921409607,Low historical spending and low average order value are increasing churn risk.
16334.0,0.5428734,Purchase_Interval_Std,0.20136632025241852,Monetary,0.18836082518100739,Irregular purchase behavior and low historical spending are increasing churn risk.
16335.0,0.2564504,Recency,0.13164496421813965,None,0.0,Long time since last purchase is increasing churn risk.
16336.0,0.286929,Tenure,0.0155935138463974,Frequency,0.011702826246619225,Short customer tenure and low purchase frequency are increasing churn risk.
16340.0,0.5406788,Purchase_Interval_Std,0.19275245070457458,Frequency,0.15249210596084595,Irregular purchase behavior and low purchase frequency are increasing churn risk.
16341.0,0.49629486,Recency,0.20265717804431915,Frequency,0.16428738832473755,Long time since last purchase and low purchase frequency are increasing churn risk.
16344.0,0.32181695,Tenure,0.0013016442535445094,None,0.0,Short customer tenure is increasing churn risk.
16345.0,0.47312027,Purchase_Interval_Std,0.18607911467552185,Frequency,0.15961045026779175,Irregular purchase behavior and low purchase frequency are increasing churn risk.
16347.0,0.27257046,Recency,0.12303950637578964,Tenure,0.0011471714824438095,Long time since last purchase and short customer tenure are increasing churn risk.
16351.0,0.1926174,None,0.0,None,0.0,No major behavioral factor is increasing the model's churn risk.
16353.0,0.21149224,None,0.0,None,0.0,No major behavioral factor is increasing the model's churn risk.
16354.0,0.56704146,Monetary,0.17744968831539154,Purchase_Interval_Std,0.1548008769750595,Low historical spending and irregular purchase behavior are increasing churn risk.
16356.0,0.59972733,Monetary,0.31803014874458313,Purchase_Interval_Std,0.19860373437404633,Low historical spending and irregular purchase behavior are increasing churn risk.
16359.0,0.26209095,AOV,0.012011070735752583,Tenure,0.004453470930457115,Low average order value and short customer tenure are increasing churn risk.
16365.0,0.21168412,None,0.0,None,0.0,No major behavioral factor is increasing the model's churn risk.
16366.0,0.3594394,Recency,0.1684081256389618,None,0.0,Long time since last purchase is increasing churn risk.
16369.0,0.29153058,Tenure,0.0155935138463974,Frequency,0.01556188054382801,Short customer tenure and low purchase frequency are increasing churn risk.
16372.0,0.6216389,Monetary,0.3032096326351166,Purchase_Interval_Std,0.16384682059288025,Low historical spending and irregular purchase behavior are increasing churn risk.
16374.0,0.5033416,Purchase_Interval_Std,0.16128841042518616,Frequency,0.14833541214466095,Irregular purchase behavior and low purchase frequency are increasing churn risk.
16375.0,0.59972733,Monetary,0.3517443537712097,Purchase_Interval_Std,0.2040032148361206,Low historical spending and irregular purchase behavior are increasing churn risk.
16377.0,0.5154243,Recency,0.18036819994449615,Frequency,0.14094135165214539,Long time since last purchase and low purchase frequency are increasing churn risk.
16382.0,0.5553701,Purchase_Interval_Std,0.199734166264534,Monetary,0.18051978945732117,Irregular purchase behavior and low historical spending are increasing churn risk.
16383.0,0.28893757,Frequency,0.016521785408258438,None,0.0,Low purchase frequency is increasing churn risk.
16384.0,0.55494606,Purchase_Interval_Std,0.1478191763162613,Monetary,0.13784970343112946,Irregular purchase behavior and low historical spending are increasing churn risk.
16385.0,0.6259147,Monetary,0.3032096326351166,Purchase_Interval_Std,0.16384682059288025,Low historical spending and irregular purchase behavior are increasing churn risk.
16387.0,0.6188608,Monetary,0.3080516457557678,Recency,0.16204257309436798,Low historical spending and long time since last purchase are increasing churn risk.
16388.0,0.5868716,Monetary,0.2097500115633011,Recency,0.16204257309436798,Low historical spending and long time since last purchase are increasing churn risk.
16390.0,0.36072865,Recency,0.0016526614781469107,Tenure,0.0013016442535445094,Long time since last purchase and short customer tenure are increasing churn risk.
16391.0,0.32908955,Tenure,0.010777851566672325,None,0.0,Short customer tenure is increasing churn risk.
16392.0,0.5607686,Purchase_Interval_Std,0.2041287124156952,Monetary,0.19801472127437592,Irregular purchase behavior and low historical spending are increasing churn risk.
16393.0,0.2095182,None,0.0,None,0.0,No major behavioral factor is increasing the model's churn risk.
16395.0,0.344135,Monetary,0.0024248724803328514,None,0.0,Low historical spending is increasing churn risk.
16396.0,0.59115326,Monetary,0.3374204933643341,Purchase_Interval_Std,0.21914413571357727,Low historical spending and irregular purchase behavior are increasing churn risk.
16397.0,0.62369657,Monetary,0.3032096326351166,Purchase_Interval_Std,0.16384682059288025,Low historical spending and irregular purchase behavior are increasing churn risk.
16400.0,0.20323397,None,0.0,None,0.0,No major behavioral factor is increasing the model's churn risk.
16401.0,0.2299814,Tenure,0.05610229820013046,AOV,4.497473128139973e-05,Short customer tenure and low average order value are increasing churn risk.
16406.0,0.5793413,Monetary,0.1848650574684143,Recency,0.16204257309436798,Low historical spending and long time since last purchase are increasing churn risk.
16408.0,0.56704146,Monetary,0.17744968831539154,Purchase_Interval_Std,0.1548008769750595,Low historical spending and irregular purchase behavior are increasing churn risk.
16409.0,0.19943072,None,0.0,None,0.0,No major behavioral factor is increasing the model's churn risk.
16410.0,0.62469655,Monetary,0.3100755512714386,Recency,0.17835363745689392,Low historical spending and long time since last purchase are increasing churn risk.
16412.0,0.57943606,Monetary,0.1991889327764511,Recency,0.14890961349010468,Low historical spending and long time since last purchase are increasing churn risk.
16414.0,0.5361301,Monetary,0.18342600762844086,Purchase_Interval_Std,0.1551358848810196,Low historical spending and irregular purchase behavior are increasing churn risk.
16415.0,0.46178734,Purchase_Interval_Std,0.15367048978805542,Recency,0.08193389326334,Irregular purchase behavior and long time since last purchase are increasing churn risk.
16416.0,0.29717097,Frequency,0.013972442597150803,None,0.0,Low purchase frequency is increasing churn risk.
16417.0,0.6258776,Monetary,0.35061004757881165,Purchase_Interval_Std,0.21162112057209015,Low historical spending and irregular purchase behavior are increasing churn risk.
16419.0,0.4596538,Purchase_Interval_Std,0.15199629962444305,Recency,0.07502089440822601,Irregular purchase behavior and long time since last purchase are increasing churn risk.
16421.0,0.5386663,Purchase_Interval_Std,0.19815191626548767,Monetary,0.17463397979736328,Irregular purchase behavior and low historical spending are increasing churn risk.
16422.0,0.19476347,Tenure,0.0011471714824438095,None,0.0,Short customer tenure is increasing churn risk.
16428.0,0.49913996,Purchase_Interval_Std,0.19053399562835693,Monetary,0.16738829016685486,Irregular purchase behavior and low historical spending are increasing churn risk.
16430.0,0.530717,Purchase_Interval_Std,0.20006915926933289,Monetary,0.1864960938692093,Irregular purchase behavior and low historical spending are increasing churn risk.
16434.0,0.27592054,None,0.0,None,0.0,No major behavioral factor is increasing the model's churn risk.
16435.0,0.39561507,Purchase_Interval_Std,0.17576822638511658,Tenure,0.02279585786163807,Irregular purchase behavior and short customer tenure are increasing churn risk.
16436.0,0.49515828,Recency,0.3381328284740448,Monetary,0.1690414547920227,Long time since last purchase and low historical spending are increasing churn risk.
16439.0,0.57331216,Recency,0.18132317066192627,Monetary,0.147288978099823,Long time since last purchase and low historical spending are increasing churn risk.
16440.0,0.5508459,Monetary,0.21423396468162537,Purchase_Interval_Std,0.20513363182544708,Low historical spending and irregular purchase behavior are increasing churn risk.
16441.0,0.5793413,Monetary,0.18002305924892426,Recency,0.16204257309436798,Low historical spending and long time since last purchase are increasing churn risk.
16442.0,0.5333426,Recency,0.16107049584388733,Monetary,0.1601262390613556,Long time since last purchase and low historical spending are increasing churn risk.
16443.0,0.564523,Monetary,0.2496192902326584,Purchase_Interval_Std,0.20813392102718353,Low historical spending and irregular purchase behavior are increasing churn risk.
16444.0,0.21609354,Tenure,0.018745340406894684,None,0.0,Short customer tenure is increasing churn risk.
16447.0,0.46178734,Purchase_Interval_Std,0.12812843918800354,Recency,0.12524449825286865,Irregular purchase behavior and long time since last purchase are increasing churn risk.
16448.0,0.5584976,Monetary,0.23911890387535095,Purchase_Interval_Std,0.21122625470161438,Low historical spending and irregular purchase behavior are increasing churn risk.
16450.0,0.4358241,Purchase_Interval_Std,0.15637698769569397,Recency,0.11629843711853027,Irregular purchase behavior and long time since last purchase are increasing churn risk.
16451.0,0.44291753,Purchase_Interval_Std,0.17119356989860535,Recency,0.038076721131801605,Irregular purchase behavior and long time since last purchase are increasing churn risk.
16452.0,0.52390224,Recency,0.16107049584388733,Monetary,0.1463993936777115,Long time since last purchase and low historical spending are increasing churn risk.
16453.0,0.5243245,Purchase_Interval_Std,0.20006915926933289,Monetary,0.18885818123817444,Irregular purchase behavior and low historical spending are increasing churn risk.
16454.0,0.61253303,Monetary,0.3175334930419922,AOV,0.15362296998500824,Low historical spending and low average order value are increasing churn risk.
16455.0,0.4958251,Recency,0.2117215096950531,Frequency,0.16751216351985931,Long time since last purchase and low purchase frequency are increasing churn risk.
16456.0,0.2017988,Tenure,0.018745340406894684,None,0.0,Short customer tenure is increasing churn risk.
16458.0,0.2253788,Tenure,0.05610229820013046,None,0.0,Short customer tenure is increasing churn risk.
16459.0,0.65014994,Monetary,0.32326507568359375,Recency,0.16916228830814362,Low historical spending and long time since last purchase are increasing churn risk.
16461.0,0.44085035,Recency,0.16981683671474457,Purchase_Interval_Std,0.1308349221944809,Long time since last purchase and irregular purchase behavior are increasing churn risk.
16466.0,0.20546821,Tenure,0.0011471714824438095,None,0.0,Short customer tenure is increasing churn risk.
16467.0,0.19829723,None,0.0,None,0.0,No major behavioral factor is increasing the model's churn risk.
16468.0,0.4256461,Purchase_Interval_Std,0.1784611940383911,Tenure,0.013345982879400253,Irregular purchase behavior and short customer tenure are increasing churn risk.
16469.0,0.5584976,Monetary,0.22919012606143951,Purchase_Interval_Std,0.2058267891407013,Low historical spending and irregular purchase behavior are increasing churn risk.
16470.0,0.22208764,None,0.0,None,0.0,No major behavioral factor is increasing the model's churn risk.
16471.0,0.4504461,Purchase_Interval_Std,0.17306172847747803,Recency,0.020939243957400322,Irregular purchase behavior and long time since last purchase are increasing churn risk.
16472.0,0.50852126,Recency,0.14682962000370026,Frequency,0.13838417828083038,Long time since last purchase and low purchase frequency are increasing churn risk.
16477.0,0.47671506,Purchase_Interval_Std,0.18607911467552185,Frequency,0.15961045026779175,Irregular purchase behavior and low purchase frequency are increasing churn risk.
16481.0,0.5217772,Recency,0.19167225062847137,Frequency,0.14148858189582825,Long time since last purchase and low purchase frequency are increasing churn risk.
16485.0,0.40054572,Recency,0.3178114891052246,Frequency,0.014167936518788338,Long time since last purchase and low purchase frequency are increasing churn risk.
16486.0,0.59791267,Monetary,0.30662801861763,Purchase_Interval_Std,0.21564653515815735,Low historical spending and irregular purchase behavior are increasing churn risk.
16487.0,0.5363477,Monetary,0.18732993304729462,Purchase_Interval_Std,0.1790037304162979,Low historical spending and irregular purchase behavior are increasing churn risk.
16492.0,0.5406788,Purchase_Interval_Std,0.19275245070457458,Frequency,0.15249210596084595,Irregular purchase behavior and low purchase frequency are increasing churn risk.
16493.0,0.4421679,Purchase_Interval_Std,0.17306172847747803,Frequency,0.01622084341943264,Irregular purchase behavior and low purchase frequency are increasing churn risk.
16496.0,0.44149154,Purchase_Interval_Std,0.17590707540512085,Tenure,0.013345982879400253,Irregular purchase behavior and short customer tenure are increasing churn risk.
16497.0,0.20591827,None,0.0,None,0.0,No major behavioral factor is increasing the model's churn risk.
16499.0,0.4074375,Purchase_Interval_Std,0.10547453910112381,Tenure,0.01110844686627388,Irregular purchase behavior and short customer tenure are increasing churn risk.
16500.0,0.59254324,Monetary,0.3037063181400299,Purchase_Interval_Std,0.21122635900974274,Low historical spending and irregular purchase behavior are increasing churn risk.
16502.0,0.5357653,Recency,0.16107049584388733,Monetary,0.15528424084186554,Long time since last purchase and low historical spending are increasing churn risk.
16503.0,0.26517236,Tenure,0.02022772654891014,None,0.0,Short customer tenure is increasing churn risk.
16507.0,0.5705336,Monetary,0.22583387792110443,Purchase_Interval_Std,0.18891826272010803,Low historical spending and irregular purchase behavior are increasing churn risk.
16508.0,0.5793413,Monetary,0.18002305924892426,Recency,0.16204257309436798,Low historical spending and long time since last purchase are increasing churn risk.
16510.0,0.22447073,Tenure,0.0011471714824438095,None,0.0,Short customer tenure is increasing churn risk.
16511.0,0.5673274,Recency,0.16204257309436798,Monetary,0.14526508748531342,Long time since last purchase and low historical spending are increasing churn risk.
16515.0,0.48487416,Purchase_Interval_Std,0.18067964911460876,Frequency,0.15105047821998596,Irregular purchase behavior and low purchase frequency are increasing churn risk.
16518.0,0.5705336,Monetary,0.22583387792110443,Purchase_Interval_Std,0.20813392102718353,Low historical spending and irregular purchase behavior are increasing churn risk.
16519.0,0.5243245,Monetary,0.2202102690935135,Purchase_Interval_Std,0.20546863973140717,Low historical spending and irregular purchase behavior are increasing churn risk.
16520.0,0.4613078,Purchase_Interval_Std,0.15367048978805542,Recency,0.08630359172821045,Irregular purchase behavior and long time since last purchase are increasing churn risk.
16521.0,0.6445749,Monetary,0.32124119997024536,Purchase_Interval_Std,0.15240545570850372,Low historical spending and irregular purchase behavior are increasing churn risk.
16523.0,0.26933506,None,0.0,None,0.0,No major behavioral factor is increasing the model's churn risk.
16524.0,0.63447773,Monetary,0.3100755512714386,Recency,0.17617933452129364,Low historical spending and long time since last purchase are increasing churn risk.
16525.0,0.1926174,None,0.0,None,0.0,No major behavioral factor is increasing the model's churn risk.
16526.0,0.55494606,Purchase_Interval_Std,0.17336121201515198,Frequency,0.14977703988552094,Irregular purchase behavior and low purchase frequency are increasing churn risk.
16529.0,0.3593604,Purchase_Interval_Std,0.0578005276620388,Tenure,0.02478010021150112,Irregular purchase behavior and short customer tenure are increasing churn risk.
16530.0,0.65014994,Monetary,0.32326507568359375,Recency,0.16916228830814362,Low historical spending and long time since last purchase are increasing churn risk.
16532.0,0.4958251,Recency,0.2117215096950531,Frequency,0.16751216351985931,Long time since last purchase and low purchase frequency are increasing churn risk.
16534.0,0.5154243,Recency,0.18036819994449615,Frequency,0.14094135165214539,Long time since last purchase and low purchase frequency are increasing churn risk.
16535.0,0.65014994,Monetary,0.32326507568359375,Recency,0.16916228830814362,Low historical spending and long time since last purchase are increasing churn risk.
16537.0,0.6445749,Monetary,0.32124119997024536,Purchase_Interval_Std,0.15240545570850372,Low historical spending and irregular purchase behavior are increasing churn risk.
16538.0,0.3836412,Monetary,0.15721395611763,Tenure,0.010777851566672325,Low historical spending and short customer tenure are increasing churn risk.
16539.0,0.26517236,Tenure,0.024449503049254417,None,0.0,Short customer tenure is increasing churn risk.
16541.0,0.56512016,Recency,0.16839250922203064,Monetary,0.14401008188724518,Long time since last purchase and low historical spending are increasing churn risk.
16543.0,0.55494606,Purchase_Interval_Std,0.1478191763162613,Monetary,0.13784970343112946,Irregular purchase behavior and low historical spending are increasing churn risk.
16544.0,0.42784464,Monetary,0.20297405123710632,AOV,0.18452557921409607,Low historical spending and low average order value are increasing churn risk.
16547.0,0.60664684,Monetary,0.3037063181400299,Purchase_Interval_Std,0.2176630198955536,Low historical spending and irregular purchase behavior are increasing churn risk.
16548.0,0.6421732,Monetary,0.3163991868495941,Purchase_Interval_Std,0.15791268646717072,Low historical spending and irregular purchase behavior are increasing churn risk.
16549.0,0.19879577,Tenure,0.018745340406894684,None,0.0,Short customer tenure is increasing churn risk.
16550.0,0.1926174,None,0.0,None,0.0,No major behavioral factor is increasing the model's churn risk.
16551.0,0.44789952,Recency,0.26692771911621094,Purchase_Interval_Std,0.07514172047376633,Long time since last purchase and irregular purchase behavior are increasing churn risk.
16553.0,0.20769203,Tenure,0.0011471714824438095,None,0.0,Short customer tenure is increasing churn risk.
16554.0,0.315237,Recency,0.040128909051418304,None,0.0,Long time since last purchase is increasing churn risk.
16555.0,0.3593648,Purchase_Interval_Std,0.17933738231658936,Tenure,0.02279585786163807,Irregular purchase behavior and short customer tenure are increasing churn risk.
16556.0,0.19554989,None,0.0,None,0.0,No major behavioral factor is increasing the model's churn risk.
16558.0,0.19554989,None,0.0,None,0.0,No major behavioral factor is increasing the model's churn risk.
16560.0,0.29975563,Recency,0.25433287024497986,None,0.0,Long time since last purchase is increasing churn risk.
16562.0,0.5508459,Monetary,0.21423396468162537,Purchase_Interval_Std,0.20513363182544708,Low historical spending and irregular purchase behavior are increasing churn risk.
16563.0,0.2529124,None,0.0,None,0.0,No major behavioral factor is increasing the model's churn risk.
16564.0,0.63015354,Monetary,0.31689584255218506,Purchase_Interval_Std,0.20622165501117706,Low historical spending and irregular purchase behavior are increasing churn risk.
16565.0,0.49913996,Purchase_Interval_Std,0.19053399562835693,Monetary,0.16738829016685486,Irregular purchase behavior and low historical spending are increasing churn risk.
16568.0,0.5159062,Recency,0.1759984940290451,Frequency,0.14094135165214539,Long time since last purchase and low purchase frequency are increasing churn risk.
16569.0,0.41140556,Recency,0.4193408191204071,None,0.0,Long time since last purchase is increasing churn risk.
16570.0,0.21183147,Tenure,0.018745340406894684,None,0.0,Short customer tenure is increasing churn risk.
16571.0,0.21830869,Tenure,0.018745340406894684,None,0.0,Short customer tenure is increasing churn risk.
16574.0,0.52020276,Recency,0.19167225062847137,Frequency,0.14094135165214539,Long time since last purchase and low purchase frequency are increasing churn risk.
16576.0,0.5508459,Monetary,0.20011721551418304,Purchase_Interval_Std,0.199734166264534,Low historical spending and irregular purchase behavior are increasing churn risk.
16577.0,0.57331216,Recency,0.18460208177566528,Monetary,0.14401008188724518,Long time since last purchase and low historical spending are increasing churn risk.
16578.0,0.5942845,Monetary,0.2253371775150299,Recency,0.16204257309436798,Low historical spending and long time since last purchase are increasing churn risk.
16583.0,0.65014994,Monetary,0.32326507568359375,Recency,0.16916228830814362,Low historical spending and long time since last purchase are increasing churn risk.
16584.0,0.39112446,Purchase_Interval_Std,0.18116769194602966,Frequency,0.04279164597392082,Irregular purchase behavior and low purchase frequency are increasing churn risk.
16585.0,0.5135366,Monetary,0.14382602274417877,Purchase_Interval_Std,0.14020124077796936,Low historical spending and irregular purchase behavior are increasing churn risk.
16586.0,0.5673274,Recency,0.16204257309436798,Monetary,0.14526508748531342,Long time since last purchase and low historical spending are increasing churn risk.
16588.0,0.39721668,Purchase_Interval_Std,0.1784611940383911,Frequency,0.03815743327140808,Irregular purchase behavior and low purchase frequency are increasing churn risk.
16592.0,0.1926174,None,0.0,None,0.0,No major behavioral factor is increasing the model's churn risk.
16593.0,0.53709346,Recency,0.17738157510757446,Monetary,0.16215014457702637,Long time since last purchase and low historical spending are increasing churn risk.
16595.0,0.46395794,Recency,0.18921835720539093,Purchase_Interval_Std,0.11924552917480469,Long time since last purchase and irregular purchase behavior are increasing churn risk.
16596.0,0.5548235,Monetary,0.18802328407764435,Recency,0.17520727217197418,Low historical spending and long time since last purchase are increasing churn risk.
16600.0,0.34088862,Tenure,0.00010959382052533329,None,0.0,Short customer tenure is increasing churn risk.
16601.0,0.6445749,Monetary,0.3163991868495941,Purchase_Interval_Std,0.15240545570850372,Low historical spending and irregular purchase behavior are increasing churn risk.
16604.0,0.4972824,Purchase_Interval_Std,0.18513453006744385,Monetary,0.12624379992485046,Irregular purchase behavior and low historical spending are increasing churn risk.
16605.0,0.65014994,Monetary,0.32326507568359375,Recency,0.16916228830814362,Low historical spending and long time since last purchase are increasing churn risk.
16607.0,0.2253788,Tenure,0.05610229820013046,None,0.0,Short customer tenure is increasing churn risk.
16608.0,0.5130012,Recency,0.20179156959056854,Frequency,0.14094135165214539,Long time since last purchase and low purchase frequency are increasing churn risk.
16611.0,0.26023102,None,0.0,None,0.0,No major behavioral factor is increasing the model's churn risk.
16612.0,0.29717097,Frequency,0.015164494514465332,None,0.0,Low purchase frequency is increasing churn risk.
16614.0,0.55282426,Purchase_Interval_Std,0.1716870218515396,Frequency,0.14977703988552094,Irregular purchase behavior and low purchase frequency are increasing churn risk.
16615.0,0.5673274,Recency,0.16204257309436798,Frequency,0.14238299429416656,Long time since last purchase and low purchase frequency are increasing churn risk.
16619.0,0.44319242,Recency,0.1848171353340149,Purchase_Interval_Std,0.12745924293994904,Long time since last purchase and irregular purchase behavior are increasing churn risk.
16620.0,0.31793848,Recency,0.050996169447898865,None,0.0,Long time since last purchase is increasing churn risk.
16622.0,0.5553701,Purchase_Interval_Std,0.199734166264534,Monetary,0.18051978945732117,Irregular purchase behavior and low historical spending are increasing churn risk.
16623.0,0.45092383,Purchase_Interval_Std,0.17306172847747803,Tenure,0.01110844686627388,Irregular purchase behavior and short customer tenure are increasing churn risk.
16625.0,0.4399365,Purchase_Interval_Std,0.1784611940383911,Frequency,0.011586634442210197,Irregular purchase behavior and low purchase frequency are increasing churn risk.
16628.0,0.6445749,Monetary,0.32124119997024536,Purchase_Interval_Std,0.15240545570850372,Low historical spending and irregular purchase behavior are increasing churn risk.
16631.0,0.20360386,Tenure,0.0011471714824438095,None,0.0,Short customer tenure is increasing churn risk.
16632.0,0.49913996,Purchase_Interval_Std,0.19053399562835693,Monetary,0.16738829016685486,Irregular purchase behavior and low historical spending are increasing churn risk.
16634.0,0.47164127,Recency,0.1793961375951767,Purchase_Interval_Std,0.11924552917480469,Long time since last purchase and irregular purchase behavior are increasing churn risk.
16636.0,0.3385747,Recency,0.1753111034631729,None,0.0,Long time since last purchase is increasing churn risk.
16638.0,0.3773802,Monetary,0.196386456489563,AOV,0.02035628631711006,Low historical spending and low average order value are increasing churn risk.
16641.0,0.57331216,Recency,0.18132317066192627,Monetary,0.147288978099823,Long time since last purchase and low historical spending are increasing churn risk.
16645.0,0.5921158,Monetary,0.23220308125019073,Recency,0.16511359810829163,Low historical spending and long time since last purchase are increasing churn risk.
16647.0,0.59254324,Monetary,0.3037063181400299,Purchase_Interval_Std,0.21122635900974274,Low historical spending and irregular purchase behavior are increasing churn risk.
16648.0,0.49913996,Purchase_Interval_Std,0.19053399562835693,Monetary,0.16738829016685486,Irregular purchase behavior and low historical spending are increasing churn risk.
16649.0,0.5386663,Purchase_Interval_Std,0.19275245070457458,Monetary,0.16470520198345184,Irregular purchase behavior and low historical spending are increasing churn risk.
16650.0,0.26517236,Tenure,0.022465260699391365,None,0.0,Short customer tenure is increasing churn risk.
16651.0,0.6069324,Monetary,0.30454015731811523,Purchase_Interval_Std,0.19435343146324158,Low historical spending and irregular purchase behavior are increasing churn risk.
16652.0,0.20577191,Tenure,0.018745340406894684,None,0.0,Short customer tenure is increasing churn risk.
16654.0,0.31260088,Tenure,0.006143640261143446,None,0.0,Short customer tenure is increasing churn risk.
16655.0,0.2139863,Tenure,0.0011471714824438095,None,0.0,Short customer tenure is increasing churn risk.
16656.0,0.1926174,None,0.0,None,0.0,No major behavioral factor is increasing the model's churn risk.
16658.0,0.3241124,Monetary,0.009374581277370453,Tenure,0.006143640261143446,Low historical spending and short customer tenure are increasing churn risk.
16660.0,0.5016905,Purchase_Interval_Std,0.19053399562835693,Monetary,0.1806102842092514,Irregular purchase behavior and low historical spending are increasing churn risk.
16661.0,0.31947976,Recency,0.07278300821781158,None,0.0,Long time since last purchase is increasing churn risk.
16663.0,0.59585446,Monetary,0.22278957068920135,Recency,0.18132317066192627,Low historical spending and long time since last purchase are increasing churn risk.
16664.0,0.60664684,Monetary,0.3037063181400299,Purchase_Interval_Std,0.2176630198955536,Low historical spending and irregular purchase behavior are increasing churn risk.
16666.0,0.6259147,Monetary,0.3032096326351166,Purchase_Interval_Std,0.16384682059288025,Low historical spending and irregular purchase behavior are increasing churn risk.
16668.0,0.3532849,Monetary,0.19487127661705017,AOV,0.02035628631711006,Low historical spending and low average order value are increasing churn risk.
16670.0,0.2048724,None,0.0,None,0.0,No major behavioral factor is increasing the model's churn risk.
16673.0,0.5905844,Monetary,0.20438392460346222,Recency,0.18132317066192627,Low historical spending and long time since last purchase are increasing churn risk.
16675.0,0.5386663,Purchase_Interval_Std,0.19815191626548767,Monetary,0.17463397979736328,Irregular purchase behavior and low historical spending are increasing churn risk.
16677.0,0.5714811,Recency,0.16204257309436798,Monetary,0.15899191796779633,Long time since last purchase and low historical spending are increasing churn risk.
16679.0,0.56300586,Purchase_Interval_Std,0.2058267891407013,Monetary,0.20540471374988556,Irregular purchase behavior and low historical spending are increasing churn risk.
16680.0,0.4450356,Purchase_Interval_Std,0.17306172847747803,Tenure,0.015330223366618156,Irregular purchase behavior and short customer tenure are increasing churn risk.
16681.0,0.59809333,Monetary,0.246000275015831,Recency,0.16204257309436798,Low historical spending and long time since last purchase are increasing churn risk.
16683.0,0.5432114,Purchase_Interval_Std,0.19275245070457458,Frequency,0.15633250772953033,Irregular purchase behavior and low purchase frequency are increasing churn risk.
16684.0,0.1926174,None,0.0,None,0.0,No major behavioral factor is increasing the model's churn risk.
16686.0,0.2553197,Recency,0.039458200335502625,None,0.0,Long time since last purchase is increasing churn risk.
16691.0,0.63015354,Monetary,0.31689584255218506,Purchase_Interval_Std,0.20622165501117706,Low historical spending and irregular purchase behavior are increasing churn risk.
16693.0,0.44368497,Purchase_Interval_Std,0.17306172847747803,Frequency,0.016768068075180054,Irregular purchase behavior and low purchase frequency are increasing churn risk.
16694.0,0.65014994,Monetary,0.32326507568359375,Recency,0.16916228830814362,Low historical spending and long time since last purchase are increasing churn risk.
16695.0,0.571679,Monetary,0.21233859658241272,Purchase_Interval_Std,0.1970144659280777,Low historical spending and irregular purchase behavior are increasing churn risk.
16699.0,0.28630653,Monetary,0.042766496539115906,AOV,0.012011070735752583,Low historical spending and low average order value are increasing churn risk.
16700.0,0.19554989,None,0.0,None,0.0,No major behavioral factor is increasing the model's churn risk.
16701.0,0.1926174,None,0.0,None,0.0,No major behavioral factor is increasing the model's churn risk.
16702.0,0.3211383,Recency,0.052794866263866425,None,0.0,Long time since last purchase is increasing churn risk.
16704.0,0.46494117,Recency,0.185145765542984,Purchase_Interval_Std,0.11924552917480469,Long time since last purchase and irregular purchase behavior are increasing churn risk.
16705.0,0.1926174,None,0.0,None,0.0,No major behavioral factor is increasing the model's churn risk.
16707.0,0.37798876,Monetary,0.16751423478126526,Tenure,0.0013016442535445094,Low historical spending and short customer tenure are increasing churn risk.
16709.0,0.26114747,Recency,0.12994246184825897,None,0.0,Long time since last purchase is increasing churn risk.
16710.0,0.25775358,Recency,0.11557724326848984,None,0.0,Long time since last purchase is increasing churn risk.
16711.0,0.42868254,Recency,0.38227933645248413,Frequency,0.009076159447431564,Long time since last purchase and low purchase frequency are increasing churn risk.
16713.0,0.1926174,None,0.0,None,0.0,No major behavioral factor is increasing the model's churn risk.
16714.0,0.57331216,Recency,0.18460208177566528,Monetary,0.14401008188724518,Long time since last purchase and low historical spending are increasing churn risk.
16715.0,0.5432114,Purchase_Interval_Std,0.19275245070457458,Frequency,0.15249210596084595,Irregular purchase behavior and low purchase frequency are increasing churn risk.
16716.0,0.49834266,Recency,0.2149581015110016,Frequency,0.16751216351985931,Long time since last purchase and low purchase frequency are increasing churn risk.
16717.0,0.40008965,Purchase_Interval_Std,0.10818102210760117,Recency,0.05306517332792282,Irregular purchase behavior and long time since last purchase are increasing churn risk.
16718.0,0.32724464,Recency,0.20319698750972748,None,0.0,Long time since last purchase is increasing churn risk.
16719.0,0.21959394,None,0.0,None,0.0,No major behavioral factor is increasing the model's churn risk.
16720.0,0.59278005,Monetary,0.21177391707897186,Recency,0.18132317066192627,Low historical spending and long time since last purchase are increasing churn risk.
16722.0,0.20138475,None,0.0,None,0.0,No major behavioral factor is increasing the model's churn risk.
16723.0,0.51185924,Recency,0.17546267807483673,Frequency,0.14213339984416962,Long time since last purchase and low purchase frequency are increasing churn risk.
16725.0,0.4399365,Purchase_Interval_Std,0.1784611940383911,Frequency,0.01741289347410202,Irregular purchase behavior and low purchase frequency are increasing churn risk.
16727.0,0.44584185,Recency,0.21074944734573364,Purchase_Interval_Std,0.12195201963186264,Long time since last purchase and irregular purchase behavior are increasing churn risk.
16731.0,0.5868716,Monetary,0.2097500115633011,Recency,0.16204257309436798,Low historical spending and long time since last purchase are increasing churn risk.
16732.0,0.44602135,Recency,0.21101650595664978,Purchase_Interval_Std,0.12195201963186264,Long time since last purchase and irregular purchase behavior are increasing churn risk.
16733.0,0.54741186,Purchase_Interval_Std,0.19596685469150543,Monetary,0.16443099081516266,Irregular purchase behavior and low historical spending are increasing churn risk.
16735.0,0.20118546,None,0.0,None,0.0,No major behavioral factor is increasing the model's churn risk.
16736.0,0.21228246,None,0.0,None,0.0,No major behavioral factor is increasing the model's churn risk.
16737.0,0.55282426,Purchase_Interval_Std,0.1716870218515396,Frequency,0.14977703988552094,Irregular purchase behavior and low purchase frequency are increasing churn risk.
16739.0,0.49239483,Purchase_Interval_Std,0.18067964911460876,Frequency,0.15911266207695007,Irregular purchase behavior and low purchase frequency are increasing churn risk.
16741.0,0.5868716,Monetary,0.20490801334381104,Recency,0.16204257309436798,Low historical spending and long time since last purchase are increasing churn risk.
16742.0,0.1926174,None,0.0,None,0.0,No major behavioral factor is increasing the model's churn risk.
16743.0,0.21875057,Tenure,0.05610229820013046,None,0.0,Short customer tenure is increasing churn risk.
16746.0,0.1926174,None,0.0,None,0.0,No major behavioral factor is increasing the model's churn risk.
16748.0,0.24827893,Recency,0.04683233052492142,None,0.0,Long time since last purchase is increasing churn risk.
16749.0,0.43609625,Recency,0.1767198145389557,Purchase_Interval_Std,0.1383526623249054,Long time since last purchase and irregular purchase behavior are increasing churn risk.
16754.0,0.19476347,Tenure,0.0011471714824438095,None,0.0,Short customer tenure is increasing churn risk.
16755.0,0.26933506,None,0.0,None,0.0,No major behavioral factor is increasing the model's churn risk.
16756.0,0.30839214,Tenure,0.0016322411829605699,None,0.0,Short customer tenure is increasing churn risk.
16763.0,0.56512016,Recency,0.16511359810829163,Monetary,0.147288978099823,Long time since last purchase and low historical spending are increasing churn risk.
16767.0,0.2876397,Tenure,0.02022772654891014,Frequency,0.00933823361992836,Short customer tenure and low purchase frequency are increasing churn risk.
16768.0,0.21168412,None,0.0,None,0.0,No major behavioral factor is increasing the model's churn risk.
16769.0,0.30495876,Frequency,0.011939730495214462,None,0.0,Low purchase frequency is increasing churn risk.
16770.0,0.5584976,Monetary,0.23911890387535095,Purchase_Interval_Std,0.21122625470161438,Low historical spending and irregular purchase behavior are increasing churn risk.
16771.0,0.21168412,None,0.0,None,0.0,No major behavioral factor is increasing the model's churn risk.
16772.0,0.4525912,Recency,0.2296597957611084,Purchase_Interval_Std,0.13258765637874603,Long time since last purchase and irregular purchase behavior are increasing churn risk.
16773.0,0.62241095,Monetary,0.3100755512714386,Recency,0.17835363745689392,Low historical spending and long time since last purchase are increasing churn risk.
16774.0,0.29996547,Frequency,0.016521785408258438,None,0.0,Low purchase frequency is increasing churn risk.
16777.0,0.51359314,Purchase_Interval_Std,0.19428536295890808,Monetary,0.16298501193523407,Irregular purchase behavior and low historical spending are increasing churn risk.
16779.0,0.1926174,None,0.0,None,0.0,No major behavioral factor is increasing the model's churn risk.
16781.0,0.57331216,Recency,0.18132317066192627,Monetary,0.147288978099823,Long time since last purchase and low historical spending are increasing churn risk.
16782.0,0.1926174,None,0.0,None,0.0,No major behavioral factor is increasing the model's churn risk.
16784.0,0.5016905,Purchase_Interval_Std,0.19053399562835693,Monetary,0.17576830089092255,Irregular purchase behavior and low historical spending are increasing churn risk.
16787.0,0.46494117,Recency,0.185145765542984,Purchase_Interval_Std,0.11924552917480469,Long time since last purchase and irregular purchase behavior are increasing churn risk.
16788.0,0.42411667,Purchase_Interval_Std,0.17306172847747803,Recency,0.05074299871921539,Irregular purchase behavior and long time since last purchase are increasing churn risk.
16791.0,0.21168412,None,0.0,None,0.0,No major behavioral factor is increasing the model's churn risk.
16792.0,0.5135366,Purchase_Interval_Std,0.16574329137802124,Monetary,0.14445102214813232,Irregular purchase behavior and low historical spending are increasing churn risk.
16794.0,0.34533975,Recency,0.016918927431106567,Tenure,0.006143640261143446,Long time since last purchase and short customer tenure are increasing churn risk.
16795.0,0.51972115,Recency,0.19604195654392242,Frequency,0.14094135165214539,Long time since last purchase and low purchase frequency are increasing churn risk.
16797.0,0.315237,Recency,0.041831403970718384,None,0.0,Long time since last purchase is increasing churn risk.
16798.0,0.40008965,Purchase_Interval_Std,0.10818102210760117,Recency,0.0531613752245903,Irregular purchase behavior and long time since last purchase are increasing churn risk.
16802.0,0.47641292,Recency,0.19070018827915192,Purchase_Interval_Std,0.12236344814300537,Long time since last purchase and irregular purchase behavior are increasing churn risk.
16805.0,0.3926548,Recency,0.13282431662082672,None,0.0,Long time since last purchase is increasing churn risk.
16807.0,0.2955656,Tenure,0.0155935138463974,Frequency,0.013972442597150803,Short customer tenure and low purchase frequency are increasing churn risk.
16809.0,0.3259146,Tenure,0.004373071249574423,None,0.0,Short customer tenure is increasing churn risk.
16814.0,0.27494204,Purchase_Interval_Std,0.11004914343357086,Tenure,0.017305368557572365,Irregular purchase behavior and short customer tenure are increasing churn risk.
16815.0,0.5553701,Purchase_Interval_Std,0.199734166264534,Monetary,0.18772386014461517,Irregular purchase behavior and low historical spending are increasing churn risk.
16819.0,0.5739029,Monetary,0.25344276428222656,Purchase_Interval_Std,0.20011989772319794,Low historical spending and irregular purchase behavior are increasing churn risk.
16822.0,0.59278005,Monetary,0.21177391707897186,Recency,0.18132317066192627,Low historical spending and long time since last purchase are increasing churn risk.
16823.0,0.29028162,Frequency,0.015164494514465332,None,0.0,Low purchase frequency is increasing churn risk.
16825.0,0.5406788,Purchase_Interval_Std,0.19275245070457458,Frequency,0.15633250772953033,Irregular purchase behavior and low purchase frequency are increasing churn risk.
16827.0,0.59972733,Monetary,0.31803014874458313,Purchase_Interval_Std,0.19860373437404633,Low historical spending and irregular purchase behavior are increasing churn risk.
16830.0,0.47641292,Recency,0.19070018827915192,Purchase_Interval_Std,0.12236344814300537,Long time since last purchase and irregular purchase behavior are increasing churn risk.
16831.0,0.63015354,Monetary,0.31689584255218506,Purchase_Interval_Std,0.20622165501117706,Low historical spending and irregular purchase behavior are increasing churn risk.
16832.0,0.6022708,Monetary,0.3374204933643341,Purchase_Interval_Std,0.22306248545646667,Low historical spending and irregular purchase behavior are increasing churn risk.
16833.0,0.5673274,Recency,0.16204257309436798,Frequency,0.14238299429416656,Long time since last purchase and low purchase frequency are increasing churn risk.
16834.0,0.52020276,Recency,0.19167225062847137,Frequency,0.14094135165214539,Long time since last purchase and low purchase frequency are increasing churn risk.
16835.0,0.2885004,Tenure,0.02022772654891014,Frequency,0.011887574568390846,Short customer tenure and low purchase frequency are increasing churn risk.
16836.0,0.5553701,Monetary,0.18051978945732117,Purchase_Interval_Std,0.17757093906402588,Low historical spending and irregular purchase behavior are increasing churn risk.
16838.0,0.45092383,Purchase_Interval_Std,0.17306172847747803,Frequency,0.004333903081715107,Irregular purchase behavior and low purchase frequency are increasing churn risk.
16839.0,0.1995446,Tenure,0.0011471714824438095,None,0.0,Short customer tenure is increasing churn risk.
16840.0,0.61253303,Monetary,0.32237550616264343,AOV,0.15362296998500824,Low historical spending and low average order value are increasing churn risk.
16841.0,0.20760325,Tenure,0.0011471714824438095,None,0.0,Short customer tenure is increasing churn risk.
16843.0,0.1926174,None,0.0,None,0.0,No major behavioral factor is increasing the model's churn risk.
16844.0,0.4504461,Purchase_Interval_Std,0.17306172847747803,Recency,0.020939243957400322,Irregular purchase behavior and long time since last purchase are increasing churn risk.
16845.0,0.5793413,Monetary,0.18002305924892426,Recency,0.16204257309436798,Low historical spending and long time since last purchase are increasing churn risk.
16846.0,0.45917457,Purchase_Interval_Std,0.15199629962444305,Recency,0.07939060032367706,Irregular purchase behavior and long time since last purchase are increasing churn risk.
16847.0,0.5673274,Recency,0.165321484208107,Frequency,0.14238299429416656,Long time since last purchase and low purchase frequency are increasing churn risk.
16854.0,0.49196526,Recency,0.2149581015110016,Frequency,0.16751216351985931,Long time since last purchase and low purchase frequency are increasing churn risk.
16858.0,0.19554989,None,0.0,None,0.0,No major behavioral factor is increasing the model's churn risk.
16859.0,0.35256281,Tenure,0.0013016442535445094,None,0.0,Short customer tenure is increasing churn risk.
16860.0,0.41611698,Purchase_Interval_Std,0.17576822638511658,Frequency,0.030904702842235565,Irregular purchase behavior and low purchase frequency are increasing churn risk.
16861.0,0.59115326,Monetary,0.3363858461380005,Purchase_Interval_Std,0.21914413571357727,Low historical spending and irregular purchase behavior are increasing churn risk.
16862.0,0.35680744,Recency,0.05214401334524155,Tenure,0.00010959382052533329,Long time since last purchase and short customer tenure are increasing churn risk.
16864.0,0.61896855,Monetary,0.3032096326351166,Purchase_Interval_Std,0.16935406625270844,Low historical spending and irregular purchase behavior are increasing churn risk.
16867.0,0.65014994,Monetary,0.32326507568359375,Recency,0.16916228830814362,Low historical spending and long time since last purchase are increasing churn risk.
16868.0,0.5746302,Monetary,0.20233461260795593,Purchase_Interval_Std,0.160893514752388,Low historical spending and irregular purchase behavior are increasing churn risk.
16870.0,0.47828913,Purchase_Interval_Std,0.18607911467552185,Frequency,0.1601576805114746,Irregular purchase behavior and low purchase frequency are increasing churn risk.
16872.0,0.5961112,Monetary,0.3374204933643341,Purchase_Interval_Std,0.22306248545646667,Low historical spending and irregular purchase behavior are increasing churn risk.
16873.0,0.20163372,Tenure,0.0011471714824438095,None,0.0,Short customer tenure is increasing churn risk.
16875.0,0.3351656,Purchase_Interval_Std,0.10599145293235779,None,0.0,Irregular purchase behavior is increasing churn risk.
16880.0,0.5386663,Purchase_Interval_Std,0.19815191626548767,Monetary,0.17463397979736328,Irregular purchase behavior and low historical spending are increasing churn risk.
16883.0,0.20779435,AOV,0.01444518007338047,None,0.0,Low average order value is increasing churn risk.
16884.0,0.4504461,Purchase_Interval_Std,0.17306172847747803,Recency,0.020939243957400322,Irregular purchase behavior and long time since last purchase are increasing churn risk.
16886.0,0.59350455,Monetary,0.3374204933643341,Purchase_Interval_Std,0.22104600071907043,Low historical spending and irregular purchase behavior are increasing churn risk.
16887.0,0.5771496,Monetary,0.18688896298408508,Recency,0.16511359810829163,Low historical spending and long time since last purchase are increasing churn risk.
16888.0,0.52999,Recency,0.1803511083126068,Monetary,0.14842329919338226,Long time since last purchase and low historical spending are increasing churn risk.
16889.0,0.4385757,Purchase_Interval_Std,0.17306172847747803,Frequency,0.011586634442210197,Irregular purchase behavior and low purchase frequency are increasing churn risk.
16890.0,0.43874612,Monetary,0.20957599580287933,AOV,0.18452557921409607,Low historical spending and low average order value are increasing churn risk.
16891.0,0.2095182,None,0.0,None,0.0,No major behavioral factor is increasing the model's churn risk.
16892.0,0.5243245,Purchase_Interval_Std,0.20006915926933289,Monetary,0.1864960938692093,Irregular purchase behavior and low historical spending are increasing churn risk.
16894.0,0.2885004,Tenure,0.02022772654891014,Frequency,0.011887574568390846,Short customer tenure and low purchase frequency are increasing churn risk.
16895.0,0.34533975,Recency,0.016918927431106567,Tenure,0.0013016442535445094,Long time since last purchase and short customer tenure are increasing churn risk.
16896.0,0.60664684,Monetary,0.3037063181400299,Purchase_Interval_Std,0.2176630198955536,Low historical spending and irregular purchase behavior are increasing churn risk.
16898.0,0.56691664,Monetary,0.19493848085403442,Purchase_Interval_Std,0.18306328356266022,Low historical spending and irregular purchase behavior are increasing churn risk.
16901.0,0.5852814,Monetary,0.18688896298408508,Recency,0.18132317066192627,Low historical spending and long time since last purchase are increasing churn risk.
16905.0,0.21351787,None,0.0,None,0.0,No major behavioral factor is increasing the model's churn risk.
16906.0,0.5061134,Purchase_Interval_Std,0.16406910121440887,Monetary,0.14205409586429596,Irregular purchase behavior and low historical spending are increasing churn risk.
16907.0,0.6022708,Monetary,0.323303759098053,Purchase_Interval_Std,0.2176630198955536,Low historical spending and irregular purchase behavior are increasing churn risk.
16908.0,0.5852814,Monetary,0.18688896298408508,Recency,0.18132317066192627,Low historical spending and long time since last purchase are increasing churn risk.
16911.0,0.54643947,Monetary,0.18599937856197357,Recency,0.16107049584388733,Low historical spending and long time since last purchase are increasing churn risk.
16912.0,0.46824032,Recency,0.204892098903656,Purchase_Interval_Std,0.12236344814300537,Long time since last purchase and irregular purchase behavior are increasing churn risk.
16913.0,0.52390224,Recency,0.16107049584388733,Monetary,0.1463993936777115,Long time since last purchase and low historical spending are increasing churn risk.
16915.0,0.41212627,Purchase_Interval_Std,0.10359018296003342,Tenure,0.01110844686627388,Irregular purchase behavior and short customer tenure are increasing churn risk.
16917.0,0.49834266,Recency,0.2149581015110016,Frequency,0.16751216351985931,Long time since last purchase and low purchase frequency are increasing churn risk.
16918.0,0.20455916,None,0.0,None,0.0,No major behavioral factor is increasing the model's churn risk.
16919.0,0.33048397,Tenure,0.01301538571715355,Monetary,0.003344542346894741,Short customer tenure and low historical spending are increasing churn risk.
16921.0,0.585638,Monetary,0.2253371775150299,Purchase_Interval_Std,0.15982496738433838,Low historical spending and irregular purchase behavior are increasing churn risk.
16922.0,0.4919126,Purchase_Interval_Std,0.16146399080753326,Frequency,0.15105047821998596,Irregular purchase behavior and low purchase frequency are increasing churn risk.
16923.0,0.19772062,Tenure,0.0011471714824438095,None,0.0,Short customer tenure is increasing churn risk.
16925.0,0.60051006,Monetary,0.30662801861763,Purchase_Interval_Std,0.2176630198955536,Low historical spending and irregular purchase behavior are increasing churn risk.
16926.0,0.26517236,Tenure,0.022465260699391365,None,0.0,Short customer tenure is increasing churn risk.
16928.0,0.4433606,Monetary,0.22946059703826904,AOV,0.18452557921409607,Low historical spending and low average order value are increasing churn risk.
16932.0,0.60051006,Monetary,0.3037063181400299,Purchase_Interval_Std,0.1984473615884781,Low historical spending and irregular purchase behavior are increasing churn risk.
16933.0,0.2646619,None,0.0,None,0.0,No major behavioral factor is increasing the model's churn risk.
16934.0,0.30534992,Frequency,0.016521785408258438,Tenure,0.0155935138463974,Low purchase frequency and short customer tenure are increasing churn risk.
16937.0,0.5508459,Monetary,0.21423396468162537,Purchase_Interval_Std,0.20513363182544708,Low historical spending and irregular purchase behavior are increasing churn risk.
16938.0,0.26830426,Frequency,0.01425216905772686,None,0.0,Low purchase frequency is increasing churn risk.
16939.0,0.3455603,Monetary,0.008186537772417068,Tenure,0.0013016442535445094,Low historical spending and short customer tenure are increasing churn risk.
16940.0,0.29821834,Recency,0.0726868137717247,None,0.0,Long time since last purchase is increasing churn risk.
16941.0,0.6445749,Monetary,0.3163991868495941,Purchase_Interval_Std,0.15240545570850372,Low historical spending and irregular purchase behavior are increasing churn risk.
16943.0,0.45092383,Purchase_Interval_Std,0.17306172847747803,Recency,0.013647838495671749,Irregular purchase behavior and long time since last purchase are increasing churn risk.
16944.0,0.6287954,Monetary,0.3032096326351166,Purchase_Interval_Std,0.16612349450588226,Low historical spending and irregular purchase behavior are increasing churn risk.
16945.0,0.1926174,None,0.0,None,0.0,No major behavioral factor is increasing the model's churn risk.
16946.0,0.28023133,None,0.0,None,0.0,No major behavioral factor is increasing the model's churn risk.
16947.0,0.3241124,Monetary,0.014216579496860504,Tenure,0.0013016442535445094,Low historical spending and short customer tenure are increasing churn risk.
16948.0,0.3755931,Monetary,0.16633832454681396,Tenure,0.0013016442535445094,Low historical spending and short customer tenure are increasing churn risk.
16950.0,0.2219579,Tenure,0.0011471714824438095,None,0.0,Short customer tenure is increasing churn risk.
16952.0,0.4399365,Purchase_Interval_Std,0.1784611940383911,Frequency,0.01741289347410202,Irregular purchase behavior and low purchase frequency are increasing churn risk.
16954.0,0.19772062,Tenure,0.0011471714824438095,None,0.0,Short customer tenure is increasing churn risk.
16955.0,0.4504461,Purchase_Interval_Std,0.17306172847747803,Recency,0.020939243957400322,Irregular purchase behavior and long time since last purchase are increasing churn risk.
16960.0,0.4455901,Purchase_Interval_Std,0.17306172847747803,Recency,0.03637421876192093,Irregular purchase behavior and long time since last purchase are increasing churn risk.
16961.0,0.5690172,Monetary,0.23303797841072083,Purchase_Interval_Std,0.20813392102718353,Low historical spending and irregular purchase behavior are increasing churn risk.
16964.0,0.55251443,Monetary,0.18802328407764435,Recency,0.17223772406578064,Low historical spending and long time since last purchase are increasing churn risk.
16970.0,0.6445749,Monetary,0.3163991868495941,Purchase_Interval_Std,0.15240545570850372,Low historical spending and irregular purchase behavior are increasing churn risk.
16972.0,0.5386663,Purchase_Interval_Std,0.19815191626548767,Monetary,0.17463397979736328,Irregular purchase behavior and low historical spending are increasing churn risk.
16974.0,0.49913996,Purchase_Interval_Std,0.18513453006744385,Monetary,0.15327152609825134,Irregular purchase behavior and low historical spending are increasing churn risk.
16975.0,0.5016905,Purchase_Interval_Std,0.19053399562835693,Monetary,0.17576830089092255,Irregular purchase behavior and low historical spending are increasing churn risk.
16977.0,0.41406757,Monetary,0.16022717952728271,Recency,0.12336654216051102,Low historical spending and long time since last purchase are increasing churn risk.
16978.0,0.52999,Recency,0.18363001942634583,Monetary,0.14514440298080444,Long time since last purchase and low historical spending are increasing churn risk.
16984.0,0.1995446,Tenure,0.0011471714824438095,None,0.0,Short customer tenure is increasing churn risk.
16985.0,0.1926174,None,0.0,None,0.0,No major behavioral factor is increasing the model's churn risk.
16986.0,0.25907943,Recency,0.12994246184825897,Tenure,0.0011471714824438095,Long time since last purchase and short customer tenure are increasing churn risk.
16987.0,0.45795375,Recency,0.35092607140541077,None,0.0,Long time since last purchase is increasing churn risk.
16992.0,0.2646619,None,0.0,None,0.0,No major behavioral factor is increasing the model's churn risk.
16993.0,0.39721668,Purchase_Interval_Std,0.18868541717529297,Frequency,0.03815743327140808,Irregular purchase behavior and low purchase frequency are increasing churn risk.
17001.0,0.22639494,Tenure,0.018745340406894684,None,0.0,Short customer tenure is increasing churn risk.
17002.0,0.42057064,Monetary,0.15763887763023376,Recency,0.12336654216051102,Low historical spending and long time since last purchase are increasing churn risk.
17003.0,0.60187876,Monetary,0.30454015731811523,Purchase_Interval_Std,0.19016093015670776,Low historical spending and irregular purchase behavior are increasing churn risk.
17005.0,0.42138225,Purchase_Interval_Std,0.1784611940383911,Frequency,0.011586634442210197,Irregular purchase behavior and low purchase frequency are increasing churn risk.
17006.0,0.5868716,Monetary,0.2097500115633011,Recency,0.16204257309436798,Low historical spending and long time since last purchase are increasing churn risk.
17009.0,0.5553701,Purchase_Interval_Std,0.199734166264534,Monetary,0.18051978945732117,Irregular purchase behavior and low historical spending are increasing churn risk.
17011.0,0.52390224,Recency,0.16434940695762634,Monetary,0.14312049746513367,Long time since last purchase and low historical spending are increasing churn risk.
17012.0,0.57331216,Recency,0.18460208177566528,Monetary,0.14401008188724518,Long time since last purchase and low historical spending are increasing churn risk.
17016.0,0.5011949,Purchase_Interval_Std,0.1596142202615738,Frequency,0.14833541214466095,Irregular purchase behavior and low purchase frequency are increasing churn risk.
17017.0,0.4408131,Purchase_Interval_Std,0.17119356989860535,Recency,0.024839352816343307,Irregular purchase behavior and long time since last purchase are increasing churn risk.
17018.0,0.35830683,Recency,0.15958259999752045,None,0.0,Long time since last purchase is increasing churn risk.
17019.0,0.3088513,Recency,0.012033172883093357,Frequency,0.005826892331242561,Long time since last purchase and low purchase frequency are increasing churn risk.
17020.0,0.42106995,Purchase_Interval_Std,0.17576822638511658,Recency,0.04157823324203491,Irregular purchase behavior and long time since last purchase are increasing churn risk.
17021.0,0.26804987,Tenure,0.02022772654891014,None,0.0,Short customer tenure is increasing churn risk.
17023.0,0.43638772,Purchase_Interval_Std,0.1784611940383911,Frequency,0.01622084341943264,Irregular purchase behavior and low purchase frequency are increasing churn risk.
17025.0,0.48944846,Recency,0.2117215096950531,Frequency,0.16751216351985931,Long time since last purchase and low purchase frequency are increasing churn risk.
17027.0,0.54643947,Monetary,0.18599937856197357,Recency,0.16107049584388733,Low historical spending and long time since last purchase are increasing churn risk.
17028.0,0.41426915,Recency,0.12420576810836792,Purchase_Interval_Std,0.09427870810031891,Long time since last purchase and irregular purchase behavior are increasing churn risk.
17029.0,0.3102532,Frequency,0.013972442597150803,None,0.0,Low purchase frequency is increasing churn risk.
17031.0,0.2876397,Tenure,0.02022772654891014,Frequency,0.00933823361992836,Short customer tenure and low purchase frequency are increasing churn risk.
17032.0,0.2564504,Recency,0.12994246184825897,None,0.0,Long time since last purchase is increasing churn risk.
17034.0,0.5508459,Monetary,0.20430518686771393,Purchase_Interval_Std,0.199734166264534,Low historical spending and irregular purchase behavior are increasing churn risk.
17035.0,0.5766011,Monetary,0.2215004861354828,AOV,0.16257621347904205,Low historical spending and low average order value are increasing churn risk.
17039.0,0.49615332,Recency,0.2149581015110016,Frequency,0.1649039089679718,Long time since last purchase and low purchase frequency are increasing churn risk.
17040.0,0.63015354,Monetary,0.31689584255218506,Purchase_Interval_Std,0.20622165501117706,Low historical spending and irregular purchase behavior are increasing churn risk.
17041.0,0.5436279,Monetary,0.18115738034248352,Purchase_Interval_Std,0.15176020562648773,Low historical spending and irregular purchase behavior are increasing churn risk.
17043.0,0.45092383,Purchase_Interval_Std,0.17306172847747803,Recency,0.016569549217820168,Irregular purchase behavior and long time since last purchase are increasing churn risk.
17044.0,0.20700288,None,0.0,None,0.0,No major behavioral factor is increasing the model's churn risk.
17046.0,0.33111665,Tenure,0.006143640261143446,None,0.0,Short customer tenure is increasing churn risk.
17047.0,0.44399828,Recency,0.19871558248996735,Purchase_Interval_Std,0.11924552917480469,Long time since last purchase and irregular purchase behavior are increasing churn risk.
17048.0,0.33346665,Tenure,0.0013016442535445094,None,0.0,Short customer tenure is increasing churn risk.
17049.0,0.20340292,Tenure,0.0011471714824438095,None,0.0,Short customer tenure is increasing churn risk.
17050.0,0.27219662,None,0.0,None,0.0,No major behavioral factor is increasing the model's churn risk.
17051.0,0.51563394,Purchase_Interval_Std,0.1672595590353012,Monetary,0.1428879350423813,Irregular purchase behavior and low historical spending are increasing churn risk.
17056.0,0.6215851,Monetary,0.3100755512714386,Recency,0.16511359810829163,Low historical spending and long time since last purchase are increasing churn risk.
17057.0,0.56005794,Purchase_Interval_Std,0.14444349706172943,Monetary,0.14042308926582336,Irregular purchase behavior and low historical spending are increasing churn risk.
17059.0,0.2529124,None,0.0,None,0.0,No major behavioral factor is increasing the model's churn risk.
17063.0,0.26023102,None,0.0,None,0.0,No major behavioral factor is increasing the model's churn risk.
17065.0,0.57943606,Monetary,0.1991889327764511,Recency,0.14890961349010468,Low historical spending and long time since last purchase are increasing churn risk.
17066.0,0.5852814,Monetary,0.18688896298408508,Recency,0.18132317066192627,Low historical spending and long time since last purchase are increasing churn risk.
17067.0,0.46854833,Recency,0.2513280212879181,Purchase_Interval_Std,0.03544069826602936,Long time since last purchase and irregular purchase behavior are increasing churn risk.
17068.0,0.27494204,Purchase_Interval_Std,0.11004914343357086,Tenure,0.019075937569141388,Irregular purchase behavior and short customer tenure are increasing churn risk.
17069.0,0.43087146,Purchase_Interval_Std,0.1545088142156601,Recency,0.11332889646291733,Irregular purchase behavior and long time since last purchase are increasing churn risk.
17071.0,0.29332283,Frequency,0.013972442597150803,None,0.0,Low purchase frequency is increasing churn risk.
17072.0,0.5714811,Recency,0.16204257309436798,Monetary,0.15414991974830627,Long time since last purchase and low historical spending are increasing churn risk.
17074.0,0.5553701,Purchase_Interval_Std,0.199734166264534,Monetary,0.18051978945732117,Irregular purchase behavior and low historical spending are increasing churn risk.
17075.0,0.22208764,None,0.0,None,0.0,No major behavioral factor is increasing the model's churn risk.
17076.0,0.57985526,Monetary,0.21668389439582825,AOV,0.15362296998500824,Low historical spending and low average order value are increasing churn risk.
17077.0,0.55282426,Purchase_Interval_Std,0.1716870218515396,Frequency,0.14977703988552094,Irregular purchase behavior and low purchase frequency are increasing churn risk.
17080.0,0.36899447,Monetary,0.1869717836380005,Tenure,0.01301538571715355,Low historical spending and short customer tenure are increasing churn risk.
17081.0,0.5111604,Purchase_Interval_Std,0.19238349795341492,Monetary,0.16062292456626892,Irregular purchase behavior and low historical spending are increasing churn risk.
17082.0,0.42404628,Recency,0.38848546147346497,Frequency,0.009076159447431564,Long time since last purchase and low purchase frequency are increasing churn risk.
17083.0,0.2760421,None,0.0,None,0.0,No major behavioral factor is increasing the model's churn risk.
17085.0,0.1926174,None,0.0,None,0.0,No major behavioral factor is increasing the model's churn risk.
17087.0,0.5771496,Monetary,0.18688896298408508,Recency,0.16511359810829163,Low historical spending and long time since last purchase are increasing churn risk.
17090.0,0.4086381,Purchase_Interval_Std,0.10359018296003342,Tenure,0.013345982879400253,Irregular purchase behavior and short customer tenure are increasing churn risk.
17091.0,0.19554989,None,0.0,None,0.0,No major behavioral factor is increasing the model's churn risk.
17092.0,0.20926766,Tenure,0.0011471714824438095,None,0.0,Short customer tenure is increasing churn risk.
17093.0,0.56704146,Monetary,0.17744968831539154,Purchase_Interval_Std,0.1548008769750595,Low historical spending and irregular purchase behavior are increasing churn risk.
17095.0,0.29028162,Frequency,0.015164494514465332,None,0.0,Low purchase frequency is increasing churn risk.
17096.0,0.25776324,Tenure,0.02022772654891014,None,0.0,Short customer tenure is increasing churn risk.
17098.0,0.5432114,Purchase_Interval_Std,0.19275245070457458,Frequency,0.15249210596084595,Irregular purchase behavior and low purchase frequency are increasing churn risk.
17099.0,0.49239483,Purchase_Interval_Std,0.18067964911460876,Frequency,0.15489086508750916,Irregular purchase behavior and low purchase frequency are increasing churn risk.
17101.0,0.56300586,Purchase_Interval_Std,0.2058267891407013,Monetary,0.20540471374988556,Irregular purchase behavior and low historical spending are increasing churn risk.
17103.0,0.57331216,Recency,0.18460208177566528,Monetary,0.14401008188724518,Long time since last purchase and low historical spending are increasing churn risk.
17107.0,0.2750661,Frequency,0.011702826246619225,None,0.0,Low purchase frequency is increasing churn risk.
17108.0,0.59278005,Monetary,0.21177391707897186,Recency,0.18132317066192627,Low historical spending and long time since last purchase are increasing churn risk.
17109.0,0.5584976,Monetary,0.23911890387535095,Purchase_Interval_Std,0.21122625470161438,Low historical spending and irregular purchase behavior are increasing churn risk.
17110.0,0.5016905,Purchase_Interval_Std,0.18513453006744385,Monetary,0.1658395230770111,Irregular purchase behavior and low historical spending are increasing churn risk.
17112.0,0.5508459,Monetary,0.21423396468162537,Purchase_Interval_Std,0.20513363182544708,Low historical spending and irregular purchase behavior are increasing churn risk.
17113.0,0.2949366,Recency,0.22214969992637634,Tenure,0.0011471714824438095,Long time since last purchase and short customer tenure are increasing churn risk.
17115.0,0.30083805,Recency,0.08185158669948578,None,0.0,Long time since last purchase is increasing churn risk.
17116.0,0.5673274,Recency,0.165321484208107,Frequency,0.14238299429416656,Long time since last purchase and low purchase frequency are increasing churn risk.
17122.0,0.6022708,Monetary,0.3374204933643341,Purchase_Interval_Std,0.22306248545646667,Low historical spending and irregular purchase behavior are increasing churn risk.
17123.0,0.5553701,Monetary,0.18051978945732117,Purchase_Interval_Std,0.1805184930562973,Low historical spending and irregular purchase behavior are increasing churn risk.
17126.0,0.5428734,Purchase_Interval_Std,0.20136632025241852,Monetary,0.18836082518100739,Irregular purchase behavior and low historical spending are increasing churn risk.
17127.0,0.34088862,None,0.0,None,0.0,No major behavioral factor is increasing the model's churn risk.
17129.0,0.6258776,Monetary,0.3406812846660614,Purchase_Interval_Std,0.20622165501117706,Low historical spending and irregular purchase behavior are increasing churn risk.
17132.0,0.462216,Purchase_Interval_Std,0.18607911467552185,Frequency,0.15961045026779175,Irregular purchase behavior and low purchase frequency are increasing churn risk.
17133.0,0.20577191,Tenure,0.018745340406894684,None,0.0,Short customer tenure is increasing churn risk.
17135.0,0.49913996,Purchase_Interval_Std,0.19053399562835693,Monetary,0.16738829016685486,Irregular purchase behavior and low historical spending are increasing churn risk.
17136.0,0.5852814,Monetary,0.18688896298408508,Recency,0.18132317066192627,Low historical spending and long time since last purchase are increasing churn risk.
17137.0,0.2219579,Tenure,0.0011471714824438095,None,0.0,Short customer tenure is increasing churn risk.
17138.0,0.2401694,Recency,0.05193660408258438,Tenure,0.0011471714824438095,Long time since last purchase and short customer tenure are increasing churn risk.
17139.0,0.19476347,Tenure,0.0011471714824438095,None,0.0,Short customer tenure is increasing churn risk.
17141.0,0.52999,Recency,0.18363001942634583,Monetary,0.14514440298080444,Long time since last purchase and low historical spending are increasing churn risk.
17142.0,0.45248634,Purchase_Interval_Std,0.17306172847747803,Frequency,0.004881128203123808,Irregular purchase behavior and low purchase frequency are increasing churn risk.
17143.0,0.4753371,Purchase_Interval_Std,0.18067964911460876,Frequency,0.15961045026779175,Irregular purchase behavior and low purchase frequency are increasing churn risk.
17145.0,0.27758834,None,0.0,None,0.0,No major behavioral factor is increasing the model's churn risk.
17146.0,0.19476347,Tenure,0.0011471714824438095,None,0.0,Short customer tenure is increasing churn risk.
17147.0,0.30896991,Recency,0.0801490843296051,None,0.0,Long time since last purchase is increasing churn risk.
17150.0,0.32224938,Recency,0.08365028351545334,None,0.0,Long time since last purchase is increasing churn risk.
17151.0,0.5771496,Monetary,0.18688896298408508,Recency,0.16511359810829163,Low historical spending and long time since last purchase are increasing churn risk.
17155.0,0.30703145,Monetary,0.023837193846702576,Recency,0.02162890136241913,Low historical spending and long time since last purchase are increasing churn risk.
17156.0,0.47671506,Purchase_Interval_Std,0.18607911467552185,Frequency,0.15961045026779175,Irregular purchase behavior and low purchase frequency are increasing churn risk.
17157.0,0.1926174,None,0.0,None,0.0,No major behavioral factor is increasing the model's churn risk.
17158.0,0.44656685,Purchase_Interval_Std,0.17306172847747803,Recency,0.032301612198352814,Irregular purchase behavior and long time since last purchase are increasing churn risk.
17159.0,0.4399365,Purchase_Interval_Std,0.1784611940383911,Frequency,0.01622084341943264,Irregular purchase behavior and low purchase frequency are increasing churn risk.
17160.0,0.19554989,None,0.0,None,0.0,No major behavioral factor is increasing the model's churn risk.
17163.0,0.6246044,Monetary,0.3100755512714386,Recency,0.18132317066192627,Low historical spending and long time since last purchase are increasing churn risk.
17165.0,0.30896991,Recency,0.0801490843296051,None,0.0,Long time since last purchase is increasing churn risk.
17168.0,0.53613,Purchase_Interval_Std,0.19815191626548767,Monetary,0.1662539690732956,Irregular purchase behavior and low historical spending are increasing churn risk.
17169.0,0.55282426,Purchase_Interval_Std,0.1716870218515396,Frequency,0.14977703988552094,Irregular purchase behavior and low purchase frequency are increasing churn risk.
17171.0,0.60015917,Monetary,0.23220308125019073,Recency,0.18132317066192627,Low historical spending and long time since last purchase are increasing churn risk.
17172.0,0.57331216,Recency,0.18132317066192627,Monetary,0.147288978099823,Long time since last purchase and low historical spending are increasing churn risk.
17176.0,0.4457265,Purchase_Interval_Std,0.17306172847747803,Frequency,0.01622084341943264,Irregular purchase behavior and low purchase frequency are increasing churn risk.
17177.0,0.5961112,Monetary,0.3363858461380005,Purchase_Interval_Std,0.22306248545646667,Low historical spending and irregular purchase behavior are increasing churn risk.
17178.0,0.5692038,Recency,0.18163254857063293,Frequency,0.1435750424861908,Long time since last purchase and low purchase frequency are increasing churn risk.
17179.0,0.5607686,Purchase_Interval_Std,0.2041287124156952,Monetary,0.19801472127437592,Irregular purchase behavior and low historical spending are increasing churn risk.
17180.0,0.21180315,Tenure,0.0011471714824438095,None,0.0,Short customer tenure is increasing churn risk.
17181.0,0.6421732,Monetary,0.3163991868495941,Purchase_Interval_Std,0.16128836572170258,Low historical spending and irregular purchase behavior are increasing churn risk.
17182.0,0.59278005,Monetary,0.21177391707897186,Recency,0.18132317066192627,Low historical spending and long time since last purchase are increasing churn risk.
17184.0,0.54475516,Purchase_Interval_Std,0.2023458331823349,Monetary,0.1864960938692093,Irregular purchase behavior and low historical spending are increasing churn risk.
17185.0,0.56509227,Monetary,0.19120477139949799,Recency,0.1722702980041504,Low historical spending and long time since last purchase are increasing churn risk.
17187.0,0.5428734,Purchase_Interval_Std,0.19596685469150543,Monetary,0.17424406111240387,Irregular purchase behavior and low historical spending are increasing churn risk.
17188.0,0.21168412,None,0.0,None,0.0,No major behavioral factor is increasing the model's churn risk.
17189.0,0.36072865,Recency,0.018621427938342094,None,0.0,Long time since last purchase is increasing churn risk.
17190.0,0.32858422,Recency,0.051092371344566345,None,0.0,Long time since last purchase is increasing churn risk.
17191.0,0.2095182,None,0.0,None,0.0,No major behavioral factor is increasing the model's churn risk.
17192.0,0.63015354,Monetary,0.32409995794296265,Purchase_Interval_Std,0.20622165501117706,Low historical spending and irregular purchase behavior are increasing churn risk.
17193.0,0.64251333,Monetary,0.32326507568359375,Purchase_Interval_Std,0.15365518629550934,Low historical spending and irregular purchase behavior are increasing churn risk.
17194.0,0.49239483,Purchase_Interval_Std,0.18067964911460876,Frequency,0.15489086508750916,Irregular purchase behavior and low purchase frequency are increasing churn risk.
17195.0,0.52020276,Recency,0.19167225062847137,Frequency,0.14094135165214539,Long time since last purchase and low purchase frequency are increasing churn risk.
17199.0,0.6039347,Monetary,0.30454015731811523,Purchase_Interval_Std,0.19183512032032013,Low historical spending and irregular purchase behavior are increasing churn risk.
17200.0,0.5900538,Monetary,0.23508954048156738,AOV,0.15362296998500824,Low historical spending and low average order value are increasing churn risk.
17201.0,0.3102532,Frequency,0.013972442597150803,None,0.0,Low purchase frequency is increasing churn risk.
17204.0,0.5432114,Purchase_Interval_Std,0.19275245070457458,Frequency,0.15249210596084595,Irregular purchase behavior and low purchase frequency are increasing churn risk.
17205.0,0.54741186,Purchase_Interval_Std,0.19596685469150543,Monetary,0.1546466052532196,Irregular purchase behavior and low historical spending are increasing churn risk.
17207.0,0.5673274,Recency,0.16204257309436798,Monetary,0.14526508748531342,Long time since last purchase and low historical spending are increasing churn risk.
17209.0,0.45795375,Recency,0.35092607140541077,None,0.0,Long time since last purchase is increasing churn risk.
17211.0,0.41140556,Recency,0.4193408191204071,None,0.0,Long time since last purchase is increasing churn risk.
17212.0,0.4399365,Purchase_Interval_Std,0.1784611940383911,Tenure,0.013345982879400253,Irregular purchase behavior and short customer tenure are increasing churn risk.
17213.0,0.21091251,None,0.0,None,0.0,No major behavioral factor is increasing the model's churn risk.
17215.0,0.5584976,Monetary,0.23911890387535095,Purchase_Interval_Std,0.21122625470161438,Low historical spending and irregular purchase behavior are increasing churn risk.
17216.0,0.63015354,Monetary,0.31689584255218506,Purchase_Interval_Std,0.20622165501117706,Low historical spending and irregular purchase behavior are increasing churn risk.
17217.0,0.6259147,Monetary,0.3032096326351166,Purchase_Interval_Std,0.16384682059288025,Low historical spending and irregular purchase behavior are increasing churn risk.
17218.0,0.28548583,None,0.0,None,0.0,No major behavioral factor is increasing the model's churn risk.
17220.0,0.22546278,Tenure,0.0011471714824438095,None,0.0,Short customer tenure is increasing churn risk.
17221.0,0.42641369,Recency,0.2805784046649933,Tenure,0.00521731935441494,Long time since last purchase and short customer tenure are increasing churn risk.
17222.0,0.2219579,Tenure,0.0011471714824438095,None,0.0,Short customer tenure is increasing churn risk.
17224.0,0.60521865,Monetary,0.3374204933643341,Purchase_Interval_Std,0.2253391593694687,Low historical spending and irregular purchase behavior are increasing churn risk.
17225.0,0.6092529,Monetary,0.30454015731811523,Purchase_Interval_Std,0.19625529646873474,Low historical spending and irregular purchase behavior are increasing churn risk.
17226.0,0.57331216,Recency,0.18460208177566528,Monetary,0.14401008188724518,Long time since last purchase and low historical spending are increasing churn risk.
17227.0,0.3220222,Monetary,0.011833390220999718,Tenure,0.0013016442535445094,Low historical spending and short customer tenure are increasing churn risk.
17228.0,0.2139863,Tenure,0.0011471714824438095,None,0.0,Short customer tenure is increasing churn risk.
17230.0,0.25289175,Recency,0.13164496421813965,None,0.0,Long time since last purchase is increasing churn risk.
17231.0,0.1926174,None,0.0,None,0.0,No major behavioral factor is increasing the model's churn risk.
17233.0,0.59278005,Monetary,0.21177391707897186,Recency,0.18132317066192627,Low historical spending and long time since last purchase are increasing churn risk.
17235.0,0.31083933,Tenure,0.010777851566672325,Monetary,0.009374581277370453,Short customer tenure and low historical spending are increasing churn risk.
17236.0,0.22785307,Tenure,0.0011471714824438095,None,0.0,Short customer tenure is increasing churn risk.
17238.0,0.1926174,None,0.0,None,0.0,No major behavioral factor is increasing the model's churn risk.
17239.0,0.5386663,Purchase_Interval_Std,0.19275245070457458,Frequency,0.16105207800865173,Irregular purchase behavior and low purchase frequency are increasing churn risk.
17240.0,0.61417466,Monetary,0.3032096326351166,Purchase_Interval_Std,0.1673375815153122,Low historical spending and irregular purchase behavior are increasing churn risk.
17241.0,0.20817432,Tenure,0.0011471714824438095,None,0.0,Short customer tenure is increasing churn risk.
17242.0,0.27556637,Frequency,0.016521785408258438,None,0.0,Low purchase frequency is increasing churn risk.
17243.0,0.1926174,None,0.0,None,0.0,No major behavioral factor is increasing the model's churn risk.
17244.0,0.57516956,Recency,0.17835363745689392,Monetary,0.1610158234834671,Long time since last purchase and low historical spending are increasing churn risk.
17245.0,0.5852814,Monetary,0.18688896298408508,Recency,0.18132317066192627,Low historical spending and long time since last purchase are increasing churn risk.
17246.0,0.59712595,Monetary,0.3228721618652344,Purchase_Interval_Std,0.19673557579517365,Low historical spending and irregular purchase behavior are increasing churn risk.
17248.0,0.5508459,Monetary,0.21423396468162537,Purchase_Interval_Std,0.20513363182544708,Low historical spending and irregular purchase behavior are increasing churn risk.
17251.0,0.57331216,Recency,0.18132317066192627,Monetary,0.147288978099823,Long time since last purchase and low historical spending are increasing churn risk.
17256.0,0.4433606,Monetary,0.21483220160007477,AOV,0.18452557921409607,Low historical spending and low average order value are increasing churn risk.
17258.0,0.57745117,Recency,0.18132317066192627,Monetary,0.1610158234834671,Long time since last purchase and low historical spending are increasing churn risk.
17259.0,0.4450356,Purchase_Interval_Std,0.17306172847747803,Frequency,0.004333903081715107,Irregular purchase behavior and low purchase frequency are increasing churn risk.
17261.0,0.5508459,Monetary,0.2067829817533493,Purchase_Interval_Std,0.20257951319217682,Low historical spending and irregular purchase behavior are increasing churn risk.
17262.0,0.21984495,None,0.0,None,0.0,No major behavioral factor is increasing the model's churn risk.
17266.0,0.530717,Monetary,0.2202102690935135,Purchase_Interval_Std,0.20546863973140717,Low historical spending and irregular purchase behavior are increasing churn risk.
17268.0,0.21736936,None,0.0,None,0.0,No major behavioral factor is increasing the model's churn risk.
17270.0,0.43638772,Purchase_Interval_Std,0.1784611940383911,Frequency,0.01741289347410202,Irregular purchase behavior and low purchase frequency are increasing churn risk.
17271.0,0.5771496,Monetary,0.18688896298408508,Recency,0.16511359810829163,Low historical spending and long time since last purchase are increasing churn risk.
17278.0,0.63015354,Monetary,0.31689584255218506,Purchase_Interval_Std,0.20622165501117706,Low historical spending and irregular purchase behavior are increasing churn risk.
17281.0,0.31083933,Monetary,0.014216579496860504,Tenure,0.0013016442535445094,Low historical spending and short customer tenure are increasing churn risk.
17282.0,0.43638772,Purchase_Interval_Std,0.1784611940383911,Frequency,0.011586634442210197,Irregular purchase behavior and low purchase frequency are increasing churn risk.
17285.0,0.52390224,Recency,0.16434940695762634,Monetary,0.14312049746513367,Long time since last purchase and low historical spending are increasing churn risk.
17287.0,0.19838634,None,0.0,None,0.0,No major behavioral factor is increasing the model's churn risk.
17289.0,0.32910758,Tenure,0.0013016442535445094,None,0.0,Short customer tenure is increasing churn risk.
17290.0,0.3572504,Recency,0.04777432233095169,Monetary,0.0027428630273789167,Long time since last purchase and low historical spending are increasing churn risk.
17292.0,0.51359314,Purchase_Interval_Std,0.19968484342098236,Monetary,0.18949514627456665,Irregular purchase behavior and low historical spending are increasing churn risk.
17293.0,0.21542633,None,0.0,None,0.0,No major behavioral factor is increasing the model's churn risk.
17294.0,0.47641292,Recency,0.19070018827915192,Purchase_Interval_Std,0.12236344814300537,Long time since last purchase and irregular purchase behavior are increasing churn risk.
17296.0,0.57331216,Recency,0.18132317066192627,Monetary,0.147288978099823,Long time since last purchase and low historical spending are increasing churn risk.
17298.0,0.5016905,Purchase_Interval_Std,0.19053399562835693,Monetary,0.1806102842092514,Irregular purchase behavior and low historical spending are increasing churn risk.
17299.0,0.5508459,Monetary,0.21423396468162537,Purchase_Interval_Std,0.20513363182544708,Low historical spending and irregular purchase behavior are increasing churn risk.
17300.0,0.56604314,Monetary,0.25954803824424744,Purchase_Interval_Std,0.2135334014892578,Low historical spending and irregular purchase behavior are increasing churn risk.
17301.0,0.62115484,Monetary,0.3032096326351166,Recency,0.16204257309436798,Low historical spending and long time since last purchase are increasing churn risk.
17304.0,0.60664684,Monetary,0.3109104037284851,Purchase_Interval_Std,0.2176630198955536,Low historical spending and irregular purchase behavior are increasing churn risk.
17305.0,0.49196526,Recency,0.2149581015110016,Frequency,0.16751216351985931,Long time since last purchase and low purchase frequency are increasing churn risk.
17307.0,0.20360386,Tenure,0.0011471714824438095,None,0.0,Short customer tenure is increasing churn risk.
17309.0,0.5852814,Monetary,0.18688896298408508,Recency,0.18132317066192627,Low historical spending and long time since last purchase are increasing churn risk.
17310.0,0.46893728,Purchase_Interval_Std,0.18067964911460876,Frequency,0.1782369166612625,Irregular purchase behavior and low purchase frequency are increasing churn risk.
17311.0,0.42411667,Purchase_Interval_Std,0.17576822638511658,Recency,0.04894430190324783,Irregular purchase behavior and long time since last purchase are increasing churn risk.
17314.0,0.20138475,None,0.0,None,0.0,No major behavioral factor is increasing the model's churn risk.
17318.0,0.59585446,Monetary,0.22278957068920135,Recency,0.18132317066192627,Low historical spending and long time since last purchase are increasing churn risk.
17319.0,0.65014994,Monetary,0.32326507568359375,Recency,0.16916228830814362,Low historical spending and long time since last purchase are increasing churn risk.
17320.0,0.39112446,Purchase_Interval_Std,0.1784611940383911,Frequency,0.04279164597392082,Irregular purchase behavior and low purchase frequency are increasing churn risk.
17321.0,0.45092383,Purchase_Interval_Std,0.17306172847747803,Recency,0.016569549217820168,Irregular purchase behavior and long time since last purchase are increasing churn risk.
17322.0,0.6215851,Monetary,0.3100755512714386,Recency,0.16511359810829163,Low historical spending and long time since last purchase are increasing churn risk.
17323.0,0.31083933,Monetary,0.014216579496860504,Tenure,0.0013016442535445094,Low historical spending and short customer tenure are increasing churn risk.
17324.0,0.21167812,AOV,0.01444518007338047,None,0.0,Low average order value is increasing churn risk.
17325.0,0.6259147,Monetary,0.3080516457557678,Purchase_Interval_Std,0.16384682059288025,Low historical spending and irregular purchase behavior are increasing churn risk.
17326.0,0.56300586,Monetary,0.2151890993118286,Purchase_Interval_Std,0.2058267891407013,Low historical spending and irregular purchase behavior are increasing churn risk.
17327.0,0.63015354,Monetary,0.31689584255218506,Purchase_Interval_Std,0.20622165501117706,Low historical spending and irregular purchase behavior are increasing churn risk.
17328.0,0.6316153,Monetary,0.3100755512714386,Recency,0.17617933452129364,Low historical spending and long time since last purchase are increasing churn risk.
17329.0,0.4734593,Recency,0.24390895664691925,Purchase_Interval_Std,0.07368499040603638,Long time since last purchase and irregular purchase behavior are increasing churn risk.
17330.0,0.59972733,Monetary,0.3228721618652344,Purchase_Interval_Std,0.19860373437404633,Low historical spending and irregular purchase behavior are increasing churn risk.
17332.0,0.25185376,Recency,0.039554402232170105,Tenure,0.0011471714824438095,Long time since last purchase and short customer tenure are increasing churn risk.
17335.0,0.60015917,Monetary,0.23220308125019073,Recency,0.18132317066192627,Low historical spending and long time since last purchase are increasing churn risk.
17336.0,0.6258776,Monetary,0.35061004757881165,Purchase_Interval_Std,0.21162112057209015,Low historical spending and irregular purchase behavior are increasing churn risk.
17338.0,0.20163372,Tenure,0.0011471714824438095,None,0.0,Short customer tenure is increasing churn risk.
17339.0,0.6258776,Monetary,0.3431590795516968,Purchase_Interval_Std,0.20906700193881989,Low historical spending and irregular purchase behavior are increasing churn risk.
17340.0,0.20163372,Tenure,0.0011471714824438095,None,0.0,Short customer tenure is increasing churn risk.
17341.0,0.45092383,Purchase_Interval_Std,0.17306172847747803,Recency,0.013647838495671749,Irregular purchase behavior and long time since last purchase are increasing churn risk.
17342.0,0.3234175,Recency,0.01212936919182539,Frequency,0.002085500629618764,Long time since last purchase and low purchase frequency are increasing churn risk.
17343.0,0.26933506,None,0.0,None,0.0,No major behavioral factor is increasing the model's churn risk.
17344.0,0.57331216,Recency,0.18132317066192627,Monetary,0.147288978099823,Long time since last purchase and low historical spending are increasing churn risk.
17345.0,0.26968688,Recency,0.049678295850753784,None,0.0,Long time since last purchase is increasing churn risk.
17346.0,0.22195157,Tenure,0.03750140219926834,None,0.0,Short customer tenure is increasing churn risk.
17348.0,0.45741287,Recency,0.14097654819488525,Purchase_Interval_Std,0.12812843918800354,Long time since last purchase and irregular purchase behavior are increasing churn risk.
17349.0,0.5243245,Purchase_Interval_Std,0.20006915926933289,Monetary,0.18457582592964172,Irregular purchase behavior and low historical spending are increasing churn risk.
17350.0,0.45092383,Purchase_Interval_Std,0.17306172847747803,Recency,0.016569549217820168,Irregular purchase behavior and long time since last purchase are increasing churn risk.
17351.0,0.2076267,None,0.0,None,0.0,No major behavioral factor is increasing the model's churn risk.
17352.0,0.65014994,Monetary,0.32326507568359375,Recency,0.16916228830814362,Low historical spending and long time since last purchase are increasing churn risk.
17353.0,0.39721668,Purchase_Interval_Std,0.18116769194602966,Frequency,0.04279164597392082,Irregular purchase behavior and low purchase frequency are increasing churn risk.
17356.0,0.31692746,Recency,0.08309125155210495,None,0.0,Long time since last purchase is increasing churn risk.
17358.0,0.62369657,Monetary,0.3080516457557678,Purchase_Interval_Std,0.16384682059288025,Low historical spending and irregular purchase behavior are increasing churn risk.
17359.0,0.5942845,Monetary,0.23017917573451996,Recency,0.16204257309436798,Low historical spending and long time since last purchase are increasing churn risk.
17361.0,0.52999,Recency,0.18363001942634583,Monetary,0.14514440298080444,Long time since last purchase and low historical spending are increasing churn risk.
17362.0,0.44646388,Recency,0.3803812861442566,Tenure,0.0009538417216390371,Long time since last purchase and short customer tenure are increasing churn risk.
17364.0,0.1926174,None,0.0,None,0.0,No major behavioral factor is increasing the model's churn risk.
17365.0,0.26558742,None,0.0,None,0.0,No major behavioral factor is increasing the model's churn risk.
17366.0,0.47671506,Purchase_Interval_Std,0.18607911467552185,Frequency,0.15961045026779175,Irregular purchase behavior and low purchase frequency are increasing churn risk.
17368.0,0.34927925,Tenure,0.00010959382052533329,None,0.0,Short customer tenure is increasing churn risk.
17369.0,0.43318623,Purchase_Interval_Std,0.1887855976819992,Frequency,0.1861812323331833,Irregular purchase behavior and low purchase frequency are increasing churn risk.
17371.0,0.54817563,Recency,0.32043954730033875,Monetary,0.19524972140789032,Long time since last purchase and low historical spending are increasing churn risk.
17372.0,0.19838634,None,0.0,None,0.0,No major behavioral factor is increasing the model's churn risk.
17373.0,0.59279203,Monetary,0.23017917573451996,Recency,0.16204257309436798,Low historical spending and long time since last purchase are increasing churn risk.
17376.0,0.59115326,Monetary,0.323303759098053,Purchase_Interval_Std,0.21374467015266418,Low historical spending and irregular purchase behavior are increasing churn risk.
17377.0,0.1926174,None,0.0,None,0.0,No major behavioral factor is increasing the model's churn risk.
17380.0,0.4399365,Purchase_Interval_Std,0.1784611940383911,Tenure,0.015330223366618156,Irregular purchase behavior and short customer tenure are increasing churn risk.
17381.0,0.25080788,Tenure,0.02022772654891014,None,0.0,Short customer tenure is increasing churn risk.
17382.0,0.4083887,Monetary,0.19394409656524658,AOV,0.18452557921409607,Low historical spending and low average order value are increasing churn risk.
17384.0,0.5584976,Monetary,0.23911890387535095,Purchase_Interval_Std,0.21122625470161438,Low historical spending and irregular purchase behavior are increasing churn risk.
17388.0,0.22208764,None,0.0,None,0.0,No major behavioral factor is increasing the model's churn risk.
17389.0,0.1926174,None,0.0,None,0.0,No major behavioral factor is increasing the model's churn risk.
17393.0,0.5508459,Monetary,0.21423396468162537,Purchase_Interval_Std,0.20513363182544708,Low historical spending and irregular purchase behavior are increasing churn risk.
17395.0,0.6258776,Monetary,0.349575400352478,Purchase_Interval_Std,0.2156132310628891,Low historical spending and irregular purchase behavior are increasing churn risk.
17400.0,0.3385747,Recency,0.1753111034631729,None,0.0,Long time since last purchase is increasing churn risk.
17401.0,0.60051006,Monetary,0.30662801861763,Purchase_Interval_Std,0.2176630198955536,Low historical spending and irregular purchase behavior are increasing churn risk.
17402.0,0.21542633,None,0.0,None,0.0,No major behavioral factor is increasing the model's churn risk.
17404.0,0.19735877,None,0.0,None,0.0,No major behavioral factor is increasing the model's churn risk.
17406.0,0.2237815,None,0.0,None,0.0,No major behavioral factor is increasing the model's churn risk.
17408.0,0.5111604,Purchase_Interval_Std,0.197782963514328,Monetary,0.18949514627456665,Irregular purchase behavior and low historical spending are increasing churn risk.
17409.0,0.26114747,Recency,0.12994246184825897,None,0.0,Long time since last purchase is increasing churn risk.
17411.0,0.56512016,Recency,0.16511359810829163,Monetary,0.147288978099823,Long time since last purchase and low historical spending are increasing churn risk.
17412.0,0.20901175,None,0.0,None,0.0,No major behavioral factor is increasing the model's churn risk.
17413.0,0.5553701,Purchase_Interval_Std,0.199734166264534,Monetary,0.18051978945732117,Irregular purchase behavior and low historical spending are increasing churn risk.
17414.0,0.32547677,Recency,0.019311098381876945,Frequency,0.003277551382780075,Long time since last purchase and low purchase frequency are increasing churn risk.
17416.0,0.20301208,None,0.0,None,0.0,No major behavioral factor is increasing the model's churn risk.
17417.0,0.56614053,Monetary,0.21642036736011505,Purchase_Interval_Std,0.2058267891407013,Low historical spending and irregular purchase behavior are increasing churn risk.
17419.0,0.26023102,None,0.0,None,0.0,No major behavioral factor is increasing the model's churn risk.
17421.0,0.61903775,Monetary,0.3100755512714386,Recency,0.16511359810829163,Low historical spending and long time since last purchase are increasing churn risk.
17422.0,0.43638772,Purchase_Interval_Std,0.1784611940383911,Tenure,0.015330223366618156,Irregular purchase behavior and short customer tenure are increasing churn risk.
17426.0,0.42711446,Recency,0.38848546147346497,Frequency,0.00788410846143961,Long time since last purchase and low purchase frequency are increasing churn risk.
17428.0,0.20543985,None,0.0,None,0.0,No major behavioral factor is increasing the model's churn risk.
17430.0,0.5508459,Monetary,0.21423396468162537,Purchase_Interval_Std,0.20513363182544708,Low historical spending and irregular purchase behavior are increasing churn risk.
17432.0,0.38108233,Recency,0.10997501760721207,None,0.0,Long time since last purchase is increasing churn risk.
17436.0,0.53615946,Monetary,0.18342600762844086,Purchase_Interval_Std,0.1551358848810196,Low historical spending and irregular purchase behavior are increasing churn risk.
17437.0,0.5406788,Purchase_Interval_Std,0.19275245070457458,Frequency,0.15633250772953033,Irregular purchase behavior and low purchase frequency are increasing churn risk.
17438.0,0.35642356,Recency,0.013997216708958149,Tenure,0.0013016442535445094,Long time since last purchase and short customer tenure are increasing churn risk.
17439.0,0.57331216,Recency,0.18132317066192627,Monetary,0.147288978099823,Long time since last purchase and low historical spending are increasing churn risk.
17440.0,0.5955695,Monetary,0.3037063181400299,Purchase_Interval_Std,0.21374467015266418,Low historical spending and irregular purchase behavior are increasing churn risk.
17441.0,0.57102484,Recency,0.17835363745689392,Monetary,0.147288978099823,Long time since last purchase and low historical spending are increasing churn risk.
17442.0,0.21129267,Tenure,0.0011471714824438095,None,0.0,Short customer tenure is increasing churn risk.
17448.0,0.19476347,Tenure,0.0011471714824438095,None,0.0,Short customer tenure is increasing churn risk.
17449.0,0.30896991,Recency,0.0801490843296051,None,0.0,Long time since last purchase is increasing churn risk.
17454.0,0.21180315,Tenure,0.0011471714824438095,None,0.0,Short customer tenure is increasing churn risk.
17456.0,0.45787776,Purchase_Interval_Std,0.18607911467552185,Frequency,0.15961045026779175,Irregular purchase behavior and low purchase frequency are increasing churn risk.
17457.0,0.19735877,None,0.0,None,0.0,No major behavioral factor is increasing the model's churn risk.
17460.0,0.2098965,Tenure,0.0011471714824438095,None,0.0,Short customer tenure is increasing churn risk.
17463.0,0.4504461,Purchase_Interval_Std,0.17306172847747803,Recency,0.020939243957400322,Irregular purchase behavior and long time since last purchase are increasing churn risk.
17464.0,0.43516764,Purchase_Interval_Std,0.17306172847747803,Frequency,0.01622084341943264,Irregular purchase behavior and low purchase frequency are increasing churn risk.
17465.0,0.20323397,None,0.0,None,0.0,No major behavioral factor is increasing the model's churn risk.
17469.0,0.1926174,None,0.0,None,0.0,No major behavioral factor is increasing the model's churn risk.
17470.0,0.31260088,Tenure,0.01301538571715355,None,0.0,Short customer tenure is increasing churn risk.
17471.0,0.5386663,Purchase_Interval_Std,0.19815191626548767,Monetary,0.17463397979736328,Irregular purchase behavior and low historical spending are increasing churn risk.
17472.0,0.5793413,Monetary,0.18002305924892426,Recency,0.16204257309436798,Low historical spending and long time since last purchase are increasing churn risk.
17473.0,0.5386663,Purchase_Interval_Std,0.19815191626548767,Monetary,0.17463397979736328,Irregular purchase behavior and low historical spending are increasing churn risk.
17474.0,0.49095416,Recency,0.18578919768333435,Frequency,0.16495497524738312,Long time since last purchase and low purchase frequency are increasing churn risk.
17476.0,0.56927896,Recency,0.16511359810829163,Monetary,0.1610158234834671,Long time since last purchase and low historical spending are increasing churn risk.
17477.0,0.44833127,Recency,0.21398603916168213,Purchase_Interval_Std,0.12195201963186264,Long time since last purchase and irregular purchase behavior are increasing churn risk.
17478.0,0.5087011,Recency,0.18611782789230347,Frequency,0.14094135165214539,Long time since last purchase and low purchase frequency are increasing churn risk.
17479.0,0.5673274,Recency,0.165321484208107,Frequency,0.14238299429416656,Long time since last purchase and low purchase frequency are increasing churn risk.
17482.0,0.39721668,Purchase_Interval_Std,0.1784611940383911,Frequency,0.03815743327140808,Irregular purchase behavior and low purchase frequency are increasing churn risk.
17484.0,0.53291166,Purchase_Interval_Std,0.1790037304162979,Monetary,0.17857787013053894,Irregular purchase behavior and low historical spending are increasing churn risk.
17487.0,0.60015917,Monetary,0.23220308125019073,Recency,0.18132317066192627,Low historical spending and long time since last purchase are increasing churn risk.
17488.0,0.5673274,Recency,0.16204257309436798,Monetary,0.14526508748531342,Long time since last purchase and low historical spending are increasing churn risk.
17490.0,0.5432114,Purchase_Interval_Std,0.19275245070457458,Frequency,0.15249210596084595,Irregular purchase behavior and low purchase frequency are increasing churn risk.
17491.0,0.26517236,Tenure,0.02022772654891014,None,0.0,Short customer tenure is increasing churn risk.
17492.0,0.42138225,Purchase_Interval_Std,0.1784611940383911,Tenure,0.013345982879400253,Irregular purchase behavior and short customer tenure are increasing churn risk.
17494.0,0.6258776,Monetary,0.35061004757881165,Purchase_Interval_Std,0.21162112057209015,Low historical spending and irregular purchase behavior are increasing churn risk.
17496.0,0.40008965,Purchase_Interval_Std,0.10818102210760117,Recency,0.05136267840862274,Irregular purchase behavior and long time since last purchase are increasing churn risk.
17497.0,0.5793413,Monetary,0.18002305924892426,Recency,0.16204257309436798,Low historical spending and long time since last purchase are increasing churn risk.
17499.0,0.48799336,Purchase_Interval_Std,0.18067964911460876,Frequency,0.15105047821998596,Irregular purchase behavior and low purchase frequency are increasing churn risk.
17504.0,0.20163372,Tenure,0.0011471714824438095,None,0.0,Short customer tenure is increasing churn risk.
17505.0,0.33101997,Recency,0.049293674528598785,Tenure,0.013822946697473526,Long time since last purchase and short customer tenure are increasing churn risk.
17508.0,0.19735877,None,0.0,None,0.0,No major behavioral factor is increasing the model's churn risk.
17511.0,0.1926174,None,0.0,None,0.0,No major behavioral factor is increasing the model's churn risk.
17512.0,0.20901175,None,0.0,None,0.0,No major behavioral factor is increasing the model's churn risk.
17513.0,0.53613,Purchase_Interval_Std,0.19815191626548767,Monetary,0.1662539690732956,Irregular purchase behavior and low historical spending are increasing churn risk.
17514.0,0.57331216,Recency,0.18132317066192627,Monetary,0.147288978099823,Long time since last purchase and low historical spending are increasing churn risk.
17515.0,0.32908955,Tenure,0.010777851566672325,None,0.0,Short customer tenure is increasing churn risk.
17518.0,0.5942845,Monetary,0.2253371775150299,Recency,0.16204257309436798,Low historical spending and long time since last purchase are increasing churn risk.
17519.0,0.20900084,None,0.0,None,0.0,No major behavioral factor is increasing the model's churn risk.
17526.0,0.20323397,None,0.0,None,0.0,No major behavioral factor is increasing the model's churn risk.
17529.0,0.44833127,Recency,0.21398603916168213,Purchase_Interval_Std,0.12195201963186264,Long time since last purchase and irregular purchase behavior are increasing churn risk.
17530.0,0.4594658,Purchase_Interval_Std,0.15367048978805542,Recency,0.07896435260772705,Irregular purchase behavior and long time since last purchase are increasing churn risk.
17531.0,0.42003807,Purchase_Interval_Std,0.17576822638511658,Frequency,0.030904702842235565,Irregular purchase behavior and low purchase frequency are increasing churn risk.
17534.0,0.32539493,Recency,0.049293674528598785,None,0.0,Long time since last purchase is increasing churn risk.
17536.0,0.65014994,Monetary,0.32326507568359375,Recency,0.16916228830814362,Low historical spending and long time since last purchase are increasing churn risk.
17539.0,0.41140556,Recency,0.4193408191204071,None,0.0,Long time since last purchase is increasing churn risk.
17540.0,0.33667842,Tenure,0.007775384467095137,None,0.0,Short customer tenure is increasing churn risk.
17541.0,0.5961112,Monetary,0.32996952533721924,Purchase_Interval_Std,0.2205083668231964,Low historical spending and irregular purchase behavior are increasing churn risk.
17542.0,0.5869658,Monetary,0.2240738868713379,AOV,0.15362296998500824,Low historical spending and low average order value are increasing churn risk.
17543.0,0.60051006,Monetary,0.3037063181400299,Purchase_Interval_Std,0.2176630198955536,Low historical spending and irregular purchase behavior are increasing churn risk.
17545.0,0.55282426,Purchase_Interval_Std,0.1716870218515396,Frequency,0.14977703988552094,Irregular purchase behavior and low purchase frequency are increasing churn risk.
17547.0,0.57331216,Recency,0.18460208177566528,Monetary,0.14401008188724518,Long time since last purchase and low historical spending are increasing churn risk.
17550.0,0.21786165,Tenure,0.0011471714824438095,None,0.0,Short customer tenure is increasing churn risk.
17552.0,0.21415877,Tenure,0.018745340406894684,None,0.0,Short customer tenure is increasing churn risk.
17553.0,0.29061836,Tenure,0.0155935138463974,Frequency,0.013972442597150803,Short customer tenure and low purchase frequency are increasing churn risk.
17555.0,0.58210635,Monetary,0.22666770219802856,Purchase_Interval_Std,0.18874268233776093,Low historical spending and irregular purchase behavior are increasing churn risk.
17557.0,0.64802164,Monetary,0.32326507568359375,Recency,0.16619274020195007,Low historical spending and long time since last purchase are increasing churn risk.
17559.0,0.5584976,Monetary,0.22919012606143951,Purchase_Interval_Std,0.2058267891407013,Low historical spending and irregular purchase behavior are increasing churn risk.
17560.0,0.49913996,Purchase_Interval_Std,0.18513453006744385,Monetary,0.13851609826087952,Irregular purchase behavior and low historical spending are increasing churn risk.
17561.0,0.49913996,Purchase_Interval_Std,0.18513453006744385,Monetary,0.14572016894817352,Irregular purchase behavior and low historical spending are increasing churn risk.
17563.0,0.51139116,Purchase_Interval_Std,0.16406910121440887,Monetary,0.13960903882980347,Irregular purchase behavior and low historical spending are increasing churn risk.
17565.0,0.6092529,Monetary,0.30454015731811523,Purchase_Interval_Std,0.19625529646873474,Low historical spending and irregular purchase behavior are increasing churn risk.
17568.0,0.5673274,Recency,0.165321484208107,Frequency,0.14238299429416656,Long time since last purchase and low purchase frequency are increasing churn risk.
17571.0,0.5553701,Purchase_Interval_Std,0.199734166264534,Monetary,0.18344150483608246,Irregular purchase behavior and low historical spending are increasing churn risk.
17572.0,0.46712166,Monetary,0.3129294216632843,AOV,0.18452557921409607,Low historical spending and low average order value are increasing churn risk.
17575.0,0.59278005,Monetary,0.21177391707897186,Recency,0.18132317066192627,Low historical spending and long time since last purchase are increasing churn risk.
17576.0,0.1926174,None,0.0,None,0.0,No major behavioral factor is increasing the model's churn risk.
17577.0,0.52390224,Recency,0.16107049584388733,Monetary,0.1463993936777115,Long time since last purchase and low historical spending are increasing churn risk.
17578.0,0.2349806,Tenure,0.08169133961200714,None,0.0,Short customer tenure is increasing churn risk.
17579.0,0.55282426,Purchase_Interval_Std,0.1716870218515396,Frequency,0.14977703988552094,Irregular purchase behavior and low purchase frequency are increasing churn risk.
17581.0,0.1926174,None,0.0,None,0.0,No major behavioral factor is increasing the model's churn risk.
17582.0,0.3244105,Recency,0.020550768822431564,Tenure,0.0155935138463974,Long time since last purchase and short customer tenure are increasing churn risk.
17583.0,0.59791267,Monetary,0.3037063181400299,Purchase_Interval_Std,0.21564653515815735,Low historical spending and irregular purchase behavior are increasing churn risk.
17584.0,0.24604453,None,0.0,None,0.0,No major behavioral factor is increasing the model's churn risk.
17585.0,0.4256461,Purchase_Interval_Std,0.1784611940383911,Tenure,0.013345982879400253,Irregular purchase behavior and short customer tenure are increasing churn risk.
17586.0,0.5868716,Monetary,0.20490801334381104,Recency,0.16204257309436798,Low historical spending and long time since last purchase are increasing churn risk.
17587.0,0.5868716,Monetary,0.20490801334381104,Recency,0.16204257309436798,Low historical spending and long time since last purchase are increasing churn risk.
17588.0,0.42411667,Purchase_Interval_Std,0.17576822638511658,Recency,0.05074299871921539,Irregular purchase behavior and long time since last purchase are increasing churn risk.
17589.0,0.19476347,Tenure,0.0011471714824438095,None,0.0,Short customer tenure is increasing churn risk.
17591.0,0.6216574,Monetary,0.3100755512714386,Recency,0.18132317066192627,Low historical spending and long time since last purchase are increasing churn risk.
17592.0,0.6137682,Monetary,0.3100755512714386,Recency,0.16511359810829163,Low historical spending and long time since last purchase are increasing churn risk.
17593.0,0.24894807,Recency,0.05363909900188446,None,0.0,Long time since last purchase is increasing churn risk.
17594.0,0.51323664,Recency,0.18036819994449615,Frequency,0.13833311200141907,Long time since last purchase and low purchase frequency are increasing churn risk.
17596.0,0.24827893,Recency,0.04503363370895386,None,0.0,Long time since last purchase is increasing churn risk.
17597.0,0.2885004,Tenure,0.02022772654891014,Frequency,0.011887574568390846,Short customer tenure and low purchase frequency are increasing churn risk.
17599.0,0.6258776,Monetary,0.35061004757881165,Purchase_Interval_Std,0.21162112057209015,Low historical spending and irregular purchase behavior are increasing churn risk.
17602.0,0.20777196,Tenure,0.018745340406894684,None,0.0,Short customer tenure is increasing churn risk.
17603.0,0.42153373,Recency,0.38848546147346497,Frequency,0.01162550039589405,Long time since last purchase and low purchase frequency are increasing churn risk.
17604.0,0.3786466,Monetary,0.18541812896728516,Tenure,0.0013016442535445094,Low historical spending and short customer tenure are increasing churn risk.
17605.0,0.58210635,Monetary,0.2227637767791748,Purchase_Interval_Std,0.16320064663887024,Low historical spending and irregular purchase behavior are increasing churn risk.
17606.0,0.64251333,Monetary,0.32326507568359375,Purchase_Interval_Std,0.15365518629550934,Low historical spending and irregular purchase behavior are increasing churn risk.
17608.0,0.58783954,Monetary,0.21592366695404053,Recency,0.16204257309436798,Low historical spending and long time since last purchase are increasing churn risk.
17609.0,0.37935713,Recency,0.13404355943202972,Tenure,0.006987888365983963,Long time since last purchase and short customer tenure are increasing churn risk.
17610.0,0.28220356,Recency,0.11557724326848984,None,0.0,Long time since last purchase is increasing churn risk.
17611.0,0.1926174,None,0.0,None,0.0,No major behavioral factor is increasing the model's churn risk.
17612.0,0.1926174,None,0.0,None,0.0,No major behavioral factor is increasing the model's churn risk.
17615.0,0.5961112,Monetary,0.3374204933643341,Purchase_Interval_Std,0.22306248545646667,Low historical spending and irregular purchase behavior are increasing churn risk.
17617.0,0.5406788,Purchase_Interval_Std,0.19275245070457458,Frequency,0.15249210596084595,Irregular purchase behavior and low purchase frequency are increasing churn risk.
17618.0,0.2156498,Tenure,0.0011471714824438095,None,0.0,Short customer tenure is increasing churn risk.
17622.0,0.44949698,Recency,0.1848171353340149,Purchase_Interval_Std,0.12745924293994904,Long time since last purchase and irregular purchase behavior are increasing churn risk.
17623.0,0.22208764,None,0.0,None,0.0,No major behavioral factor is increasing the model's churn risk.
17624.0,0.57331216,Recency,0.18132317066192627,Monetary,0.147288978099823,Long time since last purchase and low historical spending are increasing churn risk.
17625.0,0.31746364,Recency,0.040128909051418304,None,0.0,Long time since last purchase is increasing churn risk.
17626.0,0.5721215,Monetary,0.18002305924892426,Purchase_Interval_Std,0.14591796696186066,Low historical spending and irregular purchase behavior are increasing churn risk.
17627.0,0.5386663,Purchase_Interval_Std,0.19815191626548767,Monetary,0.17463397979736328,Irregular purchase behavior and low historical spending are increasing churn risk.
17631.0,0.4889524,Recency,0.34110236167907715,Monetary,0.1690414547920227,Long time since last purchase and low historical spending are increasing churn risk.
17635.0,0.40981635,Purchase_Interval_Std,0.17576822638511658,Frequency,0.03815743327140808,Irregular purchase behavior and low purchase frequency are increasing churn risk.
17638.0,0.44584185,Recency,0.21074944734573364,Purchase_Interval_Std,0.12195201963186264,Long time since last purchase and irregular purchase behavior are increasing churn risk.
17639.0,0.42680004,Monetary,0.21483220160007477,AOV,0.18452557921409607,Low historical spending and low average order value are increasing churn risk.
17640.0,0.32697013,Recency,0.01760859787464142,Tenure,0.0155935138463974,Long time since last purchase and short customer tenure are increasing churn risk.
17642.0,0.46931344,Recency,0.17642660439014435,Purchase_Interval_Std,0.11924552917480469,Long time since last purchase and irregular purchase behavior are increasing churn risk.
17643.0,0.5386663,Purchase_Interval_Std,0.19815191626548767,Monetary,0.17359931766986847,Irregular purchase behavior and low historical spending are increasing churn risk.
17644.0,0.20360386,Tenure,0.0011471714824438095,None,0.0,Short customer tenure is increasing churn risk.
17646.0,0.19554989,None,0.0,None,0.0,No major behavioral factor is increasing the model's churn risk.
17647.0,0.56872654,Monetary,0.18802328407764435,Recency,0.17520727217197418,Low historical spending and long time since last purchase are increasing churn risk.
17649.0,0.4256461,Purchase_Interval_Std,0.1784611940383911,Tenure,0.013345982879400253,Irregular purchase behavior and short customer tenure are increasing churn risk.
17651.0,0.311177,Purchase_Interval_Std,0.11108158528804779,Tenure,0.08003769814968109,Irregular purchase behavior and short customer tenure are increasing churn risk.
17660.0,0.59062093,Monetary,0.23220308125019073,Recency,0.16511359810829163,Low historical spending and long time since last purchase are increasing churn risk.
17662.0,0.52999,Recency,0.18363001942634583,Monetary,0.14514440298080444,Long time since last purchase and low historical spending are increasing churn risk.
17663.0,0.19772062,Tenure,0.0011471714824438095,None,0.0,Short customer tenure is increasing churn risk.
17664.0,0.4399365,Purchase_Interval_Std,0.1784611940383911,Frequency,0.01622084341943264,Irregular purchase behavior and low purchase frequency are increasing churn risk.
17665.0,0.47671506,Purchase_Interval_Std,0.18607911467552185,Frequency,0.15961045026779175,Irregular purchase behavior and low purchase frequency are increasing churn risk.
17666.0,0.2885004,Tenure,0.024449503049254417,Frequency,0.007665798533707857,Short customer tenure and low purchase frequency are increasing churn risk.
17667.0,0.2932764,Frequency,0.013972442597150803,None,0.0,Low purchase frequency is increasing churn risk.
17669.0,0.27334228,Tenure,0.0155935138463974,Frequency,0.01425216905772686,Short customer tenure and low purchase frequency are increasing churn risk.
17672.0,0.44833127,Recency,0.21398603916168213,Purchase_Interval_Std,0.12195201963186264,Long time since last purchase and irregular purchase behavior are increasing churn risk.
17673.0,0.21183147,Tenure,0.018745340406894684,None,0.0,Short customer tenure is increasing churn risk.
17675.0,0.1926174,None,0.0,None,0.0,No major behavioral factor is increasing the model's churn risk.
17676.0,0.2885004,Frequency,0.016521785408258438,Tenure,0.0155935138463974,Low purchase frequency and short customer tenure are increasing churn risk.
17677.0,0.1926174,None,0.0,None,0.0,No major behavioral factor is increasing the model's churn risk.
17678.0,0.5651764,Recency,0.16204257309436798,Monetary,0.14042308926582336,Long time since last purchase and low historical spending are increasing churn risk.
17679.0,0.23632151,None,0.0,None,0.0,No major behavioral factor is increasing the model's churn risk.
17680.0,0.5508459,Monetary,0.20430518686771393,Purchase_Interval_Std,0.199734166264534,Low historical spending and irregular purchase behavior are increasing churn risk.
17681.0,0.41162962,Recency,0.4049733281135559,Tenure,0.005297718569636345,Long time since last purchase and short customer tenure are increasing churn risk.
17682.0,0.26023102,None,0.0,None,0.0,No major behavioral factor is increasing the model's churn risk.
17683.0,0.43158832,Purchase_Interval_Std,0.17306172847747803,Frequency,0.011586634442210197,Irregular purchase behavior and low purchase frequency are increasing churn risk.
17685.0,0.35350826,Purchase_Interval_Std,0.0578005276620388,None,0.0,Irregular purchase behavior is increasing churn risk.
17686.0,0.46338916,Purchase_Interval_Std,0.18338613212108612,Frequency,0.18146167695522308,Irregular purchase behavior and low purchase frequency are increasing churn risk.
17689.0,0.5616394,Monetary,0.25013455748558044,Purchase_Interval_Std,0.21122625470161438,Low historical spending and irregular purchase behavior are increasing churn risk.
17690.0,0.4463062,Recency,0.2016851156949997,Purchase_Interval_Std,0.11924552917480469,Long time since last purchase and irregular purchase behavior are increasing churn risk.
17691.0,0.56300586,Purchase_Interval_Std,0.2058267891407013,Monetary,0.20540471374988556,Irregular purchase behavior and low historical spending are increasing churn risk.
17692.0,0.22968258,Tenure,0.05610229820013046,None,0.0,Short customer tenure is increasing churn risk.
17694.0,0.4062956,Purchase_Interval_Std,0.17576822638511658,Frequency,0.03815743327140808,Irregular purchase behavior and low purchase frequency are increasing churn risk.
17695.0,0.4256461,Purchase_Interval_Std,0.1784611940383911,Frequency,0.01622084341943264,Irregular purchase behavior and low purchase frequency are increasing churn risk.
17696.0,0.1926174,None,0.0,None,0.0,No major behavioral factor is increasing the model's churn risk.
17699.0,0.4972824,Purchase_Interval_Std,0.19053399562835693,Monetary,0.15995799005031586,Irregular purchase behavior and low historical spending are increasing churn risk.
17700.0,0.19554989,None,0.0,None,0.0,No major behavioral factor is increasing the model's churn risk.
17705.0,0.51629454,Purchase_Interval_Std,0.2017013281583786,Monetary,0.18949514627456665,Irregular purchase behavior and low historical spending are increasing churn risk.
17706.0,0.20951004,Tenure,0.0011471714824438095,None,0.0,Short customer tenure is increasing churn risk.
17707.0,0.36788335,Monetary,0.24486766755580902,AOV,0.2069629728794098,Low historical spending and low average order value are increasing churn risk.
17709.0,0.3241124,Monetary,0.009374581277370453,Tenure,0.004373071249574423,Low historical spending and short customer tenure are increasing churn risk.
17713.0,0.43638772,Purchase_Interval_Std,0.1784611940383911,Frequency,0.011586634442210197,Irregular purchase behavior and low purchase frequency are increasing churn risk.
17714.0,0.29153058,Tenure,0.022465260699391365,Frequency,0.009650038555264473,Short customer tenure and low purchase frequency are increasing churn risk.
17715.0,0.58060074,Monetary,0.2227637767791748,Purchase_Interval_Std,0.16320064663887024,Low historical spending and irregular purchase behavior are increasing churn risk.
17716.0,0.19554989,None,0.0,None,0.0,No major behavioral factor is increasing the model's churn risk.
17718.0,0.5673274,Recency,0.16204257309436798,Monetary,0.14526508748531342,Long time since last purchase and low historical spending are increasing churn risk.
17720.0,0.31260088,Tenure,0.010777851566672325,None,0.0,Short customer tenure is increasing churn risk.
17721.0,0.57331216,Recency,0.18132317066192627,Monetary,0.147288978099823,Long time since last purchase and low historical spending are increasing churn risk.
17726.0,0.3915239,Monetary,0.18291965126991272,Tenure,0.0013016442535445094,Low historical spending and short customer tenure are increasing churn risk.
17729.0,0.55822635,Purchase_Interval_Std,0.14444349706172943,Frequency,0.1368233561515808,Irregular purchase behavior and low purchase frequency are increasing churn risk.
17730.0,0.26517236,Tenure,0.02022772654891014,None,0.0,Short customer tenure is increasing churn risk.
17731.0,0.47212216,Recency,0.17502643167972565,Purchase_Interval_Std,0.11924552917480469,Long time since last purchase and irregular purchase behavior are increasing churn risk.
17732.0,0.3593604,Purchase_Interval_Std,0.0578005276620388,Tenure,0.02279585786163807,Irregular purchase behavior and short customer tenure are increasing churn risk.
17734.0,0.3301737,Tenure,0.0013016442535445094,None,0.0,Short customer tenure is increasing churn risk.
17735.0,0.4399365,Purchase_Interval_Std,0.1784611940383911,Tenure,0.013345982879400253,Irregular purchase behavior and short customer tenure are increasing churn risk.
17738.0,0.27536586,Recency,0.12303950637578964,Tenure,0.018745340406894684,Long time since last purchase and short customer tenure are increasing churn risk.
17739.0,0.19554989,None,0.0,None,0.0,No major behavioral factor is increasing the model's churn risk.
17740.0,0.42909902,Monetary,0.18756864964962006,AOV,0.18452557921409607,Low historical spending and low average order value are increasing churn risk.
17741.0,0.63015354,Monetary,0.31689584255218506,Purchase_Interval_Std,0.20622165501117706,Low historical spending and irregular purchase behavior are increasing churn risk.
17742.0,0.2076267,None,0.0,None,0.0,No major behavioral factor is increasing the model's churn risk.
17745.0,0.4399365,Purchase_Interval_Std,0.1784611940383911,Frequency,0.011586634442210197,Irregular purchase behavior and low purchase frequency are increasing churn risk.
17746.0,0.3056411,Tenure,0.0155935138463974,Frequency,0.013972442597150803,Short customer tenure and low purchase frequency are increasing churn risk.
17748.0,0.5432114,Purchase_Interval_Std,0.19275245070457458,Frequency,0.15633250772953033,Irregular purchase behavior and low purchase frequency are increasing churn risk.
17749.0,0.5432114,Purchase_Interval_Std,0.19275245070457458,Frequency,0.15249210596084595,Irregular purchase behavior and low purchase frequency are increasing churn risk.
17753.0,0.41522208,Monetary,0.21290281414985657,AOV,0.16614404320716858,Low historical spending and low average order value are increasing churn risk.
17754.0,0.20301208,None,0.0,None,0.0,No major behavioral factor is increasing the model's churn risk.
17757.0,0.20453012,AOV,0.01444518007338047,Tenure,0.0011471714824438095,Low average order value and short customer tenure are increasing churn risk.
17758.0,0.53883296,Purchase_Interval_Std,0.19275245070457458,Frequency,0.15249210596084595,Irregular purchase behavior and low purchase frequency are increasing churn risk.
17759.0,0.6092529,Monetary,0.30454015731811523,Purchase_Interval_Std,0.19625529646873474,Low historical spending and irregular purchase behavior are increasing churn risk.
17760.0,0.53376395,Recency,0.3234090805053711,Monetary,0.19524972140789032,Long time since last purchase and low historical spending are increasing churn risk.
17762.0,0.5961112,Monetary,0.3374204933643341,Purchase_Interval_Std,0.22306248545646667,Low historical spending and irregular purchase behavior are increasing churn risk.
17763.0,0.60330975,Monetary,0.3133498430252075,Recency,0.20508787035942078,Low historical spending and long time since last purchase are increasing churn risk.
17764.0,0.44824508,Purchase_Interval_Std,0.17119356989860535,Recency,0.015350338071584702,Irregular purchase behavior and long time since last purchase are increasing churn risk.
17768.0,0.45483696,Recency,0.3536258041858673,None,0.0,Long time since last purchase is increasing churn risk.
17769.0,0.30896991,Recency,0.0801490843296051,None,0.0,Long time since last purchase is increasing churn risk.
17771.0,0.6373977,Monetary,0.3177296817302704,Purchase_Interval_Std,0.18683041632175446,Low historical spending and irregular purchase behavior are increasing churn risk.
17773.0,0.4421283,Purchase_Interval_Std,0.17306172847747803,Frequency,0.01622084341943264,Irregular purchase behavior and low purchase frequency are increasing churn risk.
17774.0,0.26185107,None,0.0,None,0.0,No major behavioral factor is increasing the model's churn risk.
17776.0,0.5852814,Monetary,0.18688896298408508,Recency,0.18132317066192627,Low historical spending and long time since last purchase are increasing churn risk.
17778.0,0.5852814,Monetary,0.18688896298408508,Recency,0.18132317066192627,Low historical spending and long time since last purchase are increasing churn risk.
17780.0,0.48658824,Recency,0.34624621272087097,Monetary,0.1690414547920227,Long time since last purchase and low historical spending are increasing churn risk.
17783.0,0.6258776,Monetary,0.3406812846660614,Purchase_Interval_Std,0.210213765501976,Low historical spending and irregular purchase behavior are increasing churn risk.
17784.0,0.60051006,Monetary,0.3037063181400299,Purchase_Interval_Std,0.2176630198955536,Low historical spending and irregular purchase behavior are increasing churn risk.
17785.0,0.60051006,Monetary,0.3037063181400299,Purchase_Interval_Std,0.2176630198955536,Low historical spending and irregular purchase behavior are increasing churn risk.
17789.0,0.59278005,Monetary,0.21177391707897186,Recency,0.18132317066192627,Low historical spending and long time since last purchase are increasing churn risk.
17790.0,0.31083933,Tenure,0.010777851566672325,Monetary,0.009374581277370453,Short customer tenure and low historical spending are increasing churn risk.
17792.0,0.49913996,Purchase_Interval_Std,0.19053399562835693,Monetary,0.16738829016685486,Irregular purchase behavior and low historical spending are increasing churn risk.
17794.0,0.6183132,Monetary,0.3243993818759918,Recency,0.16819022595882416,Low historical spending and long time since last purchase are increasing churn risk.
17797.0,0.30896991,Recency,0.08194778114557266,None,0.0,Long time since last purchase is increasing churn risk.
17798.0,0.5746302,Monetary,0.2062385380268097,Purchase_Interval_Std,0.1864355504512787,Low historical spending and irregular purchase behavior are increasing churn risk.
17799.0,0.19554989,None,0.0,None,0.0,No major behavioral factor is increasing the model's churn risk.
17801.0,0.45092383,Purchase_Interval_Std,0.17306172847747803,Recency,0.016569549217820168,Irregular purchase behavior and long time since last purchase are increasing churn risk.
17802.0,0.2155292,None,0.0,None,0.0,No major behavioral factor is increasing the model's churn risk.
17804.0,0.5108885,Purchase_Interval_Std,0.1924172043800354,Monetary,0.16782699525356293,Irregular purchase behavior and low historical spending are increasing churn risk.
17805.0,0.5673274,Recency,0.165321484208107,Frequency,0.14238299429416656,Long time since last purchase and low purchase frequency are increasing churn risk.
17807.0,0.51139116,Purchase_Interval_Std,0.16406910121440887,Monetary,0.14772991836071014,Irregular purchase behavior and low historical spending are increasing churn risk.
17808.0,0.42909902,Monetary,0.18798285722732544,AOV,0.18452557921409607,Low historical spending and low average order value are increasing churn risk.
17809.0,0.19735877,None,0.0,None,0.0,No major behavioral factor is increasing the model's churn risk.
17810.0,0.52999,Recency,0.18363001942634583,Monetary,0.14514440298080444,Long time since last purchase and low historical spending are increasing churn risk.
17812.0,0.6095833,Monetary,0.3109104037284851,Purchase_Interval_Std,0.2199396938085556,Low historical spending and irregular purchase behavior are increasing churn risk.
17816.0,0.6183132,Monetary,0.3243993818759918,Recency,0.16819022595882416,Low historical spending and long time since last purchase are increasing churn risk.
17818.0,0.6215851,Monetary,0.3100755512714386,Recency,0.16511359810829163,Low historical spending and long time since last purchase are increasing churn risk.
17819.0,0.3335837,Recency,0.1992635428905487,None,0.0,Long time since last purchase is increasing churn risk.
17822.0,0.4303596,Purchase_Interval_Std,0.17576822638511658,Recency,0.04894430190324783,Irregular purchase behavior and long time since last purchase are increasing churn risk.
17825.0,0.4462031,Recency,0.3516826033592224,Tenure,0.0009538417216390371,Long time since last purchase and short customer tenure are increasing churn risk.
17827.0,0.5673274,Recency,0.165321484208107,Frequency,0.14238299429416656,Long time since last purchase and low purchase frequency are increasing churn risk.
17829.0,0.38242462,Purchase_Interval_Std,0.18868541717529297,Frequency,0.040522027760744095,Irregular purchase behavior and low purchase frequency are increasing churn risk.
17833.0,0.57331216,Recency,0.18132317066192627,Monetary,0.147288978099823,Long time since last purchase and low historical spending are increasing churn risk.
17838.0,0.2017988,Tenure,0.018745340406894684,None,0.0,Short customer tenure is increasing churn risk.
17841.0,0.26507217,Purchase_Interval_Std,0.10818097740411758,None,0.0,Irregular purchase behavior is increasing churn risk.
17842.0,0.55822635,Recency,0.14582781493663788,Frequency,0.1390601098537445,Long time since last purchase and low purchase frequency are increasing churn risk.
17845.0,0.3433096,Recency,0.04777432233095169,Tenure,0.010777851566672325,Long time since last purchase and short customer tenure are increasing churn risk.
17847.0,0.59972733,Monetary,0.3466576039791107,Purchase_Interval_Std,0.19860373437404633,Low historical spending and irregular purchase behavior are increasing churn risk.
17848.0,0.19838634,None,0.0,None,0.0,No major behavioral factor is increasing the model's churn risk.
17849.0,0.32094577,Monetary,0.014216579496860504,Tenure,0.0013016442535445094,Low historical spending and short customer tenure are increasing churn risk.
17850.0,0.19533356,None,0.0,None,0.0,No major behavioral factor is increasing the model's churn risk.
17851.0,0.23971632,None,0.0,None,0.0,No major behavioral factor is increasing the model's churn risk.
17852.0,0.52766174,Recency,0.18066048622131348,Monetary,0.14514440298080444,Long time since last purchase and low historical spending are increasing churn risk.
17853.0,0.38854957,Purchase_Interval_Std,0.17929953336715698,Frequency,0.04398369416594505,Irregular purchase behavior and low purchase frequency are increasing churn risk.
17854.0,0.31176075,None,0.0,None,0.0,No major behavioral factor is increasing the model's churn risk.
17857.0,0.5159062,Recency,0.1759984940290451,Frequency,0.14094135165214539,Long time since last purchase and low purchase frequency are increasing churn risk.
17858.0,0.1926174,None,0.0,None,0.0,No major behavioral factor is increasing the model's churn risk.
17860.0,0.5524852,Monetary,0.18802328407764435,Recency,0.1803511083126068,Low historical spending and long time since last purchase are increasing churn risk.
17861.0,0.20138475,None,0.0,None,0.0,No major behavioral factor is increasing the model's churn risk.
17862.0,0.5744058,Monetary,0.24165496230125427,Purchase_Interval_Std,0.20813392102718353,Low historical spending and irregular purchase behavior are increasing churn risk.
17863.0,0.27552417,None,0.0,None,0.0,No major behavioral factor is increasing the model's churn risk.
17865.0,0.1926174,None,0.0,None,0.0,No major behavioral factor is increasing the model's churn risk.
17866.0,0.39112446,Purchase_Interval_Std,0.1784611940383911,Frequency,0.04398369416594505,Irregular purchase behavior and low purchase frequency are increasing churn risk.
17867.0,0.36249796,Monetary,0.2386859655380249,AOV,0.2069629728794098,Low historical spending and low average order value are increasing churn risk.
17869.0,0.49913996,Purchase_Interval_Std,0.19053399562835693,Monetary,0.16738829016685486,Irregular purchase behavior and low historical spending are increasing churn risk.
17871.0,0.4596538,Purchase_Interval_Std,0.15199629962444305,Recency,0.07502089440822601,Irregular purchase behavior and long time since last purchase are increasing churn risk.
17873.0,0.1926174,None,0.0,None,0.0,No major behavioral factor is increasing the model's churn risk.
17875.0,0.59585446,Monetary,0.22278957068920135,Recency,0.18132317066192627,Low historical spending and long time since last purchase are increasing churn risk.
17876.0,0.44319242,Recency,0.1944923847913742,Purchase_Interval_Std,0.12195201963186264,Long time since last purchase and irregular purchase behavior are increasing churn risk.
17880.0,0.52390224,Recency,0.16434940695762634,Monetary,0.14312049746513367,Long time since last purchase and low historical spending are increasing churn risk.
17883.0,0.40009707,Monetary,0.17043595016002655,AOV,0.02035628631711006,Low historical spending and low average order value are increasing churn risk.
17884.0,0.20455916,None,0.0,None,0.0,No major behavioral factor is increasing the model's churn risk.
17886.0,0.5016905,Purchase_Interval_Std,0.19053399562835693,Monetary,0.17576830089092255,Irregular purchase behavior and low historical spending are increasing churn risk.
17888.0,0.24251351,AOV,0.1821065992116928,None,0.0,Low average order value is increasing churn risk.
17889.0,0.6445749,Monetary,0.3163991868495941,Purchase_Interval_Std,0.15240545570850372,Low historical spending and irregular purchase behavior are increasing churn risk.
17894.0,0.59350455,Monetary,0.3374204933643341,Purchase_Interval_Std,0.22104600071907043,Low historical spending and irregular purchase behavior are increasing churn risk.
17897.0,0.2415698,Tenure,0.05610229820013046,None,0.0,Short customer tenure is increasing churn risk.
17898.0,0.60051006,Monetary,0.3037063181400299,Purchase_Interval_Std,0.2176630198955536,Low historical spending and irregular purchase behavior are increasing churn risk.
17901.0,0.59972733,Monetary,0.3376276195049286,Purchase_Interval_Std,0.19860373437404633,Low historical spending and irregular purchase behavior are increasing churn risk.
17902.0,0.5553701,Purchase_Interval_Std,0.199734166264534,Monetary,0.18051978945732117,Irregular purchase behavior and low historical spending are increasing churn risk.
17905.0,0.24627881,Recency,0.04503363370895386,Tenure,0.0011471714824438095,Long time since last purchase and short customer tenure are increasing churn risk.
17907.0,0.5673274,Recency,0.16204257309436798,Monetary,0.14526508748531342,Long time since last purchase and low historical spending are increasing churn risk.
17908.0,0.31636584,Tenure,0.00010959382052533329,None,0.0,Short customer tenure is increasing churn risk.
17909.0,0.61903775,Monetary,0.3100755512714386,Recency,0.16511359810829163,Low historical spending and long time since last purchase are increasing churn risk.
17910.0,0.57745117,Recency,0.18132317066192627,Monetary,0.1610158234834671,Long time since last purchase and low historical spending are increasing churn risk.
17913.0,0.1926174,None,0.0,None,0.0,No major behavioral factor is increasing the model's churn risk.
17915.0,0.5553701,Purchase_Interval_Std,0.199734166264534,Monetary,0.18051978945732117,Irregular purchase behavior and low historical spending are increasing churn risk.
17916.0,0.61031306,Monetary,0.32237550616264343,AOV,0.15362296998500824,Low historical spending and low average order value are increasing churn risk.
17918.0,0.47595426,Monetary,0.17700515687465668,Purchase_Interval_Std,0.11673083156347275,Low historical spending and irregular purchase behavior are increasing churn risk.
17920.0,0.1926174,None,0.0,None,0.0,No major behavioral factor is increasing the model's churn risk.
17921.0,0.3049728,Tenure,0.02279585786163807,Frequency,0.006406504660844803,Short customer tenure and low purchase frequency are increasing churn risk.
17922.0,0.56300586,Purchase_Interval_Std,0.2058267891407013,Monetary,0.20540471374988556,Irregular purchase behavior and low historical spending are increasing churn risk.
17923.0,0.50378954,Purchase_Interval_Std,0.18665079772472382,Monetary,0.151838481426239,Irregular purchase behavior and low historical spending are increasing churn risk.
17926.0,0.5016905,Purchase_Interval_Std,0.19053399562835693,Monetary,0.17576830089092255,Irregular purchase behavior and low historical spending are increasing churn risk.
17927.0,0.57331216,Recency,0.18132317066192627,Monetary,0.147288978099823,Long time since last purchase and low historical spending are increasing churn risk.
17928.0,0.60051006,Monetary,0.3037063181400299,Purchase_Interval_Std,0.1984473615884781,Low historical spending and irregular purchase behavior are increasing churn risk.
17929.0,0.27219662,None,0.0,None,0.0,No major behavioral factor is increasing the model's churn risk.
17930.0,0.20546821,Tenure,0.0011471714824438095,None,0.0,Short customer tenure is increasing churn risk.
17931.0,0.19476347,Tenure,0.0011471714824438095,None,0.0,Short customer tenure is increasing churn risk.
17933.0,0.62369657,Monetary,0.3032096326351166,Purchase_Interval_Std,0.16384682059288025,Low historical spending and irregular purchase behavior are increasing churn risk.
17935.0,0.54143614,Monetary,0.18599937856197357,Recency,0.15810096263885498,Low historical spending and long time since last purchase are increasing churn risk.
17940.0,0.26114747,Recency,0.13164496421813965,None,0.0,Long time since last purchase is increasing churn risk.
17941.0,0.4027914,Recency,0.32078102231025696,Frequency,0.014167936518788338,Long time since last purchase and low purchase frequency are increasing churn risk.
17945.0,0.54564744,Recency,0.21439717710018158,Monetary,0.14762747287750244,Long time since last purchase and low historical spending are increasing churn risk.
17949.0,0.1926174,None,0.0,None,0.0,No major behavioral factor is increasing the model's churn risk.
17950.0,0.34830204,Tenure,0.00010959382052533329,None,0.0,Short customer tenure is increasing churn risk.
17952.0,0.49913996,Purchase_Interval_Std,0.18513453006744385,Monetary,0.13659580051898956,Irregular purchase behavior and low historical spending are increasing churn risk.
17953.0,0.5705336,Monetary,0.22875559329986572,Purchase_Interval_Std,0.20813392102718353,Low historical spending and irregular purchase behavior are increasing churn risk.
17954.0,0.26985437,Recency,0.12303950637578964,None,0.0,Long time since last purchase is increasing churn risk.
17955.0,0.52999,Recency,0.18363001942634583,Monetary,0.14514440298080444,Long time since last purchase and low historical spending are increasing churn risk.
17958.0,0.52020276,Recency,0.19167225062847137,Frequency,0.14213339984416962,Long time since last purchase and low purchase frequency are increasing churn risk.
17959.0,0.6069324,Monetary,0.30063626170158386,Purchase_Interval_Std,0.1688113957643509,Low historical spending and irregular purchase behavior are increasing churn risk.
17960.0,0.59972733,Monetary,0.34246963262557983,Purchase_Interval_Std,0.19860373437404633,Low historical spending and irregular purchase behavior are increasing churn risk.
17961.0,0.24251351,AOV,0.1821065992116928,None,0.0,Low average order value is increasing churn risk.
17962.0,0.36072865,Recency,0.016918927431106567,Tenure,0.0013016442535445094,Long time since last purchase and short customer tenure are increasing churn risk.
17963.0,0.32096246,Monetary,0.0016742097213864326,Tenure,0.0013016442535445094,Low historical spending and short customer tenure are increasing churn risk.
17965.0,0.1926174,None,0.0,None,0.0,No major behavioral factor is increasing the model's churn risk.
17966.0,0.35917398,Recency,0.4064386188983917,Tenure,0.001991419354453683,Long time since last purchase and short customer tenure are increasing churn risk.
17968.0,0.59350455,Monetary,0.32749173045158386,Purchase_Interval_Std,0.21564653515815735,Low historical spending and irregular purchase behavior are increasing churn risk.
17969.0,0.20230348,AOV,0.01444518007338047,None,0.0,Low average order value is increasing churn risk.
17971.0,0.5705336,Monetary,0.22583387792110443,Purchase_Interval_Std,0.20813392102718353,Low historical spending and irregular purchase behavior are increasing churn risk.
17975.0,0.51359314,Purchase_Interval_Std,0.19968484342098236,Monetary,0.18949514627456665,Irregular purchase behavior and low historical spending are increasing churn risk.
17978.0,0.529754,Recency,0.17738157510757446,Monetary,0.14842329919338226,Long time since last purchase and low historical spending are increasing churn risk.
17982.0,0.6246044,Monetary,0.3100755512714386,Recency,0.18132317066192627,Low historical spending and long time since last purchase are increasing churn risk.
17984.0,0.43727106,Purchase_Interval_Std,0.17659303545951843,Frequency,0.01741289347410202,Irregular purchase behavior and low purchase frequency are increasing churn risk.
17987.0,0.5553701,Purchase_Interval_Std,0.199734166264534,Monetary,0.18051978945732117,Irregular purchase behavior and low historical spending are increasing churn risk.
17988.0,0.3835857,Monetary,0.2470659762620926,AOV,0.2069629728794098,Low historical spending and low average order value are increasing churn risk.
17990.0,0.45092383,Purchase_Interval_Std,0.17306172847747803,Recency,0.015350338071584702,Irregular purchase behavior and long time since last purchase are increasing churn risk.
17991.0,0.56704146,Monetary,0.17744968831539154,Purchase_Interval_Std,0.1548008769750595,Low historical spending and irregular purchase behavior are increasing churn risk.
17993.0,0.5793413,Monetary,0.18002305924892426,Recency,0.16204257309436798,Low historical spending and long time since last purchase are increasing churn risk.
17994.0,0.21830869,Tenure,0.018745340406894684,None,0.0,Short customer tenure is increasing churn risk.
17996.0,0.51359314,Purchase_Interval_Std,0.19428536295890808,Monetary,0.15578092634677887,Irregular purchase behavior and low historical spending are increasing churn risk.
17998.0,0.5216602,Recency,0.16414153575897217,Monetary,0.14842329919338226,Long time since last purchase and low historical spending are increasing churn risk.
18000.0,0.60051006,Monetary,0.3037063181400299,Purchase_Interval_Std,0.2176630198955536,Low historical spending and irregular purchase behavior are increasing churn risk.
18001.0,0.5010834,Purchase_Interval_Std,0.18478263914585114,Monetary,0.1468961089849472,Irregular purchase behavior and low historical spending are increasing churn risk.
18002.0,0.43372187,Monetary,0.22473999857902527,AOV,0.18452557921409607,Low historical spending and low average order value are increasing churn risk.
18006.0,0.52390224,Recency,0.16107049584388733,Monetary,0.1463993936777115,Long time since last purchase and low historical spending are increasing churn risk.
18008.0,0.1926174,None,0.0,None,0.0,No major behavioral factor is increasing the model's churn risk.
18009.0,0.2603913,Recency,0.11387474089860916,Tenure,0.0011471714824438095,Long time since last purchase and short customer tenure are increasing churn risk.
18011.0,0.5432114,Purchase_Interval_Std,0.19275245070457458,Frequency,0.15249210596084595,Irregular purchase behavior and low purchase frequency are increasing churn risk.
18012.0,0.629411,Monetary,0.3100755512714386,Recency,0.18132317066192627,Low historical spending and long time since last purchase are increasing churn risk.
18016.0,0.5852814,Monetary,0.18688896298408508,Recency,0.18132317066192627,Low historical spending and long time since last purchase are increasing churn risk.
18020.0,0.5607686,Purchase_Interval_Std,0.2041287124156952,Monetary,0.19801472127437592,Irregular purchase behavior and low historical spending are increasing churn risk.
18021.0,0.5243245,Monetary,0.20791730284690857,Purchase_Interval_Std,0.2029145210981369,Low historical spending and irregular purchase behavior are increasing churn risk.
18022.0,0.5553701,Purchase_Interval_Std,0.199734166264534,Monetary,0.18051978945732117,Irregular purchase behavior and low historical spending are increasing churn risk.
18025.0,0.45092383,Purchase_Interval_Std,0.17306172847747803,Recency,0.016569549217820168,Irregular purchase behavior and long time since last purchase are increasing churn risk.
18026.0,0.39721668,Purchase_Interval_Std,0.18868541717529297,Frequency,0.03591989725828171,Irregular purchase behavior and low purchase frequency are increasing churn risk.
18028.0,0.57240736,Monetary,0.19884854555130005,Purchase_Interval_Std,0.18473747372627258,Low historical spending and irregular purchase behavior are increasing churn risk.
18029.0,0.5655026,Recency,0.165321484208107,Frequency,0.14238299429416656,Long time since last purchase and low purchase frequency are increasing churn risk.
18036.0,0.21984495,None,0.0,None,0.0,No major behavioral factor is increasing the model's churn risk.
18037.0,0.4227843,Monetary,0.30642589926719666,AOV,0.2069629728794098,Low historical spending and low average order value are increasing churn risk.
18038.0,0.5905145,Monetary,0.3037063181400299,Purchase_Interval_Std,0.20971009135246277,Low historical spending and irregular purchase behavior are increasing churn risk.
18039.0,0.3755931,Monetary,0.16205593943595886,Tenure,0.0013016442535445094,Low historical spending and short customer tenure are increasing churn risk.
18041.0,0.19476347,Tenure,0.0011471714824438095,None,0.0,Short customer tenure is increasing churn risk.
18042.0,0.60051006,Monetary,0.30662801861763,Purchase_Interval_Std,0.2176630198955536,Low historical spending and irregular purchase behavior are increasing churn risk.
18044.0,0.34208795,Recency,0.012123855762183666,Tenure,0.010777851566672325,Long time since last purchase and short customer tenure are increasing churn risk.
18046.0,0.58466643,Monetary,0.20236001908779144,Recency,0.16204257309436798,Low historical spending and long time since last purchase are increasing churn risk.
18048.0,0.5508459,Monetary,0.21423396468162537,Purchase_Interval_Std,0.20513363182544708,Low historical spending and irregular purchase behavior are increasing churn risk.
18049.0,0.55912626,Monetary,0.15157653391361237,Purchase_Interval_Std,0.15103356540203094,Low historical spending and irregular purchase behavior are increasing churn risk.
18051.0,0.4005983,Recency,0.37946707010269165,Purchase_Interval_Std,0.039814189076423645,Long time since last purchase and irregular purchase behavior are increasing churn risk.
18052.0,0.46953294,Purchase_Interval_Std,0.19090387225151062,Frequency,0.18093058466911316,Irregular purchase behavior and low purchase frequency are increasing churn risk.
18053.0,0.51359314,Purchase_Interval_Std,0.19428536295890808,Monetary,0.17537838220596313,Irregular purchase behavior and low historical spending are increasing churn risk.
18056.0,0.58466643,Monetary,0.1975180208683014,Recency,0.16204257309436798,Low historical spending and long time since last purchase are increasing churn risk.
18057.0,0.44584185,Recency,0.21074944734573364,Purchase_Interval_Std,0.12195201963186264,Long time since last purchase and irregular purchase behavior are increasing churn risk.
18058.0,0.4473572,Purchase_Interval_Std,0.17306172847747803,Recency,0.011774475686252117,Irregular purchase behavior and long time since last purchase are increasing churn risk.
18060.0,0.49239483,Purchase_Interval_Std,0.18067964911460876,Frequency,0.15105047821998596,Irregular purchase behavior and low purchase frequency are increasing churn risk.
18061.0,0.1926174,None,0.0,None,0.0,No major behavioral factor is increasing the model's churn risk.
18062.0,0.56005794,Purchase_Interval_Std,0.14444349706172943,Frequency,0.13982582092285156,Irregular purchase behavior and low purchase frequency are increasing churn risk.
18063.0,0.6259147,Monetary,0.3032096326351166,Purchase_Interval_Std,0.16384682059288025,Low historical spending and irregular purchase behavior are increasing churn risk.
18064.0,0.19772062,Tenure,0.0011471714824438095,None,0.0,Short customer tenure is increasing churn risk.
18065.0,0.1926174,None,0.0,None,0.0,No major behavioral factor is increasing the model's churn risk.
18069.0,0.30896991,Recency,0.0801490843296051,None,0.0,Long time since last purchase is increasing churn risk.
18070.0,0.57331216,Recency,0.18132317066192627,Monetary,0.147288978099823,Long time since last purchase and low historical spending are increasing churn risk.
18071.0,0.31552026,None,0.0,None,0.0,No major behavioral factor is increasing the model's churn risk.
18074.0,0.47671506,Purchase_Interval_Std,0.18607911467552185,Frequency,0.15961045026779175,Irregular purchase behavior and low purchase frequency are increasing churn risk.
18075.0,0.40256694,Purchase_Interval_Std,0.1784611940383911,Frequency,0.03269513323903084,Irregular purchase behavior and low purchase frequency are increasing churn risk.
18077.0,0.21984495,None,0.0,None,0.0,No major behavioral factor is increasing the model's churn risk.
18078.0,0.5673274,Recency,0.165321484208107,Frequency,0.14238299429416656,Long time since last purchase and low purchase frequency are increasing churn risk.
18079.0,0.47671506,Purchase_Interval_Std,0.18607911467552185,Frequency,0.15961045026779175,Irregular purchase behavior and low purchase frequency are increasing churn risk.
18085.0,0.5793413,Monetary,0.18002305924892426,Recency,0.16204257309436798,Low historical spending and long time since last purchase are increasing churn risk.
18087.0,0.20359695,None,0.0,None,0.0,No major behavioral factor is increasing the model's churn risk.
18091.0,0.55494606,Purchase_Interval_Std,0.1478191763162613,Frequency,0.13591241836547852,Irregular purchase behavior and low purchase frequency are increasing churn risk.
18092.0,0.2048724,None,0.0,None,0.0,No major behavioral factor is increasing the model's churn risk.
18093.0,0.29449233,Tenure,0.0155935138463974,Frequency,0.013972442597150803,Short customer tenure and low purchase frequency are increasing churn risk.
18094.0,0.27698988,Recency,0.12303950637578964,None,0.0,Long time since last purchase is increasing churn risk.
18095.0,0.43999007,Purchase_Interval_Std,0.1547027975320816,Recency,0.10938544571399689,Irregular purchase behavior and long time since last purchase are increasing churn risk.
18096.0,0.49913996,Purchase_Interval_Std,0.19053399562835693,Monetary,0.16635362803936005,Irregular purchase behavior and low historical spending are increasing churn risk.
18097.0,0.29717097,Frequency,0.015164494514465332,None,0.0,Low purchase frequency is increasing churn risk.
18100.0,0.49397182,Purchase_Interval_Std,0.18067964911460876,Frequency,0.15159770846366882,Irregular purchase behavior and low purchase frequency are increasing churn risk.
18101.0,0.629411,Monetary,0.3100755512714386,Recency,0.18132317066192627,Low historical spending and long time since last purchase are increasing churn risk.
18102.0,0.1926174,None,0.0,None,0.0,No major behavioral factor is increasing the model's churn risk.
18103.0,0.60664684,Monetary,0.3037063181400299,Purchase_Interval_Std,0.2176630198955536,Low historical spending and irregular purchase behavior are increasing churn risk.
18106.0,0.22774605,Tenure,0.0011471714824438095,None,0.0,Short customer tenure is increasing churn risk.
18108.0,0.4619247,Recency,0.14288800954818726,Purchase_Interval_Std,0.1228846088051796,Long time since last purchase and irregular purchase behavior are increasing churn risk.
18109.0,0.30775964,Tenure,0.01301538571715355,None,0.0,Short customer tenure is increasing churn risk.
18111.0,0.55494606,Purchase_Interval_Std,0.17336121201515198,Frequency,0.14977703988552094,Irregular purchase behavior and low purchase frequency are increasing churn risk.
18112.0,0.5744058,Monetary,0.24165496230125427,Purchase_Interval_Std,0.20813392102718353,Low historical spending and irregular purchase behavior are increasing churn risk.
18115.0,0.65014994,Monetary,0.32326507568359375,Recency,0.16916228830814362,Low historical spending and long time since last purchase are increasing churn risk.
18123.0,0.6258776,Monetary,0.3406812846660614,Purchase_Interval_Std,0.20622165501117706,Low historical spending and irregular purchase behavior are increasing churn risk.
18124.0,0.6022708,Monetary,0.3374204933643341,Purchase_Interval_Std,0.22306248545646667,Low historical spending and irregular purchase behavior are increasing churn risk.
18128.0,0.5406788,Purchase_Interval_Std,0.19275245070457458,Frequency,0.15249210596084595,Irregular purchase behavior and low purchase frequency are increasing churn risk.
18131.0,0.5793413,Monetary,0.18002305924892426,Recency,0.16204257309436798,Low historical spending and long time since last purchase are increasing churn risk.
18132.0,0.5508459,Monetary,0.21423396468162537,Purchase_Interval_Std,0.20513363182544708,Low historical spending and irregular purchase behavior are increasing churn risk.
18134.0,0.5168564,Purchase_Interval_Std,0.1368255615234375,Monetary,0.13569019734859467,Irregular purchase behavior and low historical spending are increasing churn risk.
18135.0,0.3755931,Monetary,0.18291965126991272,Tenure,0.0013016442535445094,Low historical spending and short customer tenure are increasing churn risk.
18137.0,0.59972733,Monetary,0.31803014874458313,Purchase_Interval_Std,0.19860373437404633,Low historical spending and irregular purchase behavior are increasing churn risk.
18140.0,0.47671506,Purchase_Interval_Std,0.18607911467552185,Frequency,0.15961045026779175,Irregular purchase behavior and low purchase frequency are increasing churn risk.
18141.0,0.5033416,Purchase_Interval_Std,0.16128841042518616,Frequency,0.14833541214466095,Irregular purchase behavior and low purchase frequency are increasing churn risk.
18144.0,0.21959394,None,0.0,None,0.0,No major behavioral factor is increasing the model's churn risk.
18145.0,0.2155292,None,0.0,None,0.0,No major behavioral factor is increasing the model's churn risk.
18148.0,0.62369657,Monetary,0.3080516457557678,Purchase_Interval_Std,0.16384682059288025,Low historical spending and irregular purchase behavior are increasing churn risk.
18149.0,0.38058713,Purchase_Interval_Std,0.1784611940383911,None,0.0,Irregular purchase behavior is increasing churn risk.
18151.0,0.40008965,Purchase_Interval_Std,0.10818102210760117,Recency,0.05136267840862274,Irregular purchase behavior and long time since last purchase are increasing churn risk.
18152.0,0.5673274,Recency,0.165321484208107,Frequency,0.14238299429416656,Long time since last purchase and low purchase frequency are increasing churn risk.
18153.0,0.5852814,Monetary,0.18688896298408508,Recency,0.18132317066192627,Low historical spending and long time since last purchase are increasing churn risk.
18154.0,0.5562555,Monetary,0.2317289113998413,Purchase_Interval_Std,0.20952817797660828,Low historical spending and irregular purchase behavior are increasing churn risk.
18157.0,0.5553701,Monetary,0.18051978945732117,Purchase_Interval_Std,0.1805184930562973,Low historical spending and irregular purchase behavior are increasing churn risk.
18162.0,0.57102484,Recency,0.18163254857063293,Monetary,0.14401008188724518,Long time since last purchase and low historical spending are increasing churn risk.
18163.0,0.49795017,Purchase_Interval_Std,0.16128841042518616,Frequency,0.14833541214466095,Irregular purchase behavior and low purchase frequency are increasing churn risk.
18166.0,0.5868716,Monetary,0.20490801334381104,Recency,0.16204257309436798,Low historical spending and long time since last purchase are increasing churn risk.
18168.0,0.20138475,None,0.0,None,0.0,No major behavioral factor is increasing the model's churn risk.
18170.0,0.3163372,Recency,0.07098431140184402,None,0.0,Long time since last purchase is increasing churn risk.
18171.0,0.26023102,None,0.0,None,0.0,No major behavioral factor is increasing the model's churn risk.
18172.0,0.1926174,None,0.0,None,0.0,No major behavioral factor is increasing the model's churn risk.
18173.0,0.5159062,Recency,0.1759984940290451,Frequency,0.14094135165214539,Long time since last purchase and low purchase frequency are increasing churn risk.
18174.0,0.64256597,Monetary,0.3163991868495941,Purchase_Interval_Std,0.15240545570850372,Low historical spending and irregular purchase behavior are increasing churn risk.
18175.0,0.59278005,Monetary,0.21177391707897186,Recency,0.18132317066192627,Low historical spending and long time since last purchase are increasing churn risk.
18177.0,0.31793848,Recency,0.051092371344566345,None,0.0,Long time since last purchase is increasing churn risk.
18178.0,0.20163372,Tenure,0.0011471714824438095,None,0.0,Short customer tenure is increasing churn risk.
18179.0,0.43419623,Purchase_Interval_Std,0.17306172847747803,Frequency,0.01850575953722,Irregular purchase behavior and low purchase frequency are increasing churn risk.
18181.0,0.36072865,Recency,0.018621427938342094,None,0.0,Long time since last purchase is increasing churn risk.
18182.0,0.5386663,Purchase_Interval_Std,0.19815191626548767,Monetary,0.17463397979736328,Irregular purchase behavior and low historical spending are increasing churn risk.
18186.0,0.57331216,Recency,0.18132317066192627,Monetary,0.147288978099823,Long time since last purchase and low historical spending are increasing churn risk.
18187.0,0.5087011,Recency,0.18611782789230347,Frequency,0.14094135165214539,Long time since last purchase and low purchase frequency are increasing churn risk.
18188.0,0.51871157,Monetary,0.14155741035938263,Purchase_Interval_Std,0.1368255615234375,Low historical spending and irregular purchase behavior are increasing churn risk.
18189.0,0.5673274,Recency,0.16204257309436798,Frequency,0.14238299429416656,Long time since last purchase and low purchase frequency are increasing churn risk.
18190.0,0.4486873,Recency,0.34952592849731445,Tenure,0.0009538417216390371,Long time since last purchase and short customer tenure are increasing churn risk.
18191.0,0.5386663,Purchase_Interval_Std,0.19815191626548767,Monetary,0.17463397979736328,Irregular purchase behavior and low historical spending are increasing churn risk.
18194.0,0.2941931,Recency,0.07788728177547455,None,0.0,Long time since last purchase is increasing churn risk.
18196.0,0.40256694,Purchase_Interval_Std,0.1784611940383911,Frequency,0.03956688195466995,Irregular purchase behavior and low purchase frequency are increasing churn risk.
18197.0,0.55973476,Monetary,0.18051978945732117,Purchase_Interval_Std,0.17866872251033783,Low historical spending and irregular purchase behavior are increasing churn risk.
18199.0,0.57331216,Recency,0.18132317066192627,Monetary,0.147288978099823,Long time since last purchase and low historical spending are increasing churn risk.
18201.0,0.5217772,Recency,0.19167225062847137,Frequency,0.14268063008785248,Long time since last purchase and low purchase frequency are increasing churn risk.
18203.0,0.5243245,Purchase_Interval_Std,0.20006915926933289,Monetary,0.1864960938692093,Irregular purchase behavior and low historical spending are increasing churn risk.
18206.0,0.5432114,Purchase_Interval_Std,0.19275245070457458,Frequency,0.15249210596084595,Irregular purchase behavior and low purchase frequency are increasing churn risk.
18207.0,0.47671506,Purchase_Interval_Std,0.18607911467552185,Frequency,0.15961045026779175,Irregular purchase behavior and low purchase frequency are increasing churn risk.
18208.0,0.5406788,Purchase_Interval_Std,0.19275245070457458,Frequency,0.15249210596084595,Irregular purchase behavior and low purchase frequency are increasing churn risk.
18212.0,0.57331216,Recency,0.18132317066192627,Monetary,0.147288978099823,Long time since last purchase and low historical spending are increasing churn risk.
18214.0,0.31294173,Recency,0.05176378786563873,Tenure,0.020558323711156845,Long time since last purchase and short customer tenure are increasing churn risk.
18215.0,0.29321256,Tenure,0.0155935138463974,Frequency,0.01556188054382801,Short customer tenure and low purchase frequency are increasing churn risk.
18217.0,0.5016905,Purchase_Interval_Std,0.18513453006744385,Monetary,0.1658395230770111,Irregular purchase behavior and low historical spending are increasing churn risk.
18218.0,0.46694142,Recency,0.1458575427532196,Purchase_Interval_Std,0.12475276738405228,Long time since last purchase and irregular purchase behavior are increasing churn risk.
18219.0,0.22020626,None,0.0,None,0.0,No major behavioral factor is increasing the model's churn risk.
18220.0,0.29028162,Frequency,0.015164494514465332,None,0.0,Low purchase frequency is increasing churn risk.
18223.0,0.1926174,None,0.0,None,0.0,No major behavioral factor is increasing the model's churn risk.
18225.0,0.1926174,None,0.0,None,0.0,No major behavioral factor is increasing the model's churn risk.
18226.0,0.19476347,Tenure,0.0011471714824438095,None,0.0,Short customer tenure is increasing churn risk.
18227.0,0.5386663,Purchase_Interval_Std,0.19815191626548767,Monetary,0.17463397979736328,Irregular purchase behavior and low historical spending are increasing churn risk.
18229.0,0.22208764,None,0.0,None,0.0,No major behavioral factor is increasing the model's churn risk.
18230.0,0.5386663,Purchase_Interval_Std,0.19275245070457458,Frequency,0.16105207800865173,Irregular purchase behavior and low purchase frequency are increasing churn risk.
18231.0,0.19476347,Tenure,0.0011471714824438095,None,0.0,Short customer tenure is increasing churn risk.
18234.0,0.56300586,Purchase_Interval_Std,0.2058267891407013,Monetary,0.20540471374988556,Irregular purchase behavior and low historical spending are increasing churn risk.
18236.0,0.38481787,Monetary,0.1880064457654953,Tenure,0.004373071249574423,Low historical spending and short customer tenure are increasing churn risk.
18238.0,0.5428734,Purchase_Interval_Std,0.19596685469150543,Monetary,0.17843204736709595,Irregular purchase behavior and low historical spending are increasing churn risk.
18241.0,0.4399365,Purchase_Interval_Std,0.1784611940383911,Frequency,0.01622084341943264,Irregular purchase behavior and low purchase frequency are increasing churn risk.
18242.0,0.31793848,Recency,0.049293674528598785,None,0.0,Long time since last purchase is increasing churn risk.
18244.0,0.5386663,Purchase_Interval_Std,0.19815191626548767,Monetary,0.17463397979736328,Irregular purchase behavior and low historical spending are increasing churn risk.
18245.0,0.19772062,Tenure,0.0011471714824438095,None,0.0,Short customer tenure is increasing churn risk.
18246.0,0.59279203,Monetary,0.2253371775150299,Recency,0.16204257309436798,Low historical spending and long time since last purchase are increasing churn risk.
18247.0,0.4972824,Purchase_Interval_Std,0.18513453006744385,Monetary,0.12624379992485046,Irregular purchase behavior and low historical spending are increasing churn risk.
18251.0,0.20724332,None,0.0,None,0.0,No major behavioral factor is increasing the model's churn risk.
18252.0,0.28179732,Recency,0.12303950637578964,None,0.0,Long time since last purchase is increasing churn risk.
18253.0,0.5673274,Recency,0.16204257309436798,Monetary,0.14526508748531342,Long time since last purchase and low historical spending are increasing churn risk.
18254.0,0.55912626,Purchase_Interval_Std,0.17657560110092163,Monetary,0.15548042953014374,Irregular purchase behavior and low historical spending are increasing churn risk.
18255.0,0.5508459,Monetary,0.21423396468162537,Purchase_Interval_Std,0.20513363182544708,Low historical spending and irregular purchase behavior are increasing churn risk.
18257.0,0.27556637,Frequency,0.016521785408258438,None,0.0,Low purchase frequency is increasing churn risk.
18258.0,0.22071517,Tenure,0.05610229820013046,None,0.0,Short customer tenure is increasing churn risk.
18259.0,0.47360152,Recency,0.19210036098957062,Purchase_Interval_Std,0.12236344814300537,Long time since last purchase and irregular purchase behavior are increasing churn risk.
18260.0,0.20301208,None,0.0,None,0.0,No major behavioral factor is increasing the model's churn risk.
18262.0,0.5721215,Monetary,0.18002305924892426,Purchase_Interval_Std,0.14591796696186066,Low historical spending and irregular purchase behavior are increasing churn risk.
18264.0,0.47312027,Purchase_Interval_Std,0.18607911467552185,Frequency,0.15961045026779175,Irregular purchase behavior and low purchase frequency are increasing churn risk.
18267.0,0.57745117,Recency,0.18132317066192627,Monetary,0.1610158234834671,Long time since last purchase and low historical spending are increasing churn risk.
18268.0,0.35832947,Recency,0.4096752107143402,None,0.0,Long time since last purchase is increasing churn risk.
18271.0,0.46261746,Recency,0.18217623233795166,Purchase_Interval_Std,0.11924552917480469,Long time since last purchase and irregular purchase behavior are increasing churn risk.
18272.0,0.4132938,Purchase_Interval_Std,0.17576822638511658,Recency,0.04672849923372269,Irregular purchase behavior and long time since last purchase are increasing churn risk.
18273.0,0.58210635,Monetary,0.2227637767791748,Purchase_Interval_Std,0.16320064663887024,Low historical spending and irregular purchase behavior are increasing churn risk.
18275.0,0.45198673,Purchase_Interval_Std,0.15199629962444305,Recency,0.09185603260993958,Irregular purchase behavior and long time since last purchase are increasing churn risk.
18276.0,0.33540288,Tenure,0.00010959382052533329,None,0.0,Short customer tenure is increasing churn risk.
18277.0,0.5016905,Purchase_Interval_Std,0.19053399562835693,Monetary,0.17576830089092255,Irregular purchase behavior and low historical spending are increasing churn risk.
18279.0,0.5508459,Monetary,0.20430518686771393,Purchase_Interval_Std,0.199734166264534,Low historical spending and irregular purchase behavior are increasing churn risk.
18281.0,0.6097833,Monetary,0.30454015731811523,Purchase_Interval_Std,0.19659759104251862,Low historical spending and irregular purchase behavior are increasing churn risk.
18283.0,0.33531088,AOV,0.022076327353715897,Monetary,0.019978243857622147,Low average order value and low historical spending are increasing churn risk.
18285.0,0.57331216,Recency,0.18460208177566528,Monetary,0.14401008188724518,Long time since last purchase and low historical spending are increasing churn risk.
18286.0,0.39112446,Purchase_Interval_Std,0.18116769194602966,Frequency,0.04398369416594505,Irregular purchase behavior and low purchase frequency are increasing churn risk.
18287.0,0.47156364,Frequency,0.1776212751865387,Purchase_Interval_Std,0.16417048871517181,Low purchase frequency and irregular purchase behavior are increasing churn risk.
